LIMIT_BAL,PAY_0,PAY_2,PAY_3,PAY_4,PAY_5,PAY_6,BILL_AMT1,BILL_AMT2,BILL_AMT3,BILL_AMT4,BILL_AMT5,BILL_AMT6,PAY_AMT1,PAY_AMT2,PAY_AMT3,PAY_AMT4,PAY_AMT5,PAY_AMT6,incumplimiento_mes_siguiente
10000,-2,-2,-2,-2,-2,-2,2778,1939,2038,1938,0,0,1939,2040,1938,0,0,0,0
10000,-2,-2,-2,-1,0,0,390,390,780,17585,18301,18663,390,780,17585,1000,667,692,1
10000,-1,-1,-1,-1,-1,-1,528,0,264,264,264,264,0,264,264,264,264,1056,1
10000,-1,-1,-1,-1,-1,-1,678,500,381,2977,1000,0,602,381,2986,1203,0,0,1
10000,-1,-1,-1,-1,-1,-1,1655,1473,390,390,540,150,1473,390,390,540,150,3780,1
10000,-1,-1,-1,-1,2,2,6517,344,0,10040,9735,10362,344,900,10040,0,790,0,0
10000,-1,-1,-1,0,0,-2,1593,1928,5797,7727,4196,0,2006,5805,4013,4217,4,12700,0
10000,-1,-1,0,0,0,0,77,7417,8459,9493,9678,9634,7417,1166,1200,300,1000,500,1
10000,-1,-1,0,0,0,0,656,8748,9644,9541,8971,9645,10128,1200,400,323,1600,300,0
10000,-1,-1,2,0,0,2,3646,7374,6714,4432,6652,6095,4000,0,2000,3000,0,3870,0
10000,-1,0,0,0,0,-2,10078,8886,8815,9600,0,0,1300,1300,1000,0,0,0,0
10000,-1,0,0,0,0,0,3671,4945,6157,7172,8048,8318,1500,1300,1124,1000,400,500,0
10000,-1,4,3,2,2,2,3305,2870,2440,2510,2641,2222,0,0,500,400,0,36,0
10000,-1,4,3,2,2,2,7501,7243,6988,6730,7463,7199,0,0,0,1000,0,3000,1
10000,-1,5,4,3,2,2,4205,4003,3800,3597,3395,4187,0,0,0,0,1000,0,1
10000,0,-1,-1,0,0,0,9459,231,3364,6129,9009,9188,231,5000,3000,3000,329,340,0
10000,0,-1,0,0,0,0,10000,7419,7392,8265,8631,17974,7419,1400,1000,500,500,500,0
10000,0,-1,0,0,0,0,14896,12011,7929,7693,6838,3486,7000,4000,207,229,70,0,0
10000,0,0,-2,-2,-1,-1,10400,0,0,0,400,0,5275,0,0,400,0,2400,0
10000,0,0,-1,0,0,-2,7418,8080,780,780,0,0,1000,780,0,600,0,0,0
10000,0,0,-1,0,0,-2,8634,3192,1352,13352,0,0,1000,676,6000,120,0,0,0
10000,0,0,-1,0,0,0,9135,0,1912,3071,4012,9882,0,1912,1200,1000,1000,1000,0
10000,0,0,0,-1,0,0,9363,9990,-10,6390,6682,7271,1000,0,6400,400,700,500,0
10000,0,0,0,0,-1,-1,2989,3454,2917,1473,390,1320,2000,1000,29,390,1320,0,1
10000,0,0,0,0,-1,-1,6930,6399,4634,5388,780,0,1065,1246,1000,780,0,390,0
10000,0,0,0,0,-1,-1,7101,8131,9024,6292,2530,6727,1307,1200,1012,2530,6727,56,1
10000,0,0,0,0,0,-2,7170,8240,8050,10400,0,0,1200,1000,150,0,0,0,0
10000,0,0,0,0,0,0,5062,5687,6132,5851,5735,6087,1259,1100,197,362,1000,1000,0
10000,0,0,0,0,0,0,5324,6509,7313,6469,6988,7489,1279,1083,500,1000,1000,142,0
10000,0,0,0,0,0,0,5642,6652,7683,9040,9222,9580,1112,1143,1500,324,500,377,0
10000,0,0,0,0,0,0,6436,6398,5295,5635,8735,6745,3012,2000,3009,4000,0,0,1
10000,0,0,0,0,0,0,6632,7095,7565,8854,9229,8376,2000,2000,2000,1000,1000,1000,0
10000,0,0,0,0,0,0,6902,7922,8939,9533,9692,9829,1142,1159,1140,692,829,1000,1
10000,0,0,0,0,0,0,6927,5313,6264,5970,7175,6032,1500,3500,1000,2000,2500,1000,0
10000,0,0,0,0,0,0,7427,8057,8749,9413,10534,10210,1200,1165,1079,1200,754,0,0
10000,0,0,0,0,0,0,7641,8557,9080,1410,9508,8997,1262,1000,1115,9329,331,1000,0
10000,0,0,0,0,0,0,7888,8987,9604,9800,10000,0,1383,1000,196,200,1000,0,0
10000,0,0,0,0,0,0,7930,7718,8518,8950,9795,3274,1200,1000,1000,1000,59,0,0
10000,0,0,0,0,0,0,8813,8464,9474,9716,9960,10188,2148,1158,400,400,400,300,0
10000,0,0,0,0,0,0,8858,9548,9540,9735,8070,0,1228,1000,195,161,0,0,0
10000,0,0,0,0,0,0,8958,8774,9461,9457,9650,7500,1147,1224,1000,193,150,0,0
10000,0,0,0,0,0,0,9073,9036,7385,7665,7817,7981,1120,1117,1127,279,289,369,0
10000,0,0,0,0,0,0,9240,9131,9601,9797,9997,7497,1230,1000,196,200,0,0,0
10000,0,0,0,0,0,0,9463,9338,10073,10059,9760,10048,1165,1200,400,520,600,500,0
10000,0,0,0,0,0,0,9592,8844,7560,7134,7280,0,1150,1166,2000,146,0,0,1
10000,0,0,0,0,0,0,9861,15147,6641,15318,8610,8790,1099,2234,1135,1086,319,319,0
10000,0,0,0,0,0,0,9984,9974,9900,9941,9250,9403,1300,1300,1041,1000,2000,464,1
10000,0,0,0,0,0,2,8109,9219,10200,9694,9684,9872,1400,1300,500,1000,500,0,0
10000,0,0,0,0,0,3,4060,2774,3764,4001,5134,4762,1300,1200,300,1200,0,0,0
10000,0,0,0,0,2,0,6470,7404,8415,9075,8785,8959,1200,1440,800,0,320,900,1
10000,0,0,0,2,0,0,8278,7888,10084,9699,9699,0,1304,2500,6,0,0,0,0
10000,0,0,0,2,2,0,7525,6952,9356,9533,9233,9295,1276,2680,477,0,360,1000,0
10000,0,0,0,2,2,0,8128,8470,10255,9389,8345,8572,1400,2500,500,0,500,2000,0
10000,0,0,0,3,2,2,4674,6422,9145,8854,8563,9918,2000,3000,0,0,1500,0,0
10000,0,0,2,0,0,0,4216,6476,6224,6347,12856,8078,2500,0,227,239,3412,0,1
10000,0,0,2,0,0,0,6696,9080,8794,9604,9604,9800,2668,0,1192,0,196,0,0
10000,0,0,2,0,0,0,7015,10227,9560,9901,9963,10182,3507,0,500,370,393,700,1
10000,0,0,2,0,0,0,10119,10188,9089,9271,9618,8516,3000,0,295,459,1500,2000,0
10000,0,0,2,2,3,2,2496,4245,4525,5450,5073,4843,1800,500,1000,0,0,800,1
10000,1,-1,-1,-1,-1,-2,-20,780,0,780,0,0,800,0,780,0,0,0,1
10000,1,-1,0,0,0,0,0,7492,8589,9365,7740,1000,7492,1224,1000,175,0,0,0
10000,1,-1,2,2,0,0,0,950,1170,780,780,0,950,1000,0,0,0,0,0
10000,1,2,0,0,0,0,5150,4922,5941,6984,7120,7267,0,1257,1300,400,410,420,0
10000,1,2,0,0,0,0,7081,6819,7996,9004,9180,9371,0,1290,1298,474,487,500,1
10000,1,2,0,0,0,0,7816,7542,8561,9571,9761,10106,0,1149,1159,349,502,200,0
10000,1,2,0,0,0,0,10171,8150,8446,8067,8227,8400,2,1281,1134,294,305,1000,0
10000,1,2,0,0,2,0,8846,8560,9706,10406,10109,10057,0,1300,1000,0,1000,1000,0
10000,1,2,2,0,0,0,4437,5355,6113,8012,8873,9229,1150,1000,2000,1000,500,500,0
10000,1,2,2,2,0,0,8925,8637,10277,9736,9704,9725,0,1800,0,500,600,500,0
10000,1,2,2,2,0,0,9503,7238,9407,8126,8838,9039,0,2310,0,1000,500,335,0
10000,1,2,2,2,0,0,12006,6367,9839,6998,3183,1151,1000,4000,0,0,0,0,0
10000,1,2,2,2,2,0,8393,9069,8019,5819,5626,5621,1000,2000,1000,0,2000,1000,0
10000,1,2,2,2,2,2,4231,5508,5271,6182,5937,6838,1500,0,1000,0,1000,0,1
10000,1,2,2,3,2,2,7229,6968,8881,8594,8312,9241,0,2035,0,0,1069,1000,1
10000,1,6,5,4,3,2,8257,8001,7741,7481,7075,6815,0,0,0,0,0,700,1
10000,2,-1,-1,-1,-1,-1,654,608,654,5954,0,1308,608,700,5954,0,1308,0,1
10000,2,0,0,0,-1,-1,9917,8660,9756,8560,780,0,1400,1800,1300,800,0,1900,1
10000,2,0,0,0,-1,0,7720,10063,9272,-8758,8989,9202,2500,1000,0,30000,500,953,1
10000,2,0,0,0,0,0,6694,7546,8345,8688,8865,9046,1124,1207,1000,177,181,0,0
10000,2,0,0,0,0,0,7568,8580,8944,8985,9301,9365,1300,1300,1300,602,350,500,0
10000,2,0,0,0,0,0,9242,9159,10004,9722,10044,9856,1315,1160,1139,1241,345,580,0
10000,2,0,0,2,2,2,5232,6410,8717,8431,9079,9110,1273,2580,0,942,321,0,1
10000,2,2,0,0,0,0,10156,8570,6101,6711,7258,7777,0,1500,2000,2000,2000,2000,0
10000,2,2,2,0,0,0,9415,8852,8297,8792,9277,9744,1000,1000,1000,1000,1000,1000,0
10000,2,2,2,0,0,2,3983,4764,5528,7420,8298,8019,1000,1000,2000,1000,0,1390,1
10000,2,2,2,2,2,0,8857,9964,9654,10348,10044,10009,1400,0,1000,0,515,344,1
10000,2,2,2,2,3,2,5833,8162,8480,9089,8658,8372,2600,600,895,0,0,764,1
10000,2,2,3,2,0,0,6795,10398,10094,9768,8430,20735,3905,0,0,300,2165,2666,1
10000,2,2,3,2,2,2,4770,9182,8893,8928,9586,9294,4505,0,334,801,0,1487,1
10000,2,2,3,3,3,3,1050,1050,1050,1050,1050,1050,0,0,0,0,0,0,1
10000,2,2,3,3,3,3,1050,1050,1050,1050,1050,1050,0,0,0,0,0,0,1
10000,2,2,3,3,3,3,1050,1050,1050,1050,1050,1050,0,0,0,0,0,0,1
10000,2,2,7,7,7,6,2400,2400,2400,2400,2400,1800,0,0,0,0,0,0,1
10000,3,2,2,2,2,2,600,600,600,600,600,2050,0,0,0,0,1450,0,1
16000,2,2,0,0,0,0,4577,4358,5366,5473,5750,6995,0,1089,196,365,1500,0,0
20000,-2,-2,-2,-2,-2,-2,-7,-7,730,1000,300,0,0,737,1060,300,0,0,0
20000,-2,-2,-2,-2,-2,-2,0,0,0,0,0,0,0,0,0,0,0,0,0
20000,-2,-2,-2,-2,-2,-2,0,0,0,0,0,0,0,0,0,0,0,0,1
20000,-2,-2,-2,-2,-2,-2,0,0,0,0,0,0,0,0,0,0,0,0,1
20000,-2,-2,-2,-2,-2,-2,0,0,0,0,0,0,0,0,0,0,0,930,0
20000,-2,-2,-2,-2,-2,-2,85,1347,3969,1855,3569,3823,1377,4122,1865,3611,3823,19386,0
20000,-2,-2,-2,-2,-2,-2,9410,7120,0,0,0,0,7120,0,0,0,0,0,0
20000,-2,-2,-2,-2,-2,-1,-9,-9,904,304,0,302,0,913,304,0,302,7676,0
20000,-2,-2,-2,-1,-1,-1,668,355,0,600,5275,841,355,0,600,5275,841,763,0
20000,-2,-2,-1,0,0,-1,-885,-885,18354,19064,19422,4390,20,21431,2300,558,4403,0,0
20000,-1,-1,-2,-2,-2,-2,2300,0,0,0,0,0,0,0,0,0,0,0,1
20000,-1,-1,-2,-2,-2,-2,4734,0,0,0,0,0,0,0,0,0,0,3187,1
20000,-1,-1,-2,-1,-1,-2,780,0,-1500,780,0,0,0,0,2280,0,0,0,0
20000,-1,-1,-1,-2,-2,-2,2500,3068,-380,-380,-380,-380,3068,0,0,0,0,0,0
20000,-1,-1,-1,-1,-1,-2,390,390,390,780,0,0,390,390,780,0,0,0,0
20000,-1,-1,-1,-1,-1,-1,1439,1261,390,540,540,540,1261,390,540,540,540,780,0
20000,-1,-1,-1,-1,-1,-1,1572,1386,999,2640,1000,0,1386,1003,2640,1000,0,0,0
20000,-1,-1,-1,-1,-1,-1,3680,0,543,780,2500,0,0,543,780,2500,0,0,0
20000,-1,-1,-1,-1,-1,-1,3808,4470,8176,7909,2948,1220,4515,8186,7913,3049,1624,3800,0
20000,-1,-1,-1,-1,-1,-1,4453,7997,6573,7422,4381,11718,8019,6779,7547,4589,12000,7556,0
20000,-1,-1,-1,-1,-1,0,2191,1140,12656,1693,303,12303,1140,12656,1700,500,12000,0,0
20000,-1,-1,-1,-1,0,-1,390,390,390,1052,662,1202,390,390,1052,0,2030,5485,0
20000,-1,-1,-1,-1,0,-1,720,100,1192,7804,6200,3982,100,1192,7807,124,3982,1156,1
20000,-1,-1,-1,-1,0,-1,1199,15586,344,2340,6702,339,15586,344,2340,4702,339,330,0
20000,-1,-1,-1,0,0,-1,17432,1165,19325,19311,18430,400,1165,19325,386,369,400,5125,0
20000,-1,-1,-1,0,0,0,1706,6354,6849,4113,3910,2547,6394,6849,82,78,51,16522,0
20000,-1,-1,-1,0,0,0,7795,4110,10269,5880,3330,4339,4112,10269,118,67,2000,2128,0
20000,-1,-1,-1,2,-1,-1,626,626,1252,626,626,776,626,1252,0,626,776,626,1
20000,-1,-1,-1,2,-1,-1,7186,3478,137,1714,17694,12237,8060,137,5199,17694,575,0,0
20000,-1,-1,0,-1,0,-1,4584,4005,5677,688,1688,61,4005,4078,1237,1000,61,0,1
20000,-1,-1,0,-1,0,0,587,2195,1758,3720,3820,0,2195,1500,3720,100,0,0,0
20000,-1,-1,2,-1,0,-1,1371,796,398,796,398,716,796,0,796,0,716,12111,0
20000,-1,-1,2,0,-1,-1,12193,11242,8015,3668,3508,5278,5015,0,0,3508,5278,780,0
20000,-1,-1,2,0,0,-1,8266,10377,5529,4482,0,2030,2313,0,0,1449,2030,1280,0
20000,-1,-1,2,0,0,0,390,1736,1170,780,780,0,1736,0,0,0,0,0,1
20000,-1,-1,2,0,0,0,8570,10651,9944,10142,9591,10400,2620,0,500,380,1000,0,0
20000,-1,-1,3,2,0,0,323,24910,22469,21780,20363,20199,26703,0,0,1000,800,1000,1
20000,-1,0,-1,-1,-1,-1,13561,13050,390,18280,2880,1600,1105,390,18280,2880,1600,0,1
20000,-1,0,-1,0,0,0,5044,3700,13181,12596,11699,2154,1011,13181,5,1033,1781,305,0
20000,-1,0,0,-2,-2,-1,3897,4774,-10,-10,-10,3990,1004,0,0,0,4000,2000,0
20000,-1,0,0,-1,0,0,6085,6607,2800,11052,10522,9150,1045,1028,11052,311,183,0,1
20000,-1,0,0,0,-1,-1,1649,2301,2840,0,1740,0,1071,1000,0,1740,0,0,0
20000,-1,0,0,0,0,0,15879,15441,9124,12915,4305,18495,4000,2000,10000,500,16000,1000,0
20000,-1,0,0,0,0,0,16582,17721,18762,19729,20134,19590,1422,1333,1300,700,1000,1000,0
20000,-1,0,0,3,2,2,3527,4556,5867,5495,5126,5899,1241,1700,0,0,1000,0,1
20000,-1,2,-1,-1,-1,-1,780,390,390,390,390,0,0,390,390,390,0,780,0
20000,-1,2,-1,0,0,0,2880,1435,1170,780,390,0,0,1170,0,0,0,780,0
20000,-1,2,-1,2,0,0,226,226,4294,2863,1583,1320,0,4294,0,0,150,0,0
20000,-1,2,0,0,0,0,19744,19137,19476,16911,11893,9583,0,1200,0,5000,1000,0,1
20000,-1,2,0,0,0,2,17990,17413,18608,19138,20690,20174,0,1502,822,2000,0,220,0
20000,-1,2,0,0,0,2,19214,15703,9914,8200,11876,4792,0,1000,0,5000,5400,13324,0
20000,-1,2,2,0,-1,-1,858,2310,1716,929,978,0,1716,0,0,978,0,0,0
20000,-1,2,2,2,0,0,3515,4301,5075,4845,6753,9615,1000,1000,0,2000,3000,2000,1
20000,0,-1,-1,-2,-2,-2,20000,1685,0,0,0,0,1685,0,0,0,0,0,0
20000,0,-1,2,0,0,-2,16828,20192,19414,19606,0,0,20192,0,392,0,0,0,1
20000,0,-1,2,0,0,2,8541,5577,5346,9984,19089,18356,5577,0,5000,10089,0,2000,0
20000,0,0,-2,-2,-2,-2,36908,0,0,0,0,0,0,0,0,0,0,0,0
20000,0,0,-1,-1,-2,-2,7286,2160,780,0,0,0,1006,780,0,0,0,0,0
20000,0,0,-1,-1,-1,-1,14765,6371,4150,988,390,1935,1000,4150,988,390,1935,1316,0
20000,0,0,-1,0,0,-2,19522,23249,16668,18389,17898,18462,4358,16730,3395,1898,1000,4674,0
20000,0,0,-1,0,0,-2,19684,11580,780,780,0,0,1000,780,0,0,0,0,0
20000,0,0,-1,0,0,0,5347,-1077,3347,4426,1906,942,5006,5000,2000,0,900,0,0
20000,0,0,-1,0,0,0,19831,1391,19037,19939,15110,0,1300,20398,1300,694,0,0,0
20000,0,0,-1,2,2,2,13521,4964,882,882,914,930,1000,900,0,182,16,0,1
20000,0,0,-1,2,2,2,17304,0,26373,26644,26079,27941,0,26373,1000,0,2300,1200,0
20000,0,0,0,-2,-2,-2,17208,18419,0,0,0,0,2055,0,0,0,0,0,0
20000,0,0,0,-2,-2,-2,19401,20650,0,0,0,0,1650,0,0,0,0,0,1
20000,0,0,0,-2,-2,-1,15610,18250,0,0,0,1000,3000,0,0,0,1000,8024,0
20000,0,0,0,-2,-2,-1,18838,15349,0,0,0,19125,1200,0,0,0,19125,1000,0
20000,0,0,0,-2,-2,-1,19446,20650,0,0,0,1000,2000,0,0,0,1000,0,0
20000,0,0,0,-1,-1,-2,19716,20518,16551,1700,0,0,1547,1350,1700,0,0,0,0
20000,0,0,0,-1,-1,-1,7678,10475,-10,190,6160,402,3347,0,200,7018,6073,15000,0
20000,0,0,0,-1,-1,0,9677,9578,12102,1473,18177,18046,4578,2795,1473,18177,2046,2615,0
20000,0,0,0,-1,0,0,18768,19684,11580,780,780,0,1714,1000,780,0,0,0,0
20000,0,0,0,0,-2,-2,14171,11136,20649,-1001,-1,-1,2000,10000,0,1000,0,0,0
20000,0,0,0,0,-2,-2,18401,19784,20650,0,0,0,2000,1650,0,0,0,0,0
20000,0,0,0,0,-1,-1,6372,2818,3734,3826,2110,2054,1100,1000,500,2110,2054,2505,0
20000,0,0,0,0,-1,-1,10470,10186,9936,10790,230,-160,1145,1546,1400,390,73,19371,0
20000,0,0,0,0,-1,-1,13881,12170,13237,10790,390,780,1218,1285,608,390,780,0,0
20000,0,0,0,0,0,-2,8624,9972,9799,9999,0,0,1500,1000,200,0,0,0,0
20000,0,0,0,0,0,-2,13864,14534,9662,8091,0,0,1242,1020,2000,0,0,0,0
20000,0,0,0,0,0,-2,17622,19996,15467,15863,0,0,3000,2000,1000,0,0,0,0
20000,0,0,0,0,0,-2,18290,20144,19106,19292,0,0,2458,1200,386,1000,0,0,0
20000,0,0,0,0,0,-2,18436,19219,6140,6140,0,0,1500,1000,0,0,0,0,0
20000,0,0,0,0,0,-1,9269,10585,11608,12313,12848,800,1477,1500,1000,1500,800,800,0
20000,0,0,0,0,0,-1,9493,10531,11557,12546,9900,1000,1500,1500,1500,800,1500,0,0
20000,0,0,0,0,0,-1,10642,11677,13070,12280,1615,1620,1200,1593,601,135,1824,0,0
20000,0,0,0,0,0,-1,15925,16883,17536,14810,9579,9940,1618,1661,1046,192,10476,2965,0
20000,0,0,0,0,0,-1,17471,14129,13937,9429,1393,2055,1400,3500,1567,162,2055,0,0
20000,0,0,0,0,0,-1,38391,20305,7992,13524,19320,8430,2608,2000,11200,9386,14500,10800,1
20000,0,0,0,0,0,0,2799,2164,1854,3296,3435,4435,2005,1200,1500,300,1000,95,0
20000,0,0,0,0,0,0,4091,5316,6467,7500,7497,8170,1300,1400,1300,270,795,0,0
20000,0,0,0,0,0,0,4314,5190,6554,6895,5844,6079,1500,2000,1032,155,1000,0,1
20000,0,0,0,0,0,0,4341,5356,6376,7382,7375,7531,1245,1265,1271,264,275,900,0
20000,0,0,0,0,0,0,4731,6642,11508,16953,17310,18466,2000,5000,6000,626,1441,0,0
20000,0,0,0,0,0,0,5556,3684,4298,3882,3563,3242,1028,1032,1000,72,369,0,0
20000,0,0,0,0,0,0,5745,6023,7053,5909,3287,3604,2224,1171,500,500,500,5000,1
20000,0,0,0,0,0,0,6814,7670,8690,9699,10138,10400,1132,1152,1161,600,600,0,0
20000,0,0,0,0,0,0,7222,13627,11974,11467,10469,9380,10009,2004,5013,3010,3690,4384,0
20000,0,0,0,0,0,0,8038,9060,11600,12307,12703,12970,1161,2701,1204,600,620,622,1
20000,0,0,0,0,0,0,8151,9011,10858,12670,13157,13742,1153,2000,2000,1000,800,1000,0
20000,0,0,0,0,0,0,8693,10045,11776,11776,10886,-1000,1500,2000,0,0,0,0,0
20000,0,0,0,0,0,0,10640,11252,12277,12287,12140,11990,1185,1600,1000,243,240,619,0
20000,0,0,0,0,0,0,11242,11070,11788,9607,9191,0,1282,1000,192,184,0,0,0
20000,0,0,0,0,0,0,11629,11936,12643,13447,8199,8416,1193,1290,1094,1000,316,1000,0
20000,0,0,0,0,0,0,11904,13193,12236,13041,13641,14251,1500,1400,1500,1000,1000,0,0
20000,0,0,0,0,0,0,12165,13171,14054,14900,15000,0,1517,1400,1200,300,0,0,0
20000,0,0,0,0,0,0,12197,13292,14362,14821,15143,15737,1600,1600,1000,710,1000,1000,0
20000,0,0,0,0,0,0,12248,15023,16773,18394,19268,14850,3000,2000,2000,2000,1003,904,0
20000,0,0,0,0,0,0,12670,13682,14399,15408,15728,17082,1520,1234,1243,563,1609,1500,0
20000,0,0,0,0,0,0,13231,14306,15370,16411,16839,17267,1300,1300,1300,700,700,700,1
20000,0,0,0,0,0,0,13291,14366,15430,16367,16794,17323,1600,1600,1500,700,800,1000,0
20000,0,0,0,0,0,0,13447,10232,7842,9262,4335,0,2200,2000,2200,1200,0,0,0
20000,0,0,0,0,0,0,13701,14413,15781,15939,16271,16590,1241,1609,717,738,740,789,0
20000,0,0,0,0,0,0,13896,12906,13983,10983,5400,0,2000,2500,2000,0,0,0,1
20000,0,0,0,0,0,0,13922,15433,15683,16050,17401,17573,3000,3000,1000,2000,1000,1000,0
20000,0,0,0,0,0,0,13958,15016,16069,16776,17118,19835,1600,1600,1278,620,3000,900,0
20000,0,0,0,0,0,0,14102,14870,16116,16436,16781,17112,1300,1500,588,610,611,788,0
20000,0,0,0,0,0,0,14186,14960,16102,18926,18125,18714,1000,1376,3200,1399,1102,369,0
20000,0,0,0,0,0,0,14302,15748,16986,18656,19101,20345,2000,1500,2000,1000,1500,3000,0
20000,0,0,0,0,0,0,14353,16580,16730,17930,18267,18604,3000,1800,2000,1000,1000,1000,0
20000,0,0,0,0,0,0,14447,15455,17562,17322,17119,17350,1552,2659,1419,606,500,1000,0
20000,0,0,0,0,0,0,14605,14532,15700,16346,16837,18298,2000,2000,1000,1000,2000,2000,0
20000,0,0,0,0,0,0,14677,16625,17924,18674,15452,15882,3004,3006,3007,489,2110,2201,0
20000,0,0,0,0,0,0,14959,32006,17139,17979,18518,15243,1600,1700,1500,1000,1000,1780,0
20000,0,0,0,0,0,0,14962,17580,19748,19290,21000,0,2890,2458,1000,210,0,0,0
20000,0,0,0,0,0,0,15070,16384,17413,18117,18632,19180,1568,1597,1301,816,1000,779,1
20000,0,0,0,0,0,0,15196,16373,17590,18107,18756,19949,1428,1500,800,936,2000,797,0
20000,0,0,0,0,0,0,15408,17146,18856,18265,18123,18732,2000,2011,1650,600,900,900,0
20000,0,0,0,0,0,0,15552,16596,17609,17329,17850,18046,1300,1300,700,800,602,600,0
20000,0,0,0,0,0,0,15706,16849,17285,18683,9121,14374,1700,1110,1500,500,300,150,0
20000,0,0,0,0,0,0,15848,16883,17839,18040,18414,16213,1595,1551,752,773,772,354,0
20000,0,0,0,0,0,0,15890,13995,13375,14205,15869,16666,2000,2000,1000,2000,1000,1000,0
20000,0,0,0,0,0,0,16013,14334,9086,5096,5096,5200,1419,1270,1200,0,104,0,0
20000,0,0,0,0,0,0,16063,14928,14012,11965,11867,12850,1565,2006,2011,7000,2000,4000,0
20000,0,0,0,0,0,0,16514,17547,18541,19250,19805,20356,1306,1300,1000,1000,1258,590,0
20000,0,0,0,0,0,0,16715,16719,34196,18760,19132,19533,1271,1300,2612,684,709,875,0
20000,0,0,0,0,0,0,16754,17763,18854,19972,18090,19842,1291,2382,1500,605,2000,2000,0
20000,0,0,0,0,0,0,16973,17984,18748,19627,19624,19652,1600,1357,1236,623,653,673,0
20000,0,0,0,0,0,0,16976,17687,18894,19693,19894,3473,1300,1500,1250,451,160,69,0
20000,0,0,0,0,0,0,17030,18064,19046,19221,18603,19075,1315,1297,672,675,781,734,0
20000,0,0,0,0,0,0,17224,16533,17557,18666,19037,19434,1267,1291,1400,681,703,600,0
20000,0,0,0,0,0,0,17257,17417,14462,14750,15215,16209,1230,1239,527,702,1400,0,1
20000,0,0,0,0,0,0,17356,18205,10140,10345,7552,8001,1274,1119,324,278,579,170,0
20000,0,0,0,0,0,0,17420,19130,20340,19940,19940,0,2000,2000,0,0,0,0,0
20000,0,0,0,0,0,0,17593,38478,19703,19697,17303,1554,1472,1400,394,346,31,0,0
20000,0,0,0,0,0,0,17636,17947,17914,18357,19155,10200,1375,1122,565,1000,204,0,1
20000,0,0,0,0,0,0,17648,13580,14204,15345,17764,20049,3000,5007,3000,3000,3000,3000,0
20000,0,0,0,0,0,0,17728,18835,38099,18471,16408,17135,1700,1262,1244,595,1000,1000,0
20000,0,0,0,0,0,0,17766,18806,19772,18940,18587,20352,1630,1596,664,838,2241,0,0
20000,0,0,0,0,0,0,17807,18520,39053,20055,19606,19925,1298,1909,1666,5000,703,775,0
20000,0,0,0,0,0,0,17809,15650,16691,17903,18318,19033,1300,1300,1500,1000,1000,1000,0
20000,0,0,0,0,0,0,17924,18475,19539,19396,11643,11578,1400,1380,1181,1000,500,500,0
20000,0,0,0,0,0,0,17958,18499,19762,19807,19830,20347,1329,1592,637,700,827,357,0
20000,0,0,0,0,0,0,18011,18083,18500,19014,19019,17484,1500,1400,1243,638,2000,480,0
20000,0,0,0,0,0,0,18091,17237,16419,17144,17855,18567,1600,1600,1300,1000,1000,950,1
20000,0,0,0,0,0,0,18126,19174,20095,18583,19313,36046,1347,1268,1000,1000,1000,1000,0
20000,0,0,0,0,0,0,18193,18804,19324,18692,16035,12262,1800,1200,559,532,424,620,0
20000,0,0,0,0,0,0,18317,18455,19399,19962,14938,3039,1500,1400,1009,307,1200,0,0
20000,0,0,0,0,0,0,18330,17797,18731,19610,18980,38766,1291,1324,1302,672,701,788,0
20000,0,0,0,0,0,0,18362,19669,16479,16694,17334,17063,1640,1506,721,1000,1000,600,0
20000,0,0,0,0,0,0,18419,18710,18929,14900,10400,0,1373,1384,615,600,0,0,0
20000,0,0,0,0,0,0,18455,19990,20215,19298,19807,12294,2000,20000,1612,1121,702,1000,0
20000,0,0,0,0,0,0,18467,19106,19690,19684,19697,19849,1328,1302,686,701,855,988,0
20000,0,0,0,0,0,0,18497,15172,17488,17923,16838,18535,1900,2900,1000,800,2000,1000,0
20000,0,0,0,0,0,0,18519,20195,19638,17198,14253,18475,2000,1376,1121,460,6000,624,0
20000,0,0,0,0,0,0,18649,19727,20330,20199,19609,19957,1700,2000,1200,0,348,0,0
20000,0,0,0,0,0,0,18764,19750,19848,20570,19980,19990,1610,1488,1600,400,400,400,0
20000,0,0,0,0,0,0,18770,18410,18821,19307,19260,20028,1400,1200,1000,6000,1000,5000,0
20000,0,0,0,0,0,0,18852,16648,19395,20271,20445,17532,1500,4000,2000,2000,2900,2735,0
20000,0,0,0,0,0,0,18860,17904,15300,12776,3585,0,1360,1206,256,72,0,0,0
20000,0,0,0,0,0,0,18878,19286,18977,18335,18718,18475,1318,1289,647,669,664,682,0
20000,0,0,0,0,0,0,18919,16743,17857,18310,18000,17294,1600,1687,1140,1800,1000,0,0
20000,0,0,0,0,0,0,19026,19495,19417,19159,15574,0,2302,2004,1200,1000,0,0,0
20000,0,0,0,0,0,0,19027,19656,18781,20632,20042,20090,1279,3000,6668,468,507,5582,0
20000,0,0,0,0,0,0,19078,19929,16912,12698,11939,12346,1509,1321,1500,500,600,1500,1
20000,0,0,0,0,0,0,19165,16851,14431,9150,10100,0,3000,3000,5000,6000,0,0,1
20000,0,0,0,0,0,0,19195,20089,16739,17486,9392,9587,1257,1368,1115,301,310,352,1
20000,0,0,0,0,0,0,19248,20054,19133,19397,19702,20506,2000,1300,678,706,2037,0,0
20000,0,0,0,0,0,0,19326,20240,17800,18699,17770,48321,1263,1630,1529,1200,2000,742,0
20000,0,0,0,0,0,0,19403,18989,18914,19883,19293,19993,1300,1332,1301,700,1000,900,0
20000,0,0,0,0,0,0,19437,20154,18957,19334,19373,19460,1337,2000,666,714,810,600,0
20000,0,0,0,0,0,0,19568,19420,15535,1434,500,0,4641,1019,900,0,1500,0,1
20000,0,0,0,0,0,0,19590,19120,18932,18749,18620,18668,1308,1593,800,700,741,531,0
20000,0,0,0,0,0,0,19698,19224,18690,17392,16408,16343,1315,1254,596,592,594,553,0
20000,0,0,0,0,0,0,19727,20330,20199,19609,19957,2361,2000,1200,0,348,0,420,0
20000,0,0,0,0,0,0,19774,14990,14071,15512,17081,21108,2009,2000,2000,2000,5016,11,0
20000,0,0,0,0,0,0,19791,19591,15788,14911,11699,12224,1917,1000,1000,1000,1068,0,1
20000,0,0,0,0,0,0,19844,19929,18775,13854,10718,0,1369,1162,524,606,0,0,0
20000,0,0,0,0,0,0,20001,20041,20205,19998,20367,20399,1400,1290,694,869,2102,1214,0
20000,0,0,0,0,0,0,20104,19887,19486,19501,19274,19703,3000,1500,1600,900,900,600,0
20000,0,0,0,0,0,0,20137,20179,18067,18666,19115,19547,1300,1301,900,900,900,1600,0
20000,0,0,0,0,0,0,20324,18509,20076,20035,14057,0,1500,20000,909,1000,0,0,0
20000,0,0,0,0,0,0,20376,19927,19907,19349,17484,-1216,2000,1500,607,1360,1300,20538,0
20000,0,0,0,0,0,0,20441,20245,20070,20621,20347,20389,1700,1700,1600,700,710,1001,0
20000,0,0,0,0,0,0,21838,20544,19991,20305,19349,20467,2349,1296,1000,696,2213,0,0
20000,0,0,0,0,0,0,23050,22101,20912,19480,19129,20014,1336,2502,1700,807,2002,1007,0
20000,0,0,0,0,0,0,24146,25374,19075,18907,18507,20046,2024,2000,1005,1188,2002,1015,0
20000,0,0,0,0,0,0,35651,20160,20080,19680,19680,0,4960,1400,0,0,0,0,0
20000,0,0,0,0,0,0,37720,12266,8999,8810,10167,11710,1200,1200,1600,1500,1700,1000,0
20000,0,0,0,0,0,0,39628,20571,19089,19658,19453,19108,1610,1323,1600,830,700,674,0
20000,0,0,0,0,0,0,66599,67259,69521,16970,17326,17688,2317,2579,606,628,649,623,1
20000,0,0,0,0,0,2,11065,11788,13082,13498,14278,13899,1206,1500,634,1151,0,514,1
20000,0,0,0,0,0,2,14603,15661,16394,16723,18056,17618,1600,1300,600,1600,0,800,0
20000,0,0,0,0,0,2,16208,16942,18255,18468,19715,19250,1300,1600,813,1700,0,831,0
20000,0,0,0,0,0,2,17927,17384,13648,13924,15685,15292,1500,1500,1400,2000,0,2500,0
20000,0,0,0,0,0,2,18306,18977,19328,19035,19262,12308,1287,1462,1522,1165,0,1000,0
20000,0,0,0,0,0,2,18603,15208,16153,18175,19876,19419,1555,1500,2300,2000,0,1000,0
20000,0,0,0,0,2,0,5861,6728,7739,8339,8061,8221,1119,1130,730,0,294,305,0
20000,0,0,0,0,2,0,16787,17912,18706,20086,19632,20160,1700,1400,1684,0,1000,850,0
20000,0,0,0,0,2,0,17214,9633,10944,11280,11011,7755,2248,1500,757,0,430,1000,0
20000,0,0,0,0,2,2,11043,11770,13188,18318,18419,18978,1200,1600,5700,700,1000,0,1
20000,0,0,0,0,2,2,11564,13063,14337,15596,15204,17149,2000,1500,1500,0,2200,0,1
20000,0,0,0,0,2,2,20030,18808,17080,18293,18752,19195,1600,1300,1500,900,900,787,0
20000,0,0,0,0,3,2,3980,5075,5979,6796,6463,2255,1318,1183,1000,0,0,2440,1
20000,0,0,0,2,0,0,5411,6279,8163,8874,9722,12386,1116,2000,1000,1000,3000,0,0
20000,0,0,0,2,0,0,10934,13738,16567,10411,13057,14340,3000,3100,0,3000,1500,0,0
20000,0,0,0,2,0,0,14326,15334,18206,17482,34862,14860,1252,3124,0,349,297,0,0
20000,0,0,0,2,0,0,16679,14921,9470,9640,6110,5775,1554,2360,500,1000,3200,2000,0
20000,0,0,0,2,0,0,16736,17834,20025,28806,14463,18668,1700,4000,300,10000,5000,1000,0
20000,0,0,0,2,0,0,29035,16391,18920,18180,19000,20000,4000,3500,0,2000,1000,0,0
20000,0,0,0,2,0,0,69257,70055,18997,10404,11170,380,2400,1833,1100,2300,0,400,1
20000,0,0,0,2,2,-2,18706,17483,19509,18828,0,0,1275,3081,0,0,0,0,1
20000,0,0,0,2,2,0,9622,10974,14963,15123,14741,15340,1511,4500,700,0,1000,1500,0
20000,0,0,0,2,2,2,15034,16285,20498,19509,20038,18982,1500,4500,0,1600,0,1000,0
20000,0,0,0,2,2,2,16728,17759,19752,19155,20385,19218,1307,2300,0,1525,0,1000,1
20000,0,0,0,2,2,3,15226,16658,19374,18766,20859,20247,2000,3300,0,2700,0,500,0
20000,0,0,0,2,3,3,14757,16196,17825,20234,20510,19897,2000,2200,3000,900,0,500,0
20000,0,0,0,3,2,0,11777,14851,17575,17063,15711,28600,3276,3000,3,7,2058,669,0
20000,0,0,2,-1,-1,0,13361,18302,13348,512,18141,11575,6020,141,1048,23261,134,0,1
20000,0,0,2,-1,0,0,14028,16484,15800,16341,16675,0,3000,0,16741,334,0,0,1
20000,0,0,2,0,0,0,5473,7492,4988,11680,6590,0,2300,0,102,1500,0,0,0
20000,0,0,2,0,0,0,8639,10483,11016,12027,12030,12535,2000,1000,1500,500,700,700,0
20000,0,0,2,0,0,0,10690,15027,14503,15238,14838,15141,4854,0,1400,0,303,0,0
20000,0,0,2,0,0,0,14897,17512,16926,17368,17959,19023,3170,0,1000,1000,3000,0,0
20000,0,0,2,0,0,0,15703,19775,19096,19612,20164,19771,4663,0,1000,1000,5000,0,0
20000,0,0,2,0,0,0,16401,9620,9264,11693,11826,13242,3000,1000,3000,1000,2000,1000,0
20000,0,0,2,0,0,0,17614,19323,19694,20004,20159,20059,2000,1000,1000,1000,1000,800,1
20000,0,0,2,0,0,0,18804,17855,17199,17548,17992,31150,2150,1000,504,600,4000,4000,0
20000,0,0,2,0,0,0,19071,20442,20141,19888,20318,20364,2000,1200,1300,1000,1000,1000,0
20000,0,0,2,0,0,0,19080,20303,19302,19897,19895,20313,3000,0,1311,699,725,711,0
20000,0,0,2,0,0,2,16070,19107,18506,18802,20199,19394,3300,0,900,1700,0,253,0
20000,0,0,2,2,0,0,9811,15726,15723,15173,15925,16245,6097,547,0,1000,585,1000,0
20000,0,0,2,2,2,0,18743,19879,18872,21178,20329,20853,3000,0,3000,0,1000,400,0
20000,0,0,2,2,2,2,10511,14913,14382,16820,16411,17287,4593,0,3000,0,1304,1000,0
20000,0,0,2,2,2,2,15379,17802,19212,18608,19604,19155,3000,2000,0,1600,0,1600,1
20000,0,0,2,2,2,2,15859,18486,18686,18983,18540,19775,3200,800,900,0,1700,0,0
20000,0,0,2,3,2,2,12649,15526,16383,15831,15438,17371,3103,1408,0,0,2346,0,0
20000,0,0,2,3,3,2,16196,17825,20234,20510,19897,19900,2200,3000,900,0,500,0,0
20000,0,0,3,2,0,0,3286,6341,6097,6339,5143,5126,3300,0,511,300,300,1500,0
20000,0,0,3,2,0,0,8168,12309,11834,11180,780,1170,4600,0,0,0,0,930,1
20000,0,0,3,2,0,0,17294,21821,21197,20400,20000,20000,4821,0,0,0,0,0,0
20000,1,-2,-2,-2,-2,-2,-1400,-1400,-1400,-1000,-1000,0,0,0,1000,0,1000,0,0
20000,1,-2,-1,0,0,-1,0,0,390,390,390,150,0,390,0,0,150,390,0
20000,1,-2,-1,2,2,-2,-113,-113,10887,10413,-245,-245,1575,11000,0,0,0,5100,1
20000,1,-2,-1,2,2,-2,0,0,780,780,0,0,0,780,0,0,0,0,1
20000,1,-1,-1,-2,-2,-2,-8,4485,0,0,0,0,13148,433,0,0,0,0,1
20000,1,-1,-1,-2,-2,-2,3843,396,0,0,0,0,2000,0,0,0,0,0,1
20000,1,-1,-1,-2,-1,-1,255,541,275,329,544,190,541,275,329,544,190,241,0
20000,1,-1,-1,-1,-1,-1,0,150,0,597,0,4740,150,0,597,0,4740,0,0
20000,1,-1,-1,-1,-1,-1,0,890,467,500,0,647,890,467,500,0,647,0,0
20000,1,-1,-1,0,0,0,-431,569,1769,2582,3184,3974,1000,1769,1000,800,1000,4000,0
20000,1,1,-1,0,-1,-1,4516,-630,18976,8005,3034,9287,700,21400,1005,3034,9287,85,0
20000,1,2,-1,-1,-1,-1,3133,1473,390,390,390,0,0,390,390,390,0,780,0
20000,1,2,-1,-1,-1,-1,9913,3261,1491,390,390,390,50,1491,2500,390,390,0,0
20000,1,2,-1,0,-1,-1,4094,1683,2924,1462,1462,6105,0,2924,0,1462,6105,0,0
20000,1,2,0,0,-2,-2,3098,2901,3800,0,0,0,0,1000,0,0,0,0,1
20000,1,2,0,0,0,-2,17439,16872,17483,9152,0,0,0,1000,183,0,0,0,0
20000,1,2,0,0,0,0,5653,5419,6365,6608,7001,7233,0,1200,350,500,500,300,1
20000,1,2,0,0,0,0,10591,10277,11304,12311,12410,13358,0,1500,1500,600,1300,0,0
20000,1,2,0,0,0,0,14498,13968,15739,17168,17580,18295,0,2000,2000,1000,1000,1000,0
20000,1,2,0,0,0,0,15095,14459,12607,16430,19230,0,0,6000,5000,3000,0,0,0
20000,1,2,0,0,0,0,17216,17541,18300,19100,2200,0,900,1200,1000,100,0,0,0
20000,1,2,0,0,0,0,17495,16917,17922,18201,18566,19284,0,1287,2000,648,1000,1000,0
20000,1,2,0,0,0,0,19450,18844,19853,19894,19993,20030,0,1626,1615,710,720,1587,0
20000,1,2,0,0,0,0,20498,19692,20498,19898,19906,18586,0,1600,0,398,0,0,1
20000,1,2,0,0,0,0,20583,19942,16614,15941,13205,6009,0,1358,1065,327,187,325,0
20000,1,2,0,0,0,2,6345,6098,7107,7401,7826,7552,0,1118,412,694,0,300,0
20000,1,2,0,0,0,2,15596,15053,15773,17102,18704,18263,0,1269,1598,2200,0,3700,1
20000,1,2,0,0,0,2,15988,16219,17626,18398,19052,15429,794,1674,1446,1100,0,379,0
20000,1,2,0,0,0,2,18953,14043,13266,14340,15301,14916,18,1600,1600,1500,0,1000,0
20000,1,2,0,0,0,3,14034,13524,14983,16197,18932,18271,0,2000,1780,3000,0,0,1
20000,1,2,0,0,2,0,15829,15283,16429,19764,19140,6420,0,1700,4000,0,1000,0,1
20000,1,2,0,0,2,2,9498,9202,10741,12326,11888,9351,0,2000,1800,0,900,0,1
20000,1,2,0,0,2,2,11276,10803,11528,13524,13508,13149,0,1204,2200,500,0,700,1
20000,1,2,2,0,0,0,5566,6527,6274,6470,7366,8044,1200,0,300,1000,800,0,1
20000,1,2,2,0,0,0,15471,16211,16752,17471,17830,19230,1300,1100,1300,649,1698,861,0
20000,1,2,2,0,0,0,15706,15757,15436,16331,10229,10250,1000,1000,1200,900,700,2300,1
20000,1,2,2,0,0,0,15919,16939,16374,16604,16837,17357,1570,0,800,650,800,1000,0
20000,1,2,2,0,0,0,16434,17452,16879,17059,17263,17675,1577,0,757,628,700,2488,0
20000,1,2,2,0,0,0,18462,18175,16184,16913,17640,18688,300,1000,1000,1000,1500,1200,0
20000,1,2,2,0,0,0,19725,17368,16801,17789,17419,17628,1293,0,1281,771,640,790,0
20000,1,2,2,0,0,2,8476,10187,9885,11398,12208,11869,2000,0,2000,1000,0,1200,1
20000,1,2,2,0,0,3,16456,17382,16814,18229,20314,19704,1500,0,1700,2700,0,600,1
20000,1,2,2,2,0,0,15764,15718,17164,16594,18158,19554,500,2000,0,2000,1700,0,0
20000,1,2,2,2,2,-2,4697,3800,5989,5761,0,0,0,2266,38,0,0,0,1
20000,1,2,2,2,2,2,6218,6959,8635,8350,9063,8771,1000,1800,0,1000,0,1000,1
20000,1,2,2,2,2,2,9599,9296,11813,11327,12137,11799,0,2676,0,1000,0,582,0
20000,1,2,2,2,2,2,10968,12495,11998,13795,13431,16199,2000,0,2000,0,3000,0,1
20000,1,2,2,2,2,2,16247,15689,18417,17802,19543,18442,0,3000,0,2000,0,1000,0
20000,1,2,2,2,2,2,16906,17328,19145,18397,20697,20547,1000,2400,0,2700,0,283,0
20000,1,2,2,2,2,3,8483,10186,10871,10402,12077,11594,2000,1000,0,2000,0,0,1
20000,1,2,2,5,4,3,10515,11548,13863,13369,12582,12088,1500,2800,0,0,0,0,0
20000,1,2,3,2,2,3,10056,12571,12086,11595,13197,12700,3000,0,0,1800,0,0,1
20000,1,2,3,2,3,3,14829,17267,16706,18694,19049,18459,3000,0,2560,955,0,661,0
20000,1,2,4,3,2,2,19977,21359,20581,19860,19690,1735,2000,0,0,0,500,0,1
20000,1,3,2,0,0,0,9080,8790,8505,9557,10395,11227,0,0,1200,1000,1000,1000,0
20000,1,3,2,2,-1,-1,21003,20260,9686,0,6884,0,39,0,5000,13749,0,0,1
20000,1,3,2,2,0,0,9061,8769,9680,9376,9720,10962,0,1200,0,500,1400,0,1
20000,1,3,2,2,0,0,15598,15055,16511,15953,16190,16777,0,2000,0,800,1000,1000,1
20000,1,3,2,2,2,2,17100,16537,16283,17708,18121,17692,0,300,2000,1000,0,792,1
20000,1,3,2,2,2,2,19443,18851,19248,18648,20040,19464,0,1000,0,2000,0,817,1
20000,1,4,3,2,0,0,11027,10710,10398,10000,10000,10000,0,0,0,0,0,0,1
20000,1,4,3,2,0,0,21425,21410,20786,19994,10700,0,620,0,4,0,0,0,1
20000,1,4,3,2,3,2,19276,18691,18048,18553,19465,16523,0,0,1000,1400,0,3000,0
20000,1,4,3,3,2,3,15557,15015,16079,15528,16477,15930,0,1600,0,1500,0,0,1
20000,1,6,5,4,4,3,19388,18807,18235,18654,18073,17501,0,0,1000,0,0,0,0
20000,2,-1,-1,-1,-1,-1,1150,1661,-29,2992,3664,5364,1661,0,3021,3664,5364,0,0
20000,2,0,0,0,0,0,15887,16895,18379,19020,18620,19000,1275,1759,1400,0,380,0,1
20000,2,0,0,0,0,0,16235,17857,18862,18931,19624,20049,2200,1610,679,1000,900,599,1
20000,2,0,0,0,0,0,16869,17895,18939,19150,19549,20073,1606,1650,823,857,1000,400,1
20000,2,0,0,0,0,0,17999,19090,19472,18629,12683,0,1700,3243,1200,254,0,0,1
20000,2,0,0,0,0,0,18049,14361,15425,16460,17380,17650,1536,1600,1600,1500,700,2900,1
20000,2,0,0,0,0,0,18996,19316,20330,20515,20424,19996,1325,1339,1609,823,723,1705,0
20000,2,0,0,0,0,0,20264,20328,19299,19928,20204,20398,1500,1500,900,700,1480,0,1
20000,2,0,0,0,0,2,12720,13451,14786,15532,16767,17104,1250,1554,1300,1500,750,0,1
20000,2,0,0,0,0,2,13696,15156,16183,16893,18200,17769,2000,1574,1284,1591,0,644,1
20000,2,0,0,0,0,2,14414,15424,16448,17462,18305,17871,1554,1578,1592,1435,0,1663,1
20000,2,0,0,0,0,3,2968,3980,5075,5979,6796,6463,1223,1318,1183,1000,0,0,1
20000,2,0,0,0,2,0,16219,17626,18398,19052,15429,9199,1674,1446,1100,0,379,1085,1
20000,2,0,0,0,2,0,17638,17058,17541,19338,17889,18486,1666,1149,1946,0,1007,0,1
20000,2,0,0,0,2,2,11545,12945,13972,15730,15183,16182,1600,1542,2300,0,1400,800,1
20000,2,0,0,0,2,2,20205,16882,18094,19592,19930,20353,1500,1500,1800,800,900,36,1
20000,2,0,0,0,3,2,6643,7872,9077,10989,10529,10213,1500,1500,2225,0,0,202,1
20000,2,0,0,2,2,2,5890,7282,9455,9154,10001,10046,1500,2454,0,1000,350,0,1
20000,2,0,0,2,2,2,8295,9310,12130,11644,12250,11910,1160,2980,0,1100,0,1000,1
20000,2,2,-1,-1,-2,-2,3913,3102,689,0,0,0,0,689,0,0,0,0,1
20000,2,2,0,0,0,-2,19393,18801,19077,11993,0,0,0,1023,240,0,0,0,1
20000,2,2,0,0,0,0,15077,15534,16540,17267,17475,17838,1000,1273,1000,631,650,803,0
20000,2,2,0,0,0,0,18446,17859,18718,17009,18721,20209,0,1718,900,2000,1800,0,1
20000,2,2,0,0,0,0,19891,15895,17140,18457,21381,18914,0,1500,1600,1646,678,1000,1
20000,2,2,0,0,2,2,18199,17623,18317,19525,19084,19601,0,1300,1500,0,1600,0,0
20000,2,2,2,0,0,0,5119,5546,6302,7193,8075,8938,1500,1000,1000,1000,1000,1000,0
20000,2,2,2,0,0,0,10360,13336,13307,13633,15054,16505,3467,486,545,1639,1700,1504,0
20000,2,2,2,0,0,0,17023,18432,17848,19103,19229,18856,2000,0,1574,700,688,687,1
20000,2,2,2,0,0,2,15563,16995,16433,17443,19254,18804,2000,0,1289,2100,0,2000,0
20000,2,2,2,2,0,0,2730,5461,6218,5970,8945,9896,2800,1000,0,3100,1100,0,1
20000,2,2,2,2,0,0,5743,7487,8114,7835,8605,10948,2000,900,0,900,2500,0,1
20000,2,2,2,2,0,0,17496,16923,20319,19543,19534,19320,0,4000,0,391,386,249,0
20000,2,2,2,2,0,0,17612,18820,19717,18701,18726,18501,1800,1500,0,1000,1000,1000,0
20000,2,2,2,2,2,0,14328,17196,17418,17608,17187,17528,3114,800,770,0,776,549,1
20000,2,2,2,2,2,0,15522,16469,15907,17140,16724,18438,1500,0,1500,0,2000,1500,0
20000,2,2,2,2,2,2,5996,7040,7897,7622,8294,8016,1300,1128,0,800,0,1500,1
20000,2,2,2,2,2,2,9736,12759,12459,12957,13104,12744,3500,200,1000,500,0,1000,1
20000,2,2,2,2,2,2,13836,14805,15865,16062,15509,16558,1500,1595,750,0,1452,0,1
20000,2,2,2,2,2,2,18155,17595,19355,19554,19795,19342,0,2344,800,683,0,1500,1
20000,2,2,2,2,2,2,20439,20564,20479,19415,20540,20903,1602,900,0,1800,850,0,1
20000,2,2,3,2,2,2,17213,19041,18449,17857,18735,19277,2400,0,0,1320,1000,0,1
20000,2,2,3,3,3,3,1050,1050,1050,1050,1050,1050,0,0,0,0,0,0,1
20000,2,2,3,3,3,3,1050,1050,1050,1050,1050,1050,0,0,0,0,0,0,0
20000,2,2,3,3,3,3,1050,1050,1050,1050,1050,1050,0,0,0,0,0,0,1
20000,2,4,3,2,0,0,8628,8350,8076,7798,8110,10194,0,0,0,441,2368,0,1
20000,3,2,0,0,0,0,18585,18003,19012,19100,19506,20037,0,1612,700,714,861,393,1
20000,3,2,0,0,0,0,20226,18702,18331,19111,15211,13562,0,2346,1400,304,271,0,1
20000,3,2,2,0,0,2,16732,17866,17276,17514,18462,18036,1700,0,800,1361,0,800,1
20000,3,2,2,2,2,2,300,300,300,300,300,300,0,0,0,0,0,0,1
20000,3,2,2,2,2,2,300,300,300,300,300,300,0,0,0,0,0,0,1
20000,3,2,2,2,2,2,17740,17166,19148,18542,20122,19400,0,2273,0,1882,0,0,1
20000,3,2,2,2,3,2,16132,16562,19279,20663,20043,19584,1000,3000,2000,0,0,1803,1
20000,3,2,2,3,2,2,17710,17137,19830,19240,18419,20126,0,3000,0,0,2000,0,1
20000,3,2,2,4,4,4,1650,1650,1650,1650,1650,1650,0,0,0,0,0,0,1
20000,3,2,2,4,4,4,1650,1650,1650,1650,1650,1650,0,0,0,0,0,0,1
20000,3,2,2,5,5,4,1200,1200,1200,1200,1200,600,0,0,0,0,0,0,1
20000,3,2,2,7,7,7,2255,2255,2255,2255,2255,2255,0,0,0,0,0,0,1
20000,3,2,2,7,7,7,2400,2400,2400,2400,2400,2400,0,0,0,0,0,0,1
20000,3,2,2,7,7,7,2400,2400,2400,2400,2400,2400,0,0,0,0,0,0,1
20000,3,2,2,7,7,7,2400,2400,2400,2400,2400,2400,0,0,0,0,0,0,1
20000,3,2,2,7,7,7,2400,2400,2400,2400,2400,2400,0,0,0,0,0,0,1
20000,3,2,2,7,7,7,2400,2400,2400,2400,2400,2400,0,0,0,0,0,0,1
20000,3,2,2,7,7,7,2400,2400,2400,2400,2400,2400,0,0,0,0,0,0,1
20000,3,2,3,2,3,2,17690,19102,19502,20881,20266,20511,2000,1000,2000,0,700,0,1
20000,4,3,2,0,0,0,21605,20987,20200,19600,19600,20000,0,0,0,0,400,0,0
20000,4,4,3,3,2,2,18396,17826,18547,19118,18679,19812,0,1300,1170,0,1600,0,0
20000,8,7,6,5,4,3,16942,16721,16193,16445,15624,15096,0,0,780,0,0,0,1
20000,8,7,6,5,4,3,24310,23987,23353,22719,21796,21162,0,0,0,0,0,0,0
30000,-2,-2,-2,-2,-2,-2,0,18393,7501,11216,14333,0,18393,7501,11216,14387,0,0,0
30000,-2,-2,-2,-2,-2,-2,318,0,0,0,0,0,0,0,0,0,0,0,0
30000,-2,-2,-2,-2,-2,-2,435,0,0,295,-5,-5,0,0,295,5,0,0,0
30000,-2,-2,-2,-2,-2,-2,616,0,0,0,0,0,0,0,0,0,0,0,0
30000,-2,-2,-2,-2,-2,-2,647,1222,249,5051,1188,375,1222,249,5051,2202,375,264,0
30000,-2,-2,-2,-2,-2,-2,780,0,390,749,390,0,0,390,749,390,0,805,1
30000,-2,-2,-2,-2,-2,-2,1535,835,8927,5371,0,1996,835,8939,5480,0,1996,0,0
30000,-2,-2,-2,-2,-2,-2,2180,0,0,0,0,0,0,0,0,0,0,0,0
30000,-2,-2,-2,-2,-2,-2,2416,2226,2230,561,2230,565,2230,2238,561,2238,565,564,1
30000,-2,-2,-2,-2,-2,-2,3340,0,1220,480,0,174,0,1220,480,0,174,1162,0
30000,-2,-2,-2,-2,-2,-2,9634,4476,8830,8153,6422,500,7,7002,13,155,1,0,0
30000,-2,-2,-2,-2,-1,0,-201,349,-199,0,199,199,550,0,199,199,0,3915,0
30000,-2,-2,-1,0,0,0,0,1232,27287,27874,28430,29093,1232,31484,1444,1000,1100,1491,0
30000,-2,-1,-1,-2,-2,-2,5678,20762,2462,13019,4679,0,20774,2476,13263,4793,0,0,0
30000,-2,-1,-1,-2,-1,-1,3165,13538,390,1050,1251,962,13538,390,1050,1851,962,0,0
30000,-1,-1,-2,-2,-2,-2,6731,0,0,0,0,0,0,0,0,0,0,0,0
30000,-1,-1,-2,-1,-1,-2,1743,0,0,2779,0,0,0,0,2779,0,0,0,1
30000,-1,-1,-2,-1,-1,-1,5688,-378,-378,920,5448,0,0,0,1298,5448,0,10000,0
30000,-1,-1,-1,-2,-2,-2,1772,9619,-6,-6,-6,-6,9647,0,0,0,0,2011,0
30000,-1,-1,-1,-1,-2,-2,598,0,950,0,0,0,0,950,0,0,0,0,0
30000,-1,-1,-1,-1,-2,-1,10443,4503,9000,0,0,5394,4503,9000,0,0,5394,6171,0
30000,-1,-1,-1,-1,-1,-2,770,-10,390,3797,0,0,0,400,3797,0,0,0,0
30000,-1,-1,-1,-1,-1,-1,184,1522,0,5480,175,-2000,1522,0,5480,175,0,2000,0
30000,-1,-1,-1,-1,-1,-1,263,14833,5242,19705,10417,9736,14849,5250,19711,10417,9979,5108,0
30000,-1,-1,-1,-1,-1,-1,390,390,390,390,390,0,390,390,390,390,0,780,0
30000,-1,-1,-1,-1,-1,-1,1598,2487,0,4810,2796,3245,2487,0,4810,2796,3245,7305,1
30000,-1,-1,-1,-1,-1,-1,8217,3000,0,504,279,254,5000,0,504,300,500,1000,0
30000,-1,-1,-1,-1,-1,-1,9280,2643,3415,2250,2486,844,2643,3415,2250,2486,844,0,1
30000,-1,-1,-1,-1,-1,2,390,390,390,240,1320,780,390,390,240,1470,0,0,0
30000,-1,-1,-1,-1,-1,2,8432,25460,557,1299,600,450,25460,1000,1306,600,0,11961,0
30000,-1,-1,-1,-1,0,0,125,125,125,4671,25871,15222,125,125,4671,25000,3000,2256,0
30000,-1,-1,0,-1,0,-1,-854,29393,27390,2390,780,24310,33404,1000,2390,0,48620,156,0
30000,-1,-1,0,0,0,0,415,150,150,150,150,150,150,0,0,0,0,0,0
30000,-1,-1,0,0,0,0,661,25166,26195,27209,27924,30204,25166,1437,1451,1166,2900,600,0
30000,-1,-1,2,-1,-1,-2,390,1358,578,340,-50,-440,1936,0,340,0,0,0,1
30000,-1,-1,2,-1,-1,-1,736,1472,736,736,736,1423,1472,0,736,736,1423,831,0
30000,-1,-1,2,-1,-1,3,5088,996,888,656,1957,1536,996,0,656,1957,0,0,1
30000,-1,-1,2,0,0,0,411,995,579,1430,1414,1398,1000,0,1420,400,400,0,0
30000,-1,-1,2,0,0,0,1072,5122,4440,4050,3660,3660,4440,0,0,0,0,0,0
30000,-1,-1,2,0,0,0,9262,11792,11311,11820,13558,20271,3000,0,1000,2100,7000,0,1
30000,-1,-1,2,0,0,0,11359,27657,26745,27345,25300,0,27657,0,1000,0,0,0,0
30000,-1,-1,2,2,-2,-2,390,780,780,0,0,0,780,0,0,0,0,0,0
30000,-1,0,0,0,0,-2,12897,13484,6655,6618,0,0,2011,2211,2101,148,0,0,1
30000,-1,0,0,0,0,-1,418,1470,2418,2009,3009,7093,1052,1000,500,1000,7093,1000,0
30000,-1,2,-1,-1,-1,-1,4994,886,937,0,1083,3395,0,1000,398,1083,3395,7383,0
30000,-1,2,-1,0,-1,-1,780,390,650,260,370,-20,0,650,0,500,0,800,0
30000,-1,2,2,2,2,2,17578,17988,20374,20738,22253,24748,1000,3000,1000,2170,3000,0,0
30000,-1,3,2,0,0,3,5867,5621,4090,2829,2108,1801,0,0,0,1801,0,0,1
30000,0,-1,-1,-1,-2,-2,13568,3166,821,0,0,0,3166,821,0,0,0,0,0
30000,0,-1,-1,-1,-1,-2,3158,5547,3312,3145,3022,3247,5572,3321,3154,3031,3339,2921,0
30000,0,-1,-1,0,0,0,3860,780,27557,28433,29477,28910,780,27557,2000,1500,1100,1500,0
30000,0,-1,2,0,0,0,1197,2536,1100,710,320,-70,2600,0,0,0,0,1000,1
30000,0,0,-2,-2,-2,-2,4242,3891,1005,5308,8430,0,3915,1005,5308,8443,0,1120,0
30000,0,0,-2,-2,-2,-2,30830,0,0,0,0,0,0,0,0,0,0,0,0
30000,0,0,-2,-2,-2,-2,41300,0,0,0,0,0,0,0,0,0,0,0,0
30000,0,0,-2,-2,-2,-1,11080,-202,-202,-202,-202,7571,0,0,0,0,7844,235,0
30000,0,0,-2,-1,-1,-2,12800,0,0,90,-40,-3000,0,0,90,0,0,10400,0
30000,0,0,-1,-1,2,2,17358,-36,23114,24727,24192,25905,0,23150,2000,0,2119,0,0
30000,0,0,0,-2,-2,-2,14451,15525,0,0,0,0,1525,0,0,0,0,0,0
30000,0,0,0,-1,0,0,118587,89271,91157,30420,30384,29774,6624,3000,31959,1052,1062,1114,0
30000,0,0,0,0,-2,-2,13532,14647,15525,0,0,0,1647,1525,0,0,0,0,1
30000,0,0,0,0,-1,-1,2277,3158,4080,5080,150,178,1078,1000,1000,150,178,300,0
30000,0,0,0,0,-1,-1,17261,20543,18180,7200,18183,8975,5000,8180,2200,18183,8975,3000,0
30000,0,0,0,0,-1,-1,25354,24826,25412,21658,980,55,1650,1200,1000,1000,55,0,0
30000,0,0,0,0,-1,0,29993,29890,28561,-229,23930,26655,1856,1000,1698,24860,3500,3000,0
30000,0,0,0,0,0,-2,11228,11814,5240,400,0,0,1104,1400,0,0,0,0,0
30000,0,0,0,0,0,-2,24794,25017,24117,23917,0,0,2000,1500,0,0,0,0,0
30000,0,0,0,0,0,-2,28949,30319,29400,30000,0,0,2233,1000,600,0,0,0,0
30000,0,0,0,0,0,-2,30003,30470,30147,26030,0,0,1643,1420,913,700,0,0,0
30000,0,0,0,0,0,0,4512,6628,9222,6368,1000,3070,2205,2111,2376,0,2070,1683,0
30000,0,0,0,0,0,0,4921,3810,3890,2199,2209,1429,1500,2000,2000,400,0,500,1
30000,0,0,0,0,0,0,6359,7461,5172,5931,7665,9535,1230,1241,1000,2000,2000,0,0
30000,0,0,0,0,0,0,7979,8301,9156,8983,8141,6422,1149,1191,1079,239,209,206,0
30000,0,0,0,0,0,0,8185,9395,10928,11445,12108,12753,1500,2000,1000,1000,1000,1243,1
30000,0,0,0,0,0,0,9014,10406,11427,11935,13084,14206,1700,1500,1000,1500,1500,1500,0
30000,0,0,0,0,0,0,9211,9133,10165,11441,11479,11719,1154,1186,1462,500,400,434,0
30000,0,0,0,0,0,0,9725,10766,12070,11973,10166,7966,1200,1500,2000,1166,3500,1500,0
30000,0,0,0,0,0,0,10024,12855,14634,16378,16961,19669,3000,2000,2000,1000,3000,1000,0
30000,0,0,0,0,0,0,10741,12057,12778,14090,14063,14357,1498,1219,1531,504,521,523,0
30000,0,0,0,0,0,0,12001,12450,12040,12739,7610,7000,1485,1301,1000,152,140,780,0
30000,0,0,0,0,0,0,12174,13309,13874,15304,8588,4873,1635,1200,1630,4000,1000,300,0
30000,0,0,0,0,0,0,12479,10100,10923,10549,4747,4864,1233,1056,500,500,1000,2000,0
30000,0,0,0,0,0,0,14045,15363,16108,17888,16505,16511,1555,1300,4894,1000,800,2200,0
30000,0,0,0,0,0,0,14095,15117,16130,16462,16808,17140,1255,1268,600,611,612,1000,0
30000,0,0,0,0,0,0,14544,15597,16641,17659,18066,18775,1300,1300,1300,700,1000,1000,1
30000,0,0,0,0,0,0,15662,16601,21291,21939,22435,23160,1500,5000,1000,1000,1100,1000,0
30000,0,0,0,0,0,0,17779,19097,19816,18471,16305,0,2000,1500,1000,841,0,1030,0
30000,0,0,0,0,0,0,17897,18944,19698,17855,13784,6616,1342,1096,514,1021,151,1077,0
30000,0,0,0,0,0,0,19502,8999,11797,11972,16482,9082,3000,3000,4000,5000,5000,5000,0
30000,0,0,0,0,0,0,22346,26357,29043,29419,29848,29306,8816,4021,2000,5000,6000,6000,0
30000,0,0,0,0,0,0,23101,16480,15459,15366,15680,15000,1481,1400,307,314,300,1770,0
30000,0,0,0,0,0,0,23134,23302,22844,22101,19535,19580,1712,1400,442,391,500,0,0
30000,0,0,0,0,0,0,23237,23874,26985,29497,29290,28693,10000,5000,3000,2000,3150,0,0
30000,0,0,0,0,0,0,23819,15367,10159,9859,8360,4101,1553,1033,381,384,404,1297,0
30000,0,0,0,0,0,0,24885,25886,26901,27907,28469,29058,1215,1230,1236,798,822,1079,0
30000,0,0,0,0,0,0,24911,26241,27512,27831,28795,29285,1750,2000,1240,1200,1100,0,1
30000,0,0,0,0,0,0,25328,22520,21554,22280,18330,780,2000,2000,2000,1000,0,0,0
30000,0,0,0,0,0,0,25344,26614,27878,29103,29426,29907,2000,2000,2000,1100,1088,1124,0
30000,0,0,0,0,0,0,25490,26494,27534,28177,28399,28655,1432,1472,1447,1001,1030,1059,1
30000,0,0,0,0,0,0,26264,27536,28771,27744,28302,29725,2000,2005,1000,1000,2250,0,1
30000,0,0,0,0,0,0,26300,27308,28425,29233,21575,22029,1450,1560,1350,1000,801,1000,0
30000,0,0,0,0,0,0,26302,26873,28138,27074,13275,12500,2000,1719,1613,271,2250,0,0
30000,0,0,0,0,0,0,26417,27421,28573,29222,28451,27270,1448,1600,1500,1000,1000,1200,0
30000,0,0,0,0,0,0,26460,27042,27617,28546,13487,8307,2000,1400,1300,700,1000,0,0
30000,0,0,0,0,0,0,26480,27529,28783,28312,28159,28870,1481,1735,994,2003,1180,1238,0
30000,0,0,0,0,0,0,26535,27131,27294,27853,28033,28756,1433,1481,1430,1000,1543,1200,0
30000,0,0,0,0,0,0,26573,26988,14964,15428,15612,16630,1500,1600,1000,569,1280,0,1
30000,0,0,0,0,0,0,26587,25917,17072,15994,12017,5614,1385,1270,367,336,112,0,0
30000,0,0,0,0,0,0,26669,28080,28836,28812,29400,30000,1844,1600,576,588,600,0,1
30000,0,0,0,0,0,0,26788,28352,86253,28351,28571,23400,2001,1600,600,1000,468,0,0
30000,0,0,0,0,0,0,26846,27879,28870,27806,25142,25667,1783,1774,1710,1046,1079,1089,0
30000,0,0,0,0,0,0,27275,26948,28183,25484,27062,28703,2000,2000,1400,2000,2100,2500,0
30000,0,0,0,0,0,0,27620,27921,28585,29007,29195,21335,1449,1503,1315,893,1000,513,0
30000,0,0,0,0,0,0,27880,29342,22974,24586,25675,30765,2000,1388,2000,1500,5541,0,0
30000,0,0,0,0,0,0,28063,29304,28047,26840,28271,28134,1700,1407,1200,2000,2000,1000,0
30000,0,0,0,0,0,0,28130,27836,28998,29480,29500,0,1750,2000,1200,1000,0,1500,0
30000,0,0,0,0,0,0,28239,29974,29841,27592,17569,4059,2500,1011,301,37,17,0,0
30000,0,0,0,0,0,0,28404,29009,29831,29992,21754,18519,1467,1679,1230,827,1000,1000,0
30000,0,0,0,0,0,0,28405,29639,30246,23774,24384,15855,4000,1555,631,769,317,0,1
30000,0,0,0,0,0,0,28409,28530,29435,30841,29434,16565,2000,2000,2000,1765,331,0,0
30000,0,0,0,0,0,0,28494,28139,27480,26960,27215,27977,1750,1804,1800,1000,1200,1500,1
30000,0,0,0,0,0,0,28700,28639,30171,29322,28572,0,1800,2300,1508,1000,0,0,0
30000,0,0,0,0,0,0,28749,29457,29530,28433,21365,0,2004,2169,1260,819,0,0,0
30000,0,0,0,0,0,0,28767,27567,28638,28818,29439,17685,1749,1820,1000,621,354,0,1
30000,0,0,0,0,0,0,29083,27227,28327,27831,14215,32635,1500,1938,2000,505,25000,1229,0
30000,0,0,0,0,0,0,29108,29806,30477,30651,30107,26304,1800,1800,1300,1560,1000,1100,1
30000,0,0,0,0,0,0,29265,28901,28883,29411,24602,22760,2000,1655,1513,499,688,0,0
30000,0,0,0,0,0,0,29327,30487,29417,30379,30452,0,1659,1589,1551,1124,0,0,0
30000,0,0,0,0,0,0,29416,30476,30386,29769,30395,30348,1540,1447,1027,1066,1288,1104,0
30000,0,0,0,0,0,0,29434,28960,29022,29201,29553,29693,1465,2000,1033,1200,1055,530,0
30000,0,0,0,0,0,0,29449,30308,26186,27698,28987,29568,1402,2000,2000,2000,2500,2000,0
30000,0,0,0,0,0,0,29557,30091,28247,28884,29523,30672,1427,2973,1500,1100,2000,1000,0
30000,0,0,0,0,0,0,29632,30239,30526,29219,30012,28422,1492,1661,1238,1031,1083,0,0
30000,0,0,0,0,0,0,29758,30454,30221,29376,29564,28762,1500,1518,1439,1017,1032,1367,0
30000,0,0,0,0,0,0,29956,30536,30162,29819,14071,0,29000,1200,637,2000,0,0,0
30000,0,0,0,0,0,0,30190,28985,28724,29357,30188,26316,1532,2169,1000,1200,2000,1500,1
30000,0,0,0,0,0,0,30287,28171,29410,29705,28647,28776,1496,1735,1030,1017,1033,989,0
30000,0,0,0,0,0,0,30567,58722,30077,29841,20075,12250,3778,1900,1019,26,1131,1209,0
30000,0,0,0,0,0,0,30719,30123,30112,26763,22303,24397,1900,1626,1267,766,10000,919,0
30000,0,0,0,0,0,0,30788,30395,27294,27216,26432,30692,1759,1762,1717,966,5739,1577,1
30000,0,0,0,0,0,0,33195,32705,32406,32167,31728,31061,1600,1500,1500,1300,1261,1003,0
30000,0,0,0,0,0,0,36124,35538,34359,32450,30633,30628,2500,2215,1156,1200,3000,3000,1
30000,0,0,0,0,0,0,39230,37737,36619,34752,33229,32211,1618,2000,1500,1500,2000,1248,1
30000,0,0,0,0,0,0,46780,38099,38600,29400,30000,0,1899,1400,1188,600,0,0,0
30000,0,0,0,0,0,2,12452,13439,14420,15838,17331,16973,1500,1500,2000,2000,0,3600,1
30000,0,0,0,0,0,2,14834,15844,18883,17901,19241,18794,1261,3300,1301,1641,0,860,1
30000,0,0,0,0,0,2,18971,20344,21705,22537,24161,25128,2000,2000,1500,2000,1500,0,0
30000,0,0,0,0,0,2,20234,20476,21991,22544,24061,23428,2000,3000,2000,2000,1000,0,1
30000,0,0,0,0,0,2,27889,26990,24706,25022,26405,25861,2875,4900,2000,2100,0,2500,0
30000,0,0,0,0,0,3,15280,16230,17153,17351,19509,18900,1500,1500,780,2600,0,900,1
30000,0,0,0,0,2,0,18910,20592,21949,24116,23430,25044,2000,2000,2535,0,2000,2300,0
30000,0,0,0,0,2,0,22517,24148,25437,28391,27801,28684,2000,2000,3700,0,1500,1500,0
30000,0,0,0,0,2,0,23837,24948,25611,29245,28686,26549,1800,1400,4000,0,2631,500,0
30000,0,0,0,0,2,0,24061,25156,25949,28478,27754,28186,1800,1500,3000,0,1001,2500,1
30000,0,0,0,0,2,0,25536,26635,27383,29061,28492,29850,1800,1500,2100,0,1800,1000,0
30000,0,0,0,0,2,2,10305,11327,12354,13840,13320,14501,1500,1514,2000,0,1400,0,0
30000,0,0,0,0,2,2,11554,12662,13744,14712,14334,15593,1300,1300,1200,0,1500,0,0
30000,0,0,0,0,2,2,15013,15856,18083,20275,20445,20971,1400,2500,2500,800,1000,800,0
30000,0,0,0,0,2,2,26769,27138,28122,29139,28534,30360,1500,1447,3000,0,2300,0,0
30000,0,0,0,0,2,2,29336,30047,29904,32025,32479,30894,1800,1470,3500,2000,0,1400,1
30000,0,0,0,2,0,0,23182,19083,19632,15252,14021,13793,2000,2000,0,1500,1353,0,0
30000,0,0,0,2,0,0,28218,28704,30428,28914,29357,29955,2000,3600,0,1200,1200,1300,0
30000,0,0,0,2,2,0,25686,27449,30286,29993,58134,28910,2500,3600,1390,0,1000,1500,0
30000,0,0,0,2,2,2,13135,14150,17210,16636,17908,17482,1240,3300,0,1548,0,637,0
30000,0,0,0,2,2,2,21969,23306,27851,27098,29866,29276,1706,5251,0,3519,0,1368,1
30000,0,0,0,2,2,2,24895,26476,28047,29767,30498,29890,2000,2000,2500,1500,0,1200,1
30000,0,0,0,2,2,2,25664,26693,28456,29687,30690,31093,1448,2211,2000,1626,1049,11,0
30000,0,0,2,0,0,0,13216,15003,15461,16204,16642,17067,2000,1000,1000,700,700,700,0
30000,0,0,2,0,0,0,18441,19936,20803,21655,22646,23764,1800,1500,1500,1500,1500,1500,1
30000,0,0,2,0,0,0,25111,27558,26552,27703,28128,28859,3551,0,1902,1022,1200,1200,0
30000,0,0,2,0,0,0,27429,29085,29282,29270,29078,28652,2403,1200,588,588,574,0,0
30000,0,0,2,0,0,0,27552,30686,29915,29994,27310,27778,3605,2,1731,1093,1026,1964,0
30000,0,0,2,0,0,0,27838,30715,29322,28015,28610,28884,3330,0,1148,1195,910,1000,0
30000,0,0,2,0,0,0,28401,31065,30031,29838,29651,1567,3434,0,597,593,31,0,1
30000,0,0,2,0,0,2,2433,4772,2897,3236,3575,1764,4000,0,2000,2000,0,1900,1
30000,0,0,2,0,0,2,12466,15333,14802,15523,18470,18834,3086,0,1276,3223,805,0,1
30000,0,0,2,2,0,0,12855,16012,16453,15891,16224,16710,3690,1000,0,589,756,1500,0
30000,0,0,2,2,0,0,24171,27393,28089,25805,21356,15158,3634,1451,9,1003,905,409,0
30000,0,0,2,2,0,0,27465,30386,31105,30270,29963,29661,3700,1500,0,1050,1250,2200,0
30000,0,0,2,2,2,-1,19321,23985,23321,25809,24985,700,5320,0,3316,0,700,0,1
30000,0,0,2,2,2,2,18497,21016,22178,21529,23863,22357,3153,1800,0,3000,0,4255,0
30000,0,0,2,2,2,2,22473,25293,24602,27964,27232,29800,3200,1,3801,0,3001,0,0
30000,0,0,2,2,3,2,21077,23793,23130,28790,28038,27451,3383,0,6380,0,0,2300,1
30000,0,0,4,3,2,0,19785,24633,23961,23289,22779,51224,5500,0,0,0,3400,512,0
30000,1,-2,-1,2,0,0,0,0,4070,3825,3825,0,0,4070,0,0,0,0,1
30000,1,-1,-1,-2,-2,-2,-100,100,0,0,0,0,200,0,0,0,0,0,0
30000,1,-1,-1,-2,-2,-2,0,780,0,0,0,0,780,0,0,0,0,0,1
30000,1,2,-1,2,2,-1,8910,7438,6242,4789,3597,21234,22,6245,3,6,30006,1221,0
30000,1,2,0,0,0,0,18034,16604,16635,15413,14296,9090,6,1335,2000,0,0,939,0
30000,1,2,0,0,0,0,23709,23047,24056,24380,24835,25423,0,1698,1022,1000,1000,1000,0
30000,1,2,0,0,0,0,27332,26600,27832,26897,27278,27851,0,2006,2000,1100,1137,1300,0
30000,1,2,0,0,0,0,29388,27850,28525,29091,28923,29553,0,1452,1018,1038,1100,964,0
30000,1,2,0,0,0,0,30335,29546,29826,29997,29789,29967,0,2000,1500,1000,2000,0,0
30000,1,2,0,0,0,0,30559,26457,27469,28013,28614,29636,129,1456,1000,1050,1500,1505,0
30000,1,2,0,0,0,0,30698,29034,28317,27872,28456,28230,0,1442,986,1021,1015,1143,1
30000,1,2,0,0,0,0,30724,29278,30393,29785,30377,30155,0,1600,1585,1377,1155,2600,1
30000,1,2,0,0,0,0,30814,29551,24034,21155,18413,0,0,1500,1150,900,0,0,1
30000,1,2,0,0,0,0,31089,10989,11997,12397,13043,13325,0,1200,600,1000,650,650,0
30000,1,2,0,0,0,0,33300,30920,31889,30278,26220,29968,0,2326,11406,524,6284,598,1
30000,1,2,0,0,0,2,16493,15545,16557,16857,18121,18375,0,1275,575,1539,700,0,1
30000,1,2,0,0,0,2,20518,19901,20905,21509,25183,24242,0,1342,946,4200,0,1000,0
30000,1,2,0,0,0,2,24172,23497,24817,25602,26535,26947,0,1715,1500,1500,1000,4670,0
30000,1,2,0,0,2,0,22320,21674,22995,24310,23781,25383,0,1685,2000,0,2000,1000,1
30000,1,2,0,0,2,0,29717,28569,29168,30566,29229,26260,0,2000,2200,0,1100,1100,0
30000,1,2,0,0,2,2,22284,21637,22981,24996,24309,26980,0,1682,2697,0,3219,0,0
30000,1,2,0,0,2,2,29846,28941,18643,19005,12751,10891,0,4000,600,0,2500,419,0
30000,1,2,2,-2,-1,3,10211,6314,0,0,600,300,0,0,0,600,0,0,1
30000,1,2,2,-1,0,0,3997,2522,0,1919,2658,2497,0,0,1919,2000,1100,201,1
30000,1,2,2,0,0,-1,24597,26852,23117,24800,29410,23905,3000,0,3000,5000,23905,23771,0
30000,1,2,2,0,0,-1,30937,32627,31827,32080,30890,990,2500,0,1200,0,990,8721,0
30000,1,2,2,0,0,0,1623,2441,3244,4034,4812,6210,1000,1000,1000,1000,1500,0,1
30000,1,2,2,0,0,0,5231,6299,6052,6299,7190,7469,1300,0,500,1000,400,1500,1
30000,1,2,2,0,0,0,24095,24796,23722,24630,24934,25264,1398,0,1696,1000,1500,500,0
30000,1,2,2,0,0,0,24599,23397,22721,22403,21972,22512,1700,0,1700,900,1000,900,0
30000,1,2,2,0,0,0,26026,27300,26577,28120,29659,30394,2000,0,2000,2000,1200,1000,0
30000,1,2,2,0,0,0,29010,29256,28122,29836,1630,0,1000,85,1714,104,0,0,1
30000,1,2,2,0,0,0,30128,31325,29953,30332,29871,28977,2000,0,1962,1395,1000,2000,0
30000,1,2,2,0,0,0,31230,31348,28034,26251,24133,22527,2007,8,2007,1005,782,2009,1
30000,1,2,2,2,-1,0,18829,19223,20599,15642,23789,20562,1000,2014,6,25700,800,1989,1
30000,1,2,2,2,0,0,9303,9009,13861,13344,13972,18735,0,5000,0,1000,5000,0,0
30000,1,2,2,2,0,0,27262,26545,28590,27831,28433,30257,0,2800,0,1050,2300,0,1
30000,1,2,2,2,0,0,29334,28198,29497,28268,30817,17219,0,2457,0,3000,344,0,0
30000,1,2,2,2,2,2,11167,13281,13773,14647,14713,14337,2600,1000,1400,600,0,700,1
30000,1,2,2,2,2,2,12603,13103,13785,13911,13548,14465,1000,1200,646,0,1300,1000,0
30000,1,2,2,2,2,2,26330,25608,28781,28000,29779,27343,0,3600,0,2524,0,1139,0
30000,1,2,2,2,2,2,26568,27456,27915,27185,28806,28208,1600,1200,0,2200,0,2500,0
30000,1,2,2,2,2,2,28850,28102,30324,27446,29329,29720,0,2700,0,2300,1000,0,1
30000,1,2,2,2,2,2,29201,30406,31295,29929,27744,28117,2000,1700,954,0,2253,1106,1
30000,1,2,2,2,2,2,53720,52268,49338,44430,40875,40272,0,3000,1000,2000,5000,0,0
30000,1,2,2,2,3,2,25829,25121,27988,30515,29738,29126,0,3600,3300,0,0,1100,0
30000,1,2,3,2,2,0,17835,21220,20563,18676,18281,17261,4000,0,1000,0,2000,2000,0
30000,1,3,2,0,0,0,14717,14190,12900,11006,5584,5268,0,0,2046,0,0,0,1
30000,1,3,2,0,0,0,31405,30588,26860,21165,21281,22938,0,0,1646,762,2000,0,1
30000,1,3,2,2,2,2,16368,15825,15274,17018,16608,18020,0,0,2000,0,2000,0,0
30000,1,3,2,2,2,2,22494,21845,21207,23491,22818,24321,0,0,2645,0,2029,1027,1
30000,1,3,3,2,0,0,25601,26886,26185,25470,25751,27179,2000,0,0,1000,2000,1000,0
30000,1,4,3,2,2,3,14557,14039,13528,13810,14488,13971,0,0,800,1200,0,0,1
30000,1,7,6,5,4,3,30826,30384,29656,28914,28172,27444,0,0,0,0,0,0,1
30000,2,0,0,-2,-2,-2,28603,28785,0,0,0,0,1000,0,0,0,0,0,1
30000,2,0,0,0,0,0,5288,6310,8693,11541,13344,15118,1117,2500,3000,2000,2000,553,1
30000,2,0,0,0,0,0,14546,15570,16882,16911,17416,17608,1265,1577,606,778,630,653,1
30000,2,0,0,0,0,0,17287,14493,17240,19934,22441,24899,3000,3000,3000,3000,3000,0,0
30000,2,0,0,0,0,0,23575,24584,25885,26851,26808,27599,1400,1700,1900,557,1000,2000,0
30000,2,0,0,0,0,0,25037,18486,19082,19145,15839,9335,2000,2000,2500,2000,2000,4000,0
30000,2,0,0,0,0,0,25366,26554,27435,28270,28632,30193,2000,2000,2000,1500,2400,1100,1
30000,2,0,0,0,0,0,26627,27631,29179,30146,26371,27567,1452,2000,1500,933,2000,3000,1
30000,2,0,0,0,0,0,27216,28420,27929,28920,27997,28378,3003,1482,1703,1001,1500,1845,1
30000,2,0,0,0,0,0,27380,27384,28944,29850,29523,28925,1440,2000,1741,1164,1027,1500,0
30000,2,0,0,0,0,0,27458,21203,18394,19560,13035,13836,1267,1342,1508,500,1000,1102,1
30000,2,0,0,0,0,0,28328,29505,25362,19493,5765,0,1704,1250,390,115,0,0,0
30000,2,0,0,0,0,0,29144,30419,30097,25887,25707,0,2033,1420,0,92,0,0,1
30000,2,0,0,0,0,0,29742,30266,45414,21331,21987,22452,1406,1366,1000,1000,980,1000,1
30000,2,0,0,0,0,0,30346,29885,20453,16076,15844,15785,1702,1531,1544,702,724,557,1
30000,2,0,0,0,0,0,31548,30226,31237,13511,13781,14070,1665,1676,1223,493,511,514,0
30000,2,0,0,0,0,2,23421,24228,25331,26347,27508,30118,1500,1500,1439,1600,3200,0,1
30000,2,0,0,0,0,2,27358,25652,26723,27104,28616,29102,1750,1800,1118,2100,1100,0,0
30000,2,0,0,2,-1,-1,23243,24394,25693,25760,165,0,1704,2168,1000,165,0,0,1
30000,2,0,0,2,2,2,16089,17127,19108,18503,20100,19629,1300,2272,0,1900,0,1000,1
30000,2,0,0,2,3,2,22957,23978,26749,28085,27344,26768,1707,3478,2073,0,0,1129,1
30000,2,2,-2,-2,-2,-2,3462,-334,-1170,-1560,-1950,-1620,0,0,0,0,1620,900,1
30000,2,2,0,0,0,0,26590,25869,26947,27529,24909,24576,0,1800,1370,1264,2078,836,1
30000,2,2,0,0,0,0,30082,29315,30369,29787,30284,29057,0,1750,1025,1100,1500,1000,0
30000,2,2,0,0,0,0,31207,30399,30147,29366,29555,29793,0,2000,1500,1010,1055,1089,1
30000,2,2,0,0,0,0,36328,35291,36775,36914,33305,33688,0,2206,1500,2000,6000,6000,0
30000,2,2,0,0,0,2,9884,9586,10318,10522,11354,11022,0,1200,375,1000,0,1000,1
30000,2,2,0,0,2,2,15955,15410,17149,18362,18919,19161,0,2000,1500,1000,700,0,1
30000,2,2,0,0,2,2,31073,30279,30428,30485,31012,30402,0,1500,2700,1300,0,1117,1
30000,2,2,2,-1,-1,2,200,200,200,29847,30089,27957,0,0,29847,340,0,0,0
30000,2,2,2,0,0,0,20501,25151,24453,24849,25399,27020,5000,0,1100,1100,2200,1200,0
30000,2,2,2,0,0,0,22323,25961,25141,22272,22844,19436,4000,9,1000,1013,1300,10000,1
30000,2,2,2,0,0,0,25811,29066,28322,29251,15525,0,3700,0,1800,3925,0,0,1
30000,2,2,2,0,0,0,26133,28926,28167,28568,29019,30430,3526,0,1168,1060,1900,0,0
30000,2,2,2,0,0,2,4641,7071,6811,6795,7342,7075,2521,0,245,658,0,268,1
30000,2,2,2,0,0,2,15361,18274,17697,18416,20099,21631,3175,0,1317,2000,2000,0,1
30000,2,2,2,0,0,2,21034,27321,26589,27050,29446,28825,7000,0,1200,3000,0,2000,1
30000,2,2,2,0,0,2,23498,26400,25682,26155,27972,27374,3600,0,1200,2400,0,2300,1
30000,2,2,2,2,0,0,33382,34547,35100,32859,32041,31262,2000,1500,0,1112,1175,2200,1
30000,2,2,2,2,0,0,35991,35751,34639,32493,32001,33064,2000,1200,0,1500,3100,0,1
30000,2,2,2,2,2,0,24357,27453,26718,28168,27579,28321,3500,0,2200,0,1200,1250,0
30000,2,2,2,2,2,2,7593,9634,4476,8830,8153,6422,2379,7,7002,13,155,1,0
30000,2,2,2,2,2,2,12376,13475,12973,15144,14603,15767,1600,0,2700,0,1400,0,1
30000,2,2,2,2,2,2,14870,16327,16762,17182,17760,17327,2000,1000,1000,1000,0,1000,1
30000,2,2,2,2,2,2,17585,18598,19379,19762,20141,19680,1600,1379,1000,1000,0,1700,1
30000,2,2,2,2,2,2,18499,20391,20758,21118,21632,22129,2500,1000,1000,1000,1000,0,1
30000,2,2,2,2,2,2,19608,20696,20071,21432,21704,21205,1700,0,2000,760,0,2000,1
30000,2,2,2,2,2,2,21767,24764,24031,25001,24531,21743,3363,0,1600,0,2000,0,1
30000,2,2,2,2,2,2,26799,26002,27293,26551,30223,30592,5000,2000,0,4400,1600,0,0
30000,2,2,2,2,2,2,28207,29261,28497,29862,43148,30603,1800,0,2150,900,3776,0,1
30000,2,2,2,2,2,2,28766,27183,30023,29243,31262,30327,0,3600,0,2800,0,1080,1
30000,2,2,2,2,2,2,30372,30954,30670,29856,30584,27883,1805,2074,0,2304,0,2400,1
30000,2,2,2,2,3,2,26008,27091,27648,29297,28544,29125,1800,1300,2400,0,1200,2500,1
30000,2,2,7,7,7,7,2450,2450,2450,2450,2450,2450,0,0,0,0,0,0,1
30000,2,3,2,2,0,0,21403,20766,21637,22473,23312,23419,0,1500,1500,1500,1500,1500,1
30000,2,3,2,2,2,3,27000,26286,26556,26818,29425,28662,0,1000,1000,3200,0,0,0
30000,2,4,3,2,0,0,31529,30752,29991,29192,28210,28543,0,0,0,1100,1300,2000,0
30000,2,4,4,3,2,2,28854,30467,29721,28961,29397,29988,2372,0,0,1200,1200,1163,0
30000,3,2,0,0,0,-1,3379,1715,1170,780,390,150,0,1100,0,0,150,780,0
30000,3,2,0,0,0,0,13784,13277,13984,14350,14650,15156,0,1234,600,532,750,825,1
30000,3,2,0,0,0,0,14190,12900,11006,5584,5268,4112,0,2046,0,0,0,915,1
30000,3,2,2,-1,-1,-1,1660,856,428,428,13749,659,428,0,428,13749,659,5548,0
30000,3,2,2,0,0,0,29508,30634,29827,28661,28608,30647,1900,0,4455,1047,2500,1060,0
30000,3,2,2,0,0,0,29657,30320,28991,29066,29340,30786,1763,0,1178,1223,2435,1200,1
30000,3,2,2,2,-1,-1,200,200,200,200,29847,30089,0,0,0,29847,340,0,0
30000,3,2,2,2,0,0,18585,19301,19702,19102,19508,19899,1300,1000,0,700,700,1000,1
30000,3,2,2,2,0,0,21167,20529,24191,23510,24813,25264,0,4000,0,2000,1000,2000,1
30000,3,2,2,2,2,2,9095,10297,9988,11708,11223,12079,1500,0,1892,0,1042,700,1
30000,3,2,2,2,2,3,9340,10533,10221,16808,17738,17174,1500,0,6808,1502,0,0,1
30000,3,2,2,5,5,4,1200,1200,1200,1200,1200,600,0,0,0,0,0,0,1
30000,4,3,2,2,2,2,22303,21657,21022,23661,22983,25607,0,0,3000,0,3000,0,1
30000,4,3,2,2,3,2,15847,15308,15910,16752,16197,16583,0,1150,1400,0,800,0,1
30000,4,4,3,2,0,0,15947,15410,14881,14124,14172,1270,0,0,0,48,0,0,0
30000,4,4,3,2,3,2,29944,29399,28632,30363,29594,30932,206,0,2500,0,2000,0,0
30000,5,4,3,2,0,0,32755,31973,30937,29999,29214,29846,0,0,6,1054,1111,0,1
40000,-1,-1,-1,0,-1,0,1946,17810,2872,396,2462,396,17810,2872,0,2462,0,17188,1
40000,-1,-1,-1,2,-1,-1,1860,1979,4167,1979,1979,1979,2279,4167,0,1979,1979,1775,0
40000,-1,0,0,0,0,0,19537,20416,21151,21884,26213,30480,1500,1356,1380,5000,5000,1128,0
40000,-1,0,0,2,2,0,977,1787,2566,3174,2634,1547,1190,1349,1200,0,547,231,0
40000,-1,2,2,2,2,2,14310,13788,16345,16531,16467,16061,0,3100,750,500,0,1500,0
40000,0,0,-2,-2,-2,-2,23330,0,0,0,0,0,0,0,0,0,0,0,0
40000,0,0,0,-1,0,0,33563,20539,2360,38639,8899,0,1204,1000,38639,178,0,0,0
40000,0,0,0,0,-2,-2,35735,29772,23602,0,0,0,2017,1206,0,0,0,0,0
40000,0,0,0,0,0,-2,26449,22072,19085,17550,0,0,1303,1665,1000,0,0,0,0
40000,0,0,0,0,0,0,13033,14041,15065,16077,16396,16739,1232,1256,1268,587,607,611,0
40000,0,0,0,0,0,0,24230,25840,27556,27447,26254,29645,2000,2500,1500,1500,4000,0,0
40000,0,0,0,0,0,0,26133,26896,27961,28995,29612,30434,1500,1500,1500,1100,1300,1200,1
40000,0,0,0,0,0,0,28140,32343,39717,37263,35224,34111,5000,8017,7000,4000,5000,5000,1
40000,0,0,0,0,0,0,30096,30819,13816,10291,7441,7435,1300,2013,319,415,266,277,1
40000,0,0,0,0,0,0,36917,38260,32680,23472,25436,34309,2000,2000,1000,3000,10000,1142,0
40000,0,0,0,0,0,0,40848,39270,40929,40528,39575,40526,1650,2300,1600,1330,1500,1500,0
40000,0,0,0,0,0,0,144397,147924,26974,22710,37977,39347,3988,2014,799,32001,2000,1000,1
40000,0,0,0,0,0,2,37540,38611,39508,38674,38410,37661,1976,1873,1300,2824,0,2000,0
40000,0,0,0,0,0,2,87313,88918,92387,94078,101340,20650,2729,3692,2846,7540,0,0,0
40000,0,0,0,0,2,0,5366,6541,16390,9891,9594,9798,1273,2000,3538,0,500,500,0
40000,0,0,0,0,2,2,6586,7618,8484,10333,10023,11258,1300,1150,2000,0,1400,0,0
40000,0,0,0,0,2,2,40633,40311,39380,41389,40628,41389,4300,2000,2938,0,3700,0,0
40000,0,0,0,2,2,2,37005,38084,41156,39986,40465,36745,2000,4000,0,1000,0,0,1
40000,0,0,2,2,2,2,21590,24326,23642,25936,25384,26905,3400,0,3000,0,2100,0,1
40000,0,0,2,2,2,2,34378,37584,38072,37160,39628,40428,3768,1400,0,3081,1600,0,1
40000,0,0,2,2,3,2,34664,37611,36726,40985,40085,39354,3524,0,4898,0,0,1800,0
40000,1,2,0,0,0,0,34364,33512,34549,35572,36481,37889,0,1577,1600,1500,2000,2000,1
40000,1,2,2,2,2,2,23734,24644,25749,26127,26401,25839,1600,1800,1100,1000,0,2300,1
40000,1,3,2,2,3,2,9268,8974,8885,10583,10269,9960,0,200,2000,0,0,1200,0
40000,2,0,0,0,0,0,10181,11058,11471,11776,12660,12660,2500,2000,1500,2330,2300,1000,1
40000,2,0,0,2,2,0,36460,37549,40527,41036,39103,38945,2000,3900,1500,0,1600,1600,1
40000,2,0,0,2,2,2,25618,26701,30421,29633,31548,30889,1800,4500,0,2400,0,3000,1
40000,2,2,-1,-1,-1,2,780,0,390,540,1080,540,0,390,540,1080,0,780,0
40000,2,2,0,0,0,0,36650,29541,26190,26710,27274,29551,0,1435,955,993,2734,0,0
40000,2,2,2,0,0,0,8160,9197,9895,11420,12723,14360,1327,1000,2000,1500,2000,0,1
40000,2,2,2,0,0,0,19827,20709,21070,21420,23066,23683,1500,1000,1000,2000,1000,894,1
40000,2,2,2,2,0,0,31121,30343,34021,33177,33870,34537,0,4514,0,1378,1382,1427,1
40000,2,2,2,2,2,0,27255,26532,29089,28522,28914,29482,0,3000,200,1000,1200,1300,1
40000,2,2,2,2,2,2,22241,23273,24204,24510,24811,24274,1700,1600,1000,1000,0,2000,1
40000,2,2,2,3,2,3,27324,30108,32515,31698,33581,32772,3573,3206,0,2700,0,0,1
40000,3,2,2,0,0,2,14186,15264,14708,14704,16997,16568,1600,0,500,2500,0,209,0
50000,-2,-2,-2,-2,-2,-2,0,0,0,0,0,0,0,0,0,0,0,0,0
50000,-2,-2,-2,-2,-2,-2,0,0,0,0,0,0,0,0,0,0,0,0,0
50000,-2,-2,-2,-2,-2,-2,0,0,0,0,0,0,0,0,0,0,0,0,0
50000,-2,-2,-2,-2,-2,-2,0,0,0,0,0,0,0,0,0,0,0,0,0
50000,-2,-2,-2,-2,-2,-2,0,0,0,0,0,0,0,0,0,0,0,0,0
50000,-2,-2,-2,-2,-2,-2,0,0,0,0,0,0,0,0,0,0,0,0,0
50000,-2,-2,-2,-2,-2,-2,0,0,0,0,0,0,0,0,0,0,0,0,0
50000,-2,-2,-2,-2,-2,-2,0,0,0,0,0,0,0,0,0,0,0,0,0
50000,-2,-2,-2,-2,-2,-2,0,0,0,0,0,0,0,0,0,0,0,0,0
50000,-2,-2,-2,-2,-2,-2,0,0,0,0,0,0,0,0,0,0,0,0,0
50000,-2,-2,-2,-2,-2,-2,0,0,0,0,0,0,0,0,0,0,0,0,1
50000,-2,-2,-2,-2,-2,-2,0,0,0,0,0,0,0,0,0,0,0,0,0
50000,-2,-2,-2,-2,-2,-2,390,390,0,780,0,0,390,0,780,0,0,0,0
50000,-2,-2,-2,-2,-2,-2,588,592,390,390,280,720,592,390,390,280,913,390,0
50000,-2,-2,-2,-2,-2,-2,49703,50237,26924,27458,28036,28772,1761,1448,982,1020,1200,1155,0
50000,-2,-2,-2,-2,-2,-2,49860,50187,50022,20114,18777,18273,2500,1289,917,1315,5042,2512,0
50000,-2,-2,-2,-2,-1,-1,3477,1909,1726,991,5777,5968,1909,1726,991,5782,5968,2045,0
50000,-1,-1,-2,-2,-2,-2,2454,0,0,0,0,0,0,0,0,0,0,0,0
50000,-1,-1,-2,-2,-2,-2,2675,0,0,0,0,0,0,0,0,0,0,0,1
50000,-1,-1,-2,-1,-1,0,594,0,0,51400,11330,12144,0,0,51400,11330,1000,1000,0
50000,-1,-1,-2,-1,0,0,6018,0,0,6085,6085,5605,0,0,6085,0,0,6690,0
50000,-1,-1,-1,-1,-2,-1,1232,1846,697,364,0,760,1846,697,364,0,760,5862,0
50000,-1,-1,-1,-1,-1,-2,390,0,390,780,0,0,0,390,780,0,0,0,1
50000,-1,-1,-1,-1,-1,-2,2543,14335,566,5243,0,0,14439,566,5243,0,0,1380,0
50000,-1,-1,-1,-1,-1,-1,65,0,1271,940,110,0,0,1271,949,110,0,558,1
50000,-1,-1,-1,-1,-1,-1,390,390,390,390,390,390,390,390,390,390,390,390,1
50000,-1,-1,-1,-1,-1,-1,390,390,390,390,390,390,390,390,390,390,390,390,0
50000,-1,-1,-1,-1,-1,-1,390,390,390,390,390,390,390,390,390,390,390,390,0
50000,-1,-1,-1,-1,-1,-1,390,390,390,390,390,390,390,390,390,390,390,390,0
50000,-1,-1,-1,-1,-1,-1,390,390,390,390,390,390,390,390,390,390,390,390,1
50000,-1,-1,-1,-1,-1,-1,390,1726,390,390,390,390,1726,390,390,390,390,540,0
50000,-1,-1,-1,-1,-1,-1,451,-49,6258,1032,2766,1401,0,6307,1035,3164,1405,1507,0
50000,-1,-1,-1,-1,-1,-1,493,493,493,493,493,493,493,493,493,493,493,493,0
50000,-1,-1,-1,-1,-1,-1,574,801,686,527,312,442,801,686,527,312,442,8016,0
50000,-1,-1,-1,-1,-1,-1,586,297,3674,1392,3085,3450,297,3675,1392,3086,3492,3721,1
50000,-1,-1,-1,-1,-1,-1,900,2757,4893,390,390,1670,3147,4893,390,390,1670,1890,0
50000,-1,-1,-1,-1,-1,-1,980,3413,1068,1386,2800,3696,3500,11000,2000,2000,6396,3000,0
50000,-1,-1,-1,-1,-1,-1,1121,-13,2254,1338,0,757,0,2267,1338,0,757,0,0
50000,-1,-1,-1,-1,-1,-1,1261,1261,1261,1261,1261,1261,1261,1261,1261,1261,1261,1261,0
50000,-1,-1,-1,-1,-1,-1,2531,14504,22553,14900,6758,3727,14608,22730,14911,6758,3727,2440,0
50000,-1,-1,-1,-1,-1,-1,7061,2229,10939,12575,1341,998,2233,10939,12575,1341,998,820,0
50000,-1,-1,-1,-1,-1,-1,11684,45135,34539,7000,6000,0,45135,34539,7000,6000,0,0,0
50000,-1,-1,-1,-1,-1,0,780,0,390,390,28094,28263,0,390,390,28094,1011,965,0
50000,-1,-1,-1,-1,-1,0,17453,7802,22214,4985,6551,7117,8338,22232,4985,6551,5000,5000,0
50000,-1,-1,-1,-1,-1,2,390,390,390,390,930,390,390,390,390,930,0,780,1
50000,-1,-1,-1,-1,0,0,496,454,-42,13109,13266,13401,454,0,14109,1000,1000,1000,0
50000,-1,-1,-1,0,0,-1,2522,0,18171,17051,390,16526,0,18171,341,0,16526,324,0
50000,-1,-1,-1,0,0,0,238,-152,48257,48455,48195,48828,0,48799,1773,1711,1785,1745,1
50000,-1,-1,-1,0,0,0,1303,801,11512,11512,8490,0,801,11512,0,0,0,950,0
50000,-1,-1,0,0,0,0,636,2228,3287,4843,6379,6878,4600,1500,2000,2000,1000,3000,0
50000,-1,-1,0,0,0,0,3352,18685,15868,11348,7822,7357,18685,1105,500,500,500,1000,0
50000,-1,-1,2,-1,-1,-1,390,780,390,390,390,1320,780,0,390,390,1320,0,0
50000,-1,-1,2,-1,-1,-1,819,3003,1677,1177,1313,1085,2184,5,1180,1316,1088,0,0
50000,-1,-1,2,-1,-1,0,2896,1360,812,4012,28672,28875,1500,500,4100,28800,1011,1041,0
50000,-1,-1,2,0,-1,-1,18965,21647,20731,13555,2338,41191,3000,15,587,2338,41191,18957,0
50000,-1,-1,3,2,-1,2,263,1209,946,576,18611,17721,1209,0,0,18611,0,920,0
50000,-1,0,-1,-1,-1,-2,12725,34526,12787,3995,0,0,30018,12787,3995,0,0,0,0
50000,-1,0,0,0,-2,-2,5310,34105,34536,0,0,0,29000,1000,0,0,0,0,1
50000,-1,0,0,0,-1,0,1853,3656,4400,0,1704,3715,2000,1000,0,1704,2011,0,0
50000,-1,0,0,0,0,-2,23974,24131,25326,25775,0,0,1800,1900,1300,0,0,0,0
50000,-1,0,0,0,0,0,5433,12906,7044,6787,6534,6277,1117,1098,231,234,238,175,1
50000,-1,0,0,0,0,0,6945,7185,3412,4158,6158,2133,2000,2000,1000,2000,2000,2000,0
50000,-1,0,0,0,0,0,8540,9875,11396,13190,14967,16551,1479,2000,2000,2000,2000,4060,0
50000,-1,0,0,0,0,0,10498,8238,6411,5341,3483,4093,1345,1000,2000,1000,1000,2000,0
50000,-1,0,0,0,0,0,15036,15790,18202,18601,19138,18319,1300,2701,700,847,655,700,0
50000,-1,0,0,0,0,0,25622,33564,25680,13577,1148,-6,10122,10028,5000,6,0,0,0
50000,-1,0,0,0,0,0,45107,30617,22324,18587,20316,18271,2000,2000,1000,2000,1000,2950,1
50000,-1,0,0,0,2,0,48846,48136,72898,36103,29384,29356,1904,3700,5396,6,1003,1449,0
50000,-1,0,0,2,2,2,865,1893,3991,3748,3748,-3148,1202,2300,0,0,4999,0,0
50000,-1,2,-1,-1,-1,-1,780,390,390,390,390,780,0,390,390,390,780,0,0
50000,-1,2,-1,-1,-1,-1,4959,423,3139,2464,6170,0,0,6024,5428,6170,0,0,0
50000,-1,2,0,0,0,0,15609,14686,15831,16884,18070,19218,0,2100,2000,2000,2000,2000,1
50000,-1,2,2,2,0,0,23912,23242,25451,24743,25263,25763,0,2600,0,918,921,1127,0
50000,-1,2,2,2,2,0,53746,51631,50880,51034,46154,42852,0,5160,1753,0,1508,5000,1
50000,0,-1,-1,-1,-2,-2,19869,15584,4377,0,0,0,15584,4377,0,0,0,0,0
50000,0,-1,-1,-1,-1,-1,1473,390,390,390,0,780,390,390,390,0,780,0,1
50000,0,-1,-1,-1,-1,-1,1582,300,591,441,741,441,300,591,441,741,441,291,0
50000,0,-1,-1,-1,-1,0,1500,2000,1382,-118,13656,13927,2000,1382,0,13925,498,516,0
50000,0,-1,-1,-1,-1,0,11045,3115,7161,5351,791,47774,3115,7161,5351,791,46983,2025,0
50000,0,-1,-1,0,0,-2,14814,9631,36631,29150,0,0,10755,36671,583,0,0,0,0
50000,0,-1,-1,2,2,-1,10901,16877,9673,7755,6701,15567,22514,4000,8,3000,19000,3500,1
50000,0,-1,0,-1,-1,0,17250,8560,4725,8933,11784,9927,8560,1600,8933,11784,199,8287,0
50000,0,0,-2,-2,-2,-2,4136,0,0,0,0,0,0,0,0,0,0,0,0
50000,0,0,-2,-2,-2,-2,9156,0,0,0,0,0,0,0,0,0,0,0,1
50000,0,0,-2,-2,-2,-2,30900,0,0,0,0,0,0,0,0,0,0,0,1
50000,0,0,-2,-1,-1,0,102800,0,0,2624,45567,46557,0,0,2624,45567,1747,2000,0
50000,0,0,-1,-1,-2,-2,14500,0,790,3696,6696,5724,0,790,3696,3000,5724,2271,0
50000,0,0,-1,-1,-1,-2,23266,16093,19906,11132,0,0,5224,19906,11132,0,0,0,0
50000,0,0,-1,-1,-1,-1,3377,4256,4207,694,238,0,1000,4207,694,238,0,0,0
50000,0,0,-1,-1,-1,-1,11550,11368,138,1022,316,450,1000,200,1200,600,600,600,0
50000,0,0,-1,-1,-1,-1,18771,10655,1659,6524,29949,3268,10000,1659,6546,29949,3268,399,0
50000,0,0,-1,-1,-1,-1,42821,6609,1600,5087,4270,7881,1008,1600,5087,4270,7881,1000,0
50000,0,0,-1,-1,-1,0,11014,11092,692,1184,24119,24027,1402,694,1186,34029,1002,1023,0
50000,0,0,-1,-1,0,0,25254,26366,510,16121,17539,19088,2000,510,16121,2000,2000,998,0
50000,0,0,-1,0,-1,-1,10723,9872,658,1473,1473,1473,1000,658,1000,1473,1473,540,0
50000,0,0,-1,0,-1,-1,46811,40458,50622,42132,15311,19387,1036,50622,1149,15311,19387,385,0
50000,0,0,-1,0,-1,0,8481,2158,3359,2158,2470,662,1000,3359,1000,2470,500,1500,0
50000,0,0,-1,0,0,-1,2410,0,4494,3034,2327,5892,0,4494,61,47,5892,164,0
50000,0,0,-1,0,0,-1,4041,1343,2174,3479,3006,810,1200,2500,3000,1000,900,48578,0
50000,0,0,-1,0,0,-1,30121,31295,19100,18900,0,3900,2295,19100,0,0,3900,0,0
50000,0,0,-1,0,0,0,1804,5195,15371,14163,15517,14685,4000,15387,1500,2000,1000,2000,0
50000,0,0,-1,0,0,0,45192,9920,16991,17727,18391,18490,5000,31991,1500,1200,10000,1000,0
50000,0,0,-1,0,0,0,48423,44450,956,976,1976,2939,2150,956,20,1000,1000,1000,1
50000,0,0,-1,0,0,0,53540,53321,49263,29063,26644,27201,1066,50045,992,1000,1000,1008,0
50000,0,0,-1,2,0,0,21998,15299,32514,26479,27396,27789,2063,33730,0,1500,1000,1019,0
50000,0,0,0,-2,-2,-2,12806,13490,0,0,0,0,7522,0,0,0,0,0,1
50000,0,0,0,-2,-2,-2,26380,26439,-200,-200,-200,-200,1000,0,0,0,0,0,0
50000,0,0,0,-2,-2,-2,47454,30680,-220,-1000,-1000,0,3000,220,780,0,1000,0,0
50000,0,0,0,-2,-2,-2,48612,50525,0,0,0,0,3000,0,0,0,0,0,0
50000,0,0,0,-2,-2,-2,50180,51400,0,0,0,0,2400,0,0,0,0,0,1
50000,0,0,0,-2,-2,-2,50419,40200,0,0,0,0,1000,0,0,0,0,0,1
50000,0,0,0,-2,-2,-1,6450,10744,0,0,0,239,4500,0,0,0,239,3363,1
50000,0,0,0,-2,-2,-1,48729,19598,0,0,0,402,1000,402,0,0,402,19603,0
50000,0,0,0,-2,-2,-1,50456,51400,0,0,0,10400,2400,0,0,0,10400,0,0
50000,0,0,0,-1,-1,-2,25140,23936,11107,1210,0,0,1252,1093,1210,0,0,0,0
50000,0,0,0,-1,-1,-1,27433,12916,6509,4417,0,4331,1161,1000,5254,4166,8497,4679,0
50000,0,0,0,-1,-1,-1,45771,23343,0,3400,2769,0,2266,0,3400,2769,1700,0,0
50000,0,0,0,-1,-1,0,49334,48237,49496,10353,4337,15017,5000,2510,10371,16533,11017,698,1
50000,0,0,0,-1,-1,2,10745,8473,4390,19206,20486,15252,1200,1000,19206,1500,0,345,0
50000,0,0,0,-1,0,-1,48187,48344,46895,49161,6690,5665,46895,1775,51209,428,5665,8745,1
50000,0,0,0,-1,0,0,56672,53540,53321,49263,29063,26644,2500,1066,50045,992,1000,1000,0
50000,0,0,0,-1,2,0,50564,49710,0,50551,40590,39384,2686,0,50551,0,1600,1500,0
50000,0,0,0,-1,2,0,50679,45126,37800,51457,50463,41758,2033,1900,51457,0,1642,1538,1
50000,0,0,0,0,-2,-2,6350,3239,4166,0,0,0,1100,1000,0,0,0,0,1
50000,0,0,0,0,-2,-2,17870,9230,10000,0,0,0,1500,1000,0,0,0,0,1
50000,0,0,0,0,-2,-2,33243,16290,12594,0,0,0,2000,2010,0,0,0,0,0
50000,0,0,0,0,-2,-2,34326,34110,3552,0,0,0,3000,3505,0,0,0,0,0
50000,0,0,0,0,-2,-2,35176,30250,12625,0,0,0,2007,5000,0,0,0,0,0
50000,0,0,0,0,-2,-2,49631,49641,50355,0,0,0,3000,2000,0,0,0,0,0
50000,0,0,0,0,-2,-1,28249,19304,5742,0,-30481,58,1196,2000,8,0,40058,49163,1
50000,0,0,0,0,-1,-1,12246,11901,11631,11035,1335,90,1196,1261,1000,1335,90,1335,0
50000,0,0,0,0,-1,-1,21696,8987,9604,9800,500,0,1383,1000,196,500,0,0,0
50000,0,0,0,0,-1,-1,47790,18114,18250,-14,72,658,2000,1000,2000,500,1000,20011,0
50000,0,0,0,0,-1,-1,50062,34819,48909,15033,3198,0,2000,15412,870,3198,0,0,0
50000,0,0,0,0,-1,0,22854,31329,23927,0,83,20083,9000,1507,0,83,20000,600,0
50000,0,0,0,0,-1,0,49008,49198,34239,14448,28799,29199,2171,2021,930,31074,1503,1030,0
50000,0,0,0,0,-1,0,49241,26539,53920,0,47566,48393,1600,1000,2500,47566,1700,2000,0
50000,0,0,0,0,-1,0,50784,50670,50222,20013,39721,30526,2300,2000,1682,41803,1261,1200,0
50000,0,0,0,0,0,-2,9014,9608,12025,16025,0,0,3000,3000,4000,0,0,0,0
50000,0,0,0,0,0,-2,26666,21062,6495,2207,0,0,2000,2000,1000,0,0,0,0
50000,0,0,0,0,0,-2,27172,28078,21165,1515,0,0,1390,1650,1000,0,0,0,0
50000,0,0,0,0,0,-2,29969,17791,12592,5022,780,390,1281,1099,1009,10000,0,17458,0
50000,0,0,0,0,0,-2,47709,47838,49597,43885,0,0,3007,5230,1927,0,0,0,0
50000,0,0,0,0,0,-2,48796,48797,49115,47991,0,0,2000,2000,1018,0,0,0,0
50000,0,0,0,0,0,-1,5976,6405,6828,6229,390,390,2000,2000,1004,10,390,390,0
50000,0,0,0,0,0,-1,15639,10504,11824,13018,12303,18584,1200,1500,1500,281,18584,1000,0
50000,0,0,0,0,0,-1,24380,23325,21940,20718,24048,5017,1366,1400,1200,5000,5017,71,0
50000,0,0,0,0,0,-1,40756,48482,47226,11151,-2897,48211,10000,2500,3002,1500,52000,1900,1
50000,0,0,0,0,0,-1,44168,44727,26135,26730,12180,18179,1410,2000,1167,1017,18179,651,0
50000,0,0,0,0,0,-1,46185,47570,38984,23566,21652,3612,3000,4022,3034,5000,3700,20775,1
50000,0,0,0,0,0,-1,49378,49744,40859,20706,-1166,19133,2500,1500,1206,0,20689,697,0
50000,0,0,0,0,0,-1,49411,50385,50207,48974,19090,780,2100,2183,1211,1362,390,780,0
50000,0,0,0,0,0,0,2389,3405,4414,4653,4596,4688,1064,1073,312,166,168,174,0
50000,0,0,0,0,0,0,3238,4672,2865,3878,4809,5726,1500,1056,1069,1000,1000,255,0
50000,0,0,0,0,0,0,4151,5162,6184,7194,7336,7490,1088,1110,1120,262,272,273,1
50000,0,0,0,0,0,0,4309,10834,15251,12159,9581,15222,7000,8000,9400,1000,6000,3000,0
50000,0,0,0,0,0,0,4821,15898,16862,16110,18458,19112,12000,1551,579,3000,954,570,0
50000,0,0,0,0,0,0,5358,6221,7241,8249,8414,8590,1109,1129,1137,302,312,313,0
50000,0,0,0,0,0,0,5703,7596,8511,10361,11039,11107,2000,1200,2000,1000,400,1000,1
50000,0,0,0,0,0,0,7010,9876,11115,12915,14415,0,3000,1500,2000,2000,0,0,0
50000,0,0,0,0,0,0,8537,9591,10581,10818,11050,10880,1200,1163,400,790,400,380,0
50000,0,0,0,0,0,0,8603,7757,8742,6041,5383,0,1200,1141,1006,0,0,0,0
50000,0,0,0,0,0,0,8889,10234,13734,14754,16499,18223,1500,4000,1255,2000,2000,3000,0
50000,0,0,0,0,0,0,8925,9208,10238,10700,10762,11587,1200,1200,1000,1000,1000,1000,0
50000,0,0,0,0,0,0,9168,10178,11200,12214,12608,12718,1166,1188,1202,596,461,462,0
50000,0,0,0,0,0,0,9935,11029,12795,9983,10884,7666,1234,2000,297,1000,307,361,0
50000,0,0,0,0,0,0,10012,11039,12549,16995,17490,18253,1500,2000,5000,778,1200,752,0
50000,0,0,0,0,0,0,10184,12204,13239,15254,16394,18124,2204,1239,2254,1394,2000,1019,0
50000,0,0,0,0,0,0,10420,8451,9641,9468,9294,9263,1310,1500,500,500,500,200,0
50000,0,0,0,0,0,0,11030,12048,13145,14160,14441,14743,1203,1300,1235,516,534,537,0
50000,0,0,0,0,0,0,11325,12335,13431,14439,14602,14918,1504,1600,1537,700,700,600,0
50000,0,0,0,0,0,0,11839,13240,14015,14293,14763,14968,1600,1300,511,700,600,800,1
50000,0,0,0,0,0,0,12111,12911,13990,14356,14657,15013,1300,1300,600,532,600,494,1
50000,0,0,0,0,0,0,12498,16264,17918,16072,17041,19028,4000,2000,1000,2000,2396,1000,0
50000,0,0,0,0,0,0,12570,11659,8312,11451,9312,7239,6000,6000,8000,186,0,0,0
50000,0,0,0,0,0,0,12630,11999,12990,12793,12686,12980,1211,1202,452,460,504,394,1
50000,0,0,0,0,0,0,14262,16024,17744,19440,23089,24695,2000,2000,2000,4000,2000,2000,1
50000,0,0,0,0,0,0,14536,15694,16431,17056,17581,18089,1700,1300,900,800,800,900,0
50000,0,0,0,0,0,0,14577,15329,16575,17496,17907,18375,1300,1500,1500,1000,1000,1600,0
50000,0,0,0,0,0,0,14720,15743,16756,17089,17446,17825,1265,1278,611,632,668,591,1
50000,0,0,0,0,0,0,15019,16026,17257,41868,23201,18623,1263,1494,25105,728,651,624,0
50000,0,0,0,0,0,0,15524,16558,17596,18589,18997,18705,1300,1310,1300,700,1000,800,1
50000,0,0,0,0,0,0,16277,14875,19195,13134,13398,13549,4006,6200,3000,2000,2000,2500,0
50000,0,0,0,0,0,0,16645,18368,20053,20721,21234,22881,2000,2000,1000,1000,2000,0,0
50000,0,0,0,0,0,0,16726,18144,19116,19543,20116,18163,2000,1600,1000,1000,1000,811,0
50000,0,0,0,0,0,0,16889,17868,18028,38126,18690,19082,1271,1711,20809,668,692,740,0
50000,0,0,0,0,0,0,17019,7412,45137,41168,5890,7000,2591,40693,3900,1000,1500,2360,0
50000,0,0,0,0,0,0,17961,18689,19284,19517,19193,18848,1700,1600,1200,1000,1000,1200,0
50000,0,0,0,0,0,0,18510,19418,21097,21759,22421,23061,1500,2000,1000,1000,1000,1203,0
50000,0,0,0,0,0,0,18595,18326,18814,19189,19233,19108,1310,1297,672,837,836,836,0
50000,0,0,0,0,0,0,19015,19294,20259,20274,20311,19957,1340,1305,700,718,724,684,0
50000,0,0,0,0,0,0,19824,29311,30862,26614,15571,14971,15000,10000,5000,1500,800,2000,0
50000,0,0,0,0,0,0,19949,19356,19849,20301,17951,17254,2000,2000,2000,1000,1000,1000,0
50000,0,0,0,0,0,0,20408,16422,14388,18804,23460,27870,6000,5000,5000,5000,5000,5000,0
50000,0,0,0,0,0,0,21023,27270,11342,8305,7288,0,3000,1000,0,0,0,0,0
50000,0,0,0,0,0,0,21453,22365,12874,13341,10556,9396,1634,1143,610,509,500,1000,0
50000,0,0,0,0,0,0,21510,23357,32197,12595,13445,13803,2200,10000,3000,1000,1500,0,0
50000,0,0,0,0,0,0,21910,23251,24059,24658,25212,25642,2000,1500,1000,1100,1000,1000,0
50000,0,0,0,0,0,0,21912,22939,23647,24118,24729,25267,1685,1393,864,1000,950,936,0
50000,0,0,0,0,0,0,21956,20439,20691,17081,16234,16330,2000,1306,1206,1000,697,532,0
50000,0,0,0,0,0,0,22000,20454,21899,20895,11241,-861,2000,2100,2000,1000,0,39500,1
50000,0,0,0,0,0,0,22187,23755,21772,22541,22871,23989,5000,2049,5000,1500,1500,3000,0
50000,0,0,0,0,0,0,22188,20501,22161,24784,26750,29632,2000,2000,3000,2700,3500,1000,0
50000,0,0,0,0,0,0,22616,21415,20769,21339,19382,18577,1668,1283,853,1000,758,475,0
50000,0,0,0,0,0,0,22923,23264,23879,23960,24067,24253,1400,1400,850,871,974,962,0
50000,0,0,0,0,0,0,23257,22938,21583,22453,21618,19525,1333,1500,1274,700,700,688,0
50000,0,0,0,0,0,0,23553,21507,17827,7655,7881,8248,1700,2000,500,500,500,1000,0
50000,0,0,0,0,0,0,23593,24787,9145,12423,41956,45112,1831,1189,3467,30000,4000,0,0
50000,0,0,0,0,0,0,23694,22500,20279,19816,18711,17598,1635,1360,1233,601,591,736,0
50000,0,0,0,0,0,0,23794,22588,20376,10203,9868,9700,1398,1136,483,340,368,300,0
50000,0,0,0,0,0,0,24847,26043,26724,20903,19225,19536,2000,2000,2020,2000,1000,800,0
50000,0,0,0,0,0,0,25577,26352,16846,17562,18275,18711,1269,1284,1000,1000,740,1000,0
50000,0,0,0,0,0,0,26277,25371,22790,23372,22216,19586,1700,1800,1300,1000,1000,900,0
50000,0,0,0,0,0,0,26701,28014,28725,29295,29902,30683,1749,1479,1049,1080,1280,1330,0
50000,0,0,0,0,0,0,27560,19002,8542,8711,8893,9070,1159,1142,311,322,324,335,0
50000,0,0,0,0,0,0,27788,19742,20672,16336,16921,17489,2000,1600,1000,1000,1000,500,0
50000,0,0,0,0,0,0,27878,28908,29922,30517,31164,32677,1484,1498,1093,1139,2039,1800,0
50000,0,0,0,0,0,0,27963,28715,29381,29140,25022,29608,2001,2001,1014,1006,7004,1003,0
50000,0,0,0,0,0,0,28387,36276,17445,15575,8075,-589,10000,1031,4050,4000,0,0,0
50000,0,0,0,0,0,0,28569,27693,20401,17510,18038,16145,1400,1600,600,771,1000,305,0
50000,0,0,0,0,0,0,28795,28506,26868,27059,27503,27045,1500,1800,1400,1000,1000,1000,0
50000,0,0,0,0,0,0,29021,28408,29117,28764,28390,29443,1768,1477,1444,1100,1500,1100,0
50000,0,0,0,0,0,0,29287,29875,15028,5639,6389,7130,1600,1700,1250,1000,1000,1000,0
50000,0,0,0,0,0,0,29308,20491,20846,20247,19551,18617,2000,1340,1298,827,676,707,1
50000,0,0,0,0,0,0,29356,30483,31180,18401,18785,19248,1603,1300,658,680,773,524,1
50000,0,0,0,0,0,0,29789,28699,29305,27595,27745,28086,1763,1759,1439,979,1164,1300,0
50000,0,0,0,0,0,0,29827,30863,31897,29652,20483,19909,1536,1570,1316,1680,722,822,0
50000,0,0,0,0,0,0,30145,26212,17354,18157,18952,14036,5000,2000,1000,1000,1000,1000,0
50000,0,0,0,0,0,0,30291,31498,32205,32846,33535,34201,2000,1534,1175,1218,1224,1281,0
50000,0,0,0,0,0,0,30951,28622,11656,5435,6337,7227,1600,1542,1100,1000,1000,284,0
50000,0,0,0,0,0,0,31197,24486,24777,24521,16773,16524,4590,3000,3005,3014,3632,4006,0
50000,0,0,0,0,0,0,31199,36067,24727,30182,27043,25995,12009,2111,11000,1000,6000,6001,0
50000,0,0,0,0,0,0,31297,30175,30140,29724,30316,29269,1476,1517,1451,1043,1048,1429,0
50000,0,0,0,0,0,0,32570,34713,39803,41790,44351,46194,3000,6000,3000,3500,3500,1600,0
50000,0,0,0,0,0,0,32781,31702,26829,18948,18830,19358,1489,1326,642,2000,824,1000,1
50000,0,0,0,0,0,0,32802,31002,32115,31824,32498,21757,1497,2000,1000,1064,1059,290,0
50000,0,0,0,0,0,0,33105,31113,26669,29876,29257,28071,10005,5000,4800,1002,2000,2000,0
50000,0,0,0,0,0,0,33703,30857,28481,27634,26691,26329,1800,1800,1400,915,1500,1500,0
50000,0,0,0,0,0,0,33713,34437,28709,28386,28361,28449,5012,3000,3548,2500,2000,2000,0
50000,0,0,0,0,0,0,33831,34763,41674,15066,14066,17043,2000,10003,5001,10032,10001,10005,0
50000,0,0,0,0,0,0,33879,35211,36263,37061,37943,42305,1900,1918,1700,1500,5000,0,1
50000,0,0,0,0,0,0,33944,29194,27862,21229,20178,19275,1513,2000,2000,1000,1000,1000,0
50000,0,0,0,0,0,0,34549,18552,19334,18165,19322,19575,2836,1200,13000,1500,9000,1000,0
50000,0,0,0,0,0,0,34582,25281,15264,12465,13262,13523,2000,2000,1000,1000,482,2000,0
50000,0,0,0,0,0,0,35871,36312,35827,32834,29052,28288,5000,5000,5716,3000,2000,1500,0
50000,0,0,0,0,0,0,35874,32130,34602,35172,27568,28467,1600,3000,1477,2000,1500,2500,0
50000,0,0,0,0,0,0,36380,51418,43095,29717,30368,29113,30000,2052,1034,1100,1088,883,1
50000,0,0,0,0,0,0,36806,38212,39141,35524,30842,17043,2000,2000,8156,30000,1644,1209,0
50000,0,0,0,0,0,0,37503,33505,25626,26444,19422,19438,1399,1480,1298,677,700,1000,0
50000,0,0,0,0,0,0,38242,28797,16068,16387,16882,17350,1799,2000,582,754,893,943,0
50000,0,0,0,0,0,0,38487,41186,41535,36973,39581,41817,5000,5000,3000,4000,5000,2000,0
50000,0,0,0,0,0,0,38516,28604,28089,27864,27173,27457,1754,1500,1500,1000,1100,1208,0
50000,0,0,0,0,0,0,38945,39498,38272,29810,18674,19391,2511,2000,3000,4000,1000,1000,0
50000,0,0,0,0,0,0,39083,40150,41181,41996,43021,45700,1700,1700,1501,1700,3400,0,1
50000,0,0,0,0,0,0,39722,40759,43096,44151,3361,3593,1700,3000,2350,1000,286,1000,0
50000,0,0,0,0,0,0,39787,28570,7545,8560,8730,8791,1600,1300,1300,460,350,480,0
50000,0,0,0,0,0,0,39803,37595,23250,26293,21508,20971,5007,1602,10002,5000,2000,2000,0
50000,0,0,0,0,0,0,40111,41380,25865,26568,27249,27665,2252,1737,1440,1121,1004,1013,0
50000,0,0,0,0,0,0,40506,41742,43157,14510,14963,16580,5000,3000,2000,500,2000,5000,0
50000,0,0,0,0,0,0,40544,41098,28383,28937,29119,29334,2000,1500,1432,1004,1035,1178,0
50000,0,0,0,0,0,0,40596,41632,42687,40614,29356,29815,2000,2047,3246,1164,1048,1100,0
50000,0,0,0,0,0,0,40757,39847,37561,36725,35346,33810,2000,1719,1783,1200,1200,1500,0
50000,0,0,0,0,0,0,40798,38937,34737,18702,15604,16333,2000,2000,1000,578,1000,1000,0
50000,0,0,0,0,0,0,41077,42072,43414,44126,45004,46100,1681,2023,1735,1613,1823,2053,0
50000,0,0,0,0,0,0,41768,42561,42871,7606,11267,14453,2079,2001,500,4423,4000,2000,1
50000,0,0,0,0,0,0,42056,46024,45452,45450,41154,39034,5000,2000,1500,2000,4000,1364,1
50000,0,0,0,0,0,0,42058,35340,22110,19837,19855,20151,1367,1606,692,709,721,692,0
50000,0,0,0,0,0,0,42150,44148,45333,27095,28508,28814,3000,3000,2000,2000,967,886,0
50000,0,0,0,0,0,0,43051,43729,27008,28324,8044,8414,1500,1500,1800,500,500,500,0
50000,0,0,0,0,0,0,43206,42105,40591,31609,29662,24741,2100,2021,1500,1009,1000,1000,0
50000,0,0,0,0,0,0,43268,39605,39702,39200,40000,0,2011,2000,1000,800,0,0,0
50000,0,0,0,0,0,0,43334,41935,14854,14125,12176,13827,1986,1040,1000,1000,3000,1000,0
50000,0,0,0,0,0,0,43474,48921,34879,31820,9965,10017,40003,1636,1800,344,400,400,0
50000,0,0,0,0,0,0,43530,43344,46616,48872,19981,16554,2000,4000,4500,2000,1000,3000,1
50000,0,0,0,0,0,0,43607,45375,46836,48635,19373,20129,2500,2500,3000,1500,2000,3000,0
50000,0,0,0,0,0,0,43638,42146,30026,29857,30619,30376,2200,1700,2000,1261,1419,1400,0
50000,0,0,0,0,0,0,43719,44290,41245,42081,20328,20391,1700,1924,2015,1000,663,10000,0
50000,0,0,0,0,0,0,43998,49123,49397,50360,19971,19694,10000,4000,5000,3000,4500,2000,0
50000,0,0,0,0,0,0,44147,45063,36421,18759,19131,19531,1785,1973,1311,683,707,735,1
50000,0,0,0,0,0,0,44320,45211,45559,46164,46685,47272,2021,3259,1754,1665,1723,2099,0
50000,0,0,0,0,0,0,44320,45884,47104,48205,17555,7809,2280,2500,1401,0,3000,2110,0
50000,0,0,0,0,0,0,44324,43053,44016,15386,31401,16573,2000,1880,2000,1000,2000,1500,0
50000,0,0,0,0,0,0,44332,25913,19057,18788,18108,15256,8802,1500,2000,1000,2000,2000,0
50000,0,0,0,0,0,0,44335,44626,40928,29367,29156,27337,2126,2104,990,1200,1654,897,0
50000,0,0,0,0,0,0,44625,46078,46689,8261,8434,8738,2174,1785,296,306,444,10686,0
50000,0,0,0,0,0,0,44637,40976,40134,16764,15215,16733,1880,1299,3007,1450,3000,3000,0
50000,0,0,0,0,0,0,44749,46229,46798,47647,40500,41921,2229,2298,2100,2500,1921,8432,0
50000,0,0,0,0,0,0,44828,43746,43122,43803,41425,42536,2005,2056,1737,1501,1797,1680,0
50000,0,0,0,0,0,0,45206,45836,49577,18666,19058,19450,2362,20103,667,692,709,689,0
50000,0,0,0,0,0,0,45256,41608,36554,19367,19705,19696,2161,1621,1000,1000,1000,1000,0
50000,0,0,0,0,0,0,45271,44751,43952,29136,19048,17946,2000,1500,1239,612,607,2593,0
50000,0,0,0,0,0,0,45390,46210,46549,20084,20264,19064,2321,1660,3000,1004,1003,627,0
50000,0,0,0,0,0,0,45417,45009,44639,52198,43181,31473,2000,2000,10052,2000,1136,2000,0
50000,0,0,0,0,0,0,45487,45548,46076,19092,18227,18285,1858,1685,659,658,656,651,0
50000,0,0,0,0,0,0,45555,41372,41544,13007,16233,14952,1968,1843,434,5000,582,679,1
50000,0,0,0,0,0,0,45632,42750,39776,33164,34781,30231,1837,2500,1390,2007,2000,2000,0
50000,0,0,0,0,0,0,45977,45931,45344,36789,28918,23095,1823,1818,1312,879,781,800,0
50000,0,0,0,0,0,0,46090,48343,50157,18675,18542,17129,3000,3000,1008,1000,1000,1000,0
50000,0,0,0,0,0,0,46179,38055,28857,27495,26344,24879,1881,1683,1064,900,862,1000,0
50000,0,0,0,0,0,0,46190,44450,50266,19729,20149,19593,2000,20266,1300,700,700,700,0
50000,0,0,0,0,0,0,46301,47731,46649,48020,49439,45771,2187,1700,2000,2044,1319,30000,0
50000,0,0,0,0,0,0,46344,41162,25245,25955,26470,27025,1389,1722,1432,947,981,985,0
50000,0,0,0,0,0,0,46363,47356,48905,49794,8820,9000,1762,2311,2200,176,180,9769,0
50000,0,0,0,0,0,0,46436,41290,40251,15273,14229,15001,2300,2000,1000,1000,1000,1000,0
50000,0,0,0,0,0,0,46509,47072,47637,44429,27279,27318,2000,2000,2000,944,1118,1000,0
50000,0,0,0,0,0,0,46594,47585,48887,49097,17203,17562,1768,2070,1280,616,636,640,1
50000,0,0,0,0,0,0,46709,12889,50199,74405,38772,39438,1690,38000,1500,4000,2000,1500,0
50000,0,0,0,0,0,0,46714,47404,48786,49768,27838,84810,1766,2148,2130,1200,1012,2034,0
50000,0,0,0,0,0,0,46794,46836,48062,49242,18713,19456,1756,1982,2162,633,1007,627,0
50000,0,0,0,0,0,0,46803,47796,49024,50192,49515,48038,1772,2000,2100,5400,8174,1687,0
50000,0,0,0,0,0,0,46882,49737,50361,50152,28119,28238,5100,2600,2011,2000,3510,2000,0
50000,0,0,0,0,0,0,46968,36912,32616,29788,27562,26129,1600,1500,1500,1200,1078,951,0
50000,0,0,0,0,0,0,46980,47809,49040,29662,28360,28831,1910,2141,1763,1161,1077,1167,1
50000,0,0,0,0,0,0,46993,48208,49598,46363,9283,9632,2000,2200,1150,500,500,393,1
50000,0,0,0,0,0,0,47069,48479,49520,18990,19539,19791,2169,2210,680,855,726,687,0
50000,0,0,0,0,0,0,47206,8464,9799,10054,9736,9955,1500,1500,400,344,371,314,0
50000,0,0,0,0,0,0,47327,48765,49149,44073,40260,30222,2200,1518,1414,1432,1300,1102,0
50000,0,0,0,0,0,0,47381,48697,48322,45353,19426,19857,2116,2320,1300,1000,700,600,0
50000,0,0,0,0,0,0,47530,46155,28650,19659,19802,19699,1537,1679,688,713,858,660,0
50000,0,0,0,0,0,0,47555,47531,46604,47982,29667,30449,1932,2005,2383,1068,1266,1045,0
50000,0,0,0,0,0,0,47662,41023,42162,6765,19286,9558,2000,2102,255,3000,191,0,0
50000,0,0,0,0,0,0,47695,49550,51636,53561,53283,53057,2657,2743,2668,1712,1762,1894,0
50000,0,0,0,0,0,0,47722,47080,48813,49107,18000,17538,2100,3000,2000,1200,1000,3000,0
50000,0,0,0,0,0,0,47809,49040,29662,28360,28831,29487,2141,1763,1161,1077,1167,1004,0
50000,0,0,0,0,0,0,47812,97538,49187,17518,17710,18079,2536,2454,1588,780,803,673,0
50000,0,0,0,0,0,0,47853,49474,47822,8585,8797,9001,2412,1500,500,500,500,490,1
50000,0,0,0,0,0,0,47877,48519,46538,45465,18654,19042,2516,2106,2048,783,806,652,0
50000,0,0,0,0,0,0,48017,47913,49225,18858,19166,19834,2488,2800,1610,918,1214,468,0
50000,0,0,0,0,0,0,48064,49362,48038,8760,9646,7747,2091,1310,1000,1000,277,296,1
50000,0,0,0,0,0,0,48139,49364,50558,23921,24423,25059,2299,2493,856,887,1043,922,0
50000,0,0,0,0,0,0,48150,47684,47528,48525,45790,46764,1797,2113,2500,1742,1817,2000,0
50000,0,0,0,0,0,0,48221,49629,48868,49668,49780,49980,2571,1200,1000,40000,1000,0,0
50000,0,0,0,0,0,0,48292,47171,37779,28424,29133,27509,2300,1900,1500,1194,1000,1000,0
50000,0,0,0,0,0,0,48322,49057,48059,48097,8107,6934,3000,3000,3000,3000,3600,4800,0
50000,0,0,0,0,0,0,48403,49448,50125,9717,9549,9840,2550,2227,339,500,600,500,0
50000,0,0,0,0,0,0,48473,49454,47893,30707,50741,49663,2100,2021,1562,26004,1800,2000,0
50000,0,0,0,0,0,0,48474,48388,38972,47584,28055,28571,2334,1918,12530,1001,1035,1198,0
50000,0,0,0,0,0,0,48482,39603,23610,18079,18668,17273,2000,1504,1000,1000,1000,1000,0
50000,0,0,0,0,0,0,48497,49564,19207,18963,19741,19901,2089,1580,1000,1000,1500,1500,1
50000,0,0,0,0,0,0,48519,35968,29453,26660,26235,27647,1800,1755,1500,1101,2000,1135,0
50000,0,0,0,0,0,0,48534,48429,49884,43799,20191,19096,1824,2279,1194,594,599,566,0
50000,0,0,0,0,0,0,48584,49070,50076,48995,19780,15102,2000,5000,2305,3000,559,3000,0
50000,0,0,0,0,0,0,48593,48653,15433,15037,10527,10736,1278,1469,463,381,383,398,0
50000,0,0,0,0,0,0,48596,39623,28964,9522,2650,-581,2152,2091,1034,500,17,26500,0
50000,0,0,0,0,0,0,48600,49387,49259,30864,16016,13913,1986,1638,1130,449,418,416,0
50000,0,0,0,0,0,0,48659,34763,16158,11950,9903,10224,1345,1197,1152,495,1014,0,0
50000,0,0,0,0,0,0,48694,46514,47771,43739,29090,24317,1803,2060,2025,1375,1035,900,0
50000,0,0,0,0,0,0,48726,49050,49584,19791,18518,19078,2100,1600,700,670,866,618,1
50000,0,0,0,0,0,0,48792,50083,50323,48902,20012,19915,2105,1845,1746,691,1000,800,0
50000,0,0,0,0,0,0,48829,49789,19726,20074,20121,17021,2046,3000,1500,1000,1600,1500,0
50000,0,0,0,0,0,0,48831,46763,44302,42942,20103,20163,2002,4228,1603,900,700,810,0
50000,0,0,0,0,0,0,48844,49335,49236,43524,27062,27923,1898,1996,2162,2000,1300,2000,0
50000,0,0,0,0,0,0,48848,48208,48265,43451,19790,17790,1845,1967,1400,396,0,0,0
50000,0,0,0,0,0,0,48926,45156,27762,19238,15585,15892,2036,1243,3991,712,715,582,1
50000,0,0,0,0,0,0,48954,35213,33404,18727,13793,19354,2000,4005,1000,1000,6000,1000,0
50000,0,0,0,0,0,0,48971,38736,26945,27541,27689,28868,1754,1500,3038,976,2000,1077,0
50000,0,0,0,0,0,0,48984,49878,47024,29194,27146,28506,2000,1500,2000,2000,2000,1500,0
50000,0,0,0,0,0,0,49017,50690,47487,48319,48449,49656,2500,2000,2000,1746,2000,1800,0
50000,0,0,0,0,0,0,49032,48764,49521,48830,49728,50146,2599,2556,1665,1600,1800,2000,0
50000,0,0,0,0,0,0,49068,47947,49293,41941,39643,39273,1848,2194,1842,1544,1396,1420,0
50000,0,0,0,0,0,0,49073,49531,44002,44356,19344,19354,1691,1942,1296,674,693,1000,0
50000,0,0,0,0,0,0,49080,49240,48751,30250,29570,26969,2228,2000,1370,949,922,2500,0
50000,0,0,0,0,0,0,49114,49907,38376,19595,19851,20256,2005,1323,840,713,727,701,0
50000,0,0,0,0,0,0,49139,49281,42472,44810,45699,46675,1707,1948,11746,1635,1712,4000,1
50000,0,0,0,0,0,0,49144,20818,17890,18310,17931,18633,1500,1300,700,1000,1000,1000,0
50000,0,0,0,0,0,0,49144,48202,43656,29466,29936,30350,1837,1462,1038,1086,1069,1034,0
50000,0,0,0,0,0,0,49165,46466,47145,47658,48209,48579,1800,1814,1717,1658,1858,2000,0
50000,0,0,0,0,0,0,49276,35100,32563,27823,29130,28309,1602,1400,3000,3130,1062,6318,0
50000,0,0,0,0,0,0,49387,50284,50639,48563,49628,48293,2000,1727,1846,1777,1665,1500,0
50000,0,0,0,0,0,0,49401,47828,48416,20098,20130,20158,2100,2000,702,718,730,632,0
50000,0,0,0,0,0,0,49458,50135,49889,20459,19727,19354,2200,1500,1933,600,461,350,0
50000,0,0,0,0,0,0,49512,50463,49793,50032,18336,18720,1771,2061,1300,643,666,686,0
50000,0,0,0,0,0,0,49547,49740,50275,20089,19964,19918,2100,2097,1289,712,713,1000,0
50000,0,0,0,0,0,0,49573,49417,49085,33156,19344,18930,2245,1652,1497,10580,685,704,0
50000,0,0,0,0,0,0,49604,29449,16005,16472,18072,18405,2000,1600,1000,2000,618,2000,0
50000,0,0,0,0,0,0,49613,49326,47010,20661,14528,15544,3036,6000,1000,2000,2500,3000,0
50000,0,0,0,0,0,0,49654,49917,25239,10228,10107,9178,1600,2310,303,369,331,4,0
50000,0,0,0,0,0,0,49722,49052,49243,8760,8796,9176,2200,1325,490,300,500,500,0
50000,0,0,0,0,0,0,49819,50135,32101,17401,19820,17399,1672,1246,574,3000,649,285,0
50000,0,0,0,0,0,0,49854,51215,50144,10683,9953,9567,2500,1500,1300,800,1000,1500,0
50000,0,0,0,0,0,0,49859,49160,49222,29291,29391,29826,2438,2200,1187,1213,1073,1066,0
50000,0,0,0,0,0,0,49869,42146,43927,19234,18799,16412,2146,3927,1234,1000,1450,2000,0
50000,0,0,0,0,0,0,49887,49515,38680,29664,29057,29083,1850,1507,1100,1200,1116,2900,0
50000,0,0,0,0,0,0,49889,50326,50687,37200,29838,30062,1952,1703,1444,1027,1053,1077,0
50000,0,0,0,0,0,0,49940,50761,49009,14275,17251,15077,2128,1344,505,5585,556,563,0
50000,0,0,0,0,0,0,49996,50386,24565,21098,18965,18063,1596,1291,695,668,654,637,1
50000,0,0,0,0,0,0,50051,46768,48124,48171,19401,19412,1754,2500,1781,2000,695,1000,0
50000,0,0,0,0,0,0,50131,28152,20746,27624,16015,16746,1388,2011,1006,1000,1000,1000,0
50000,0,0,0,0,0,0,50224,47178,48400,29781,30082,26609,2200,2520,1000,1100,1000,1000,0
50000,0,0,0,0,0,0,50343,24132,20109,19932,19762,10708,1319,1902,1200,30,1031,20201,0
50000,0,0,0,0,0,0,50427,48115,46991,47276,47870,47865,6506,2607,3312,13107,2648,0,1
50000,0,0,0,0,0,0,50448,34741,21312,17398,17773,17368,2017,2130,500,2000,2000,2000,1
50000,0,0,0,0,0,0,50479,48294,48735,45036,19246,18872,1649,11890,1367,668,675,673,1
50000,0,0,0,0,0,0,50482,50267,44880,45122,49518,50389,6749,5000,8000,5000,10000,2000,0
50000,0,0,0,0,0,0,50500,50181,49630,50153,30914,29200,2000,2200,1968,1106,1040,1069,1
50000,0,0,0,0,0,0,50528,50541,49345,20238,18646,19034,2100,1305,1201,663,684,652,0
50000,0,0,0,0,0,0,50544,50792,50480,50372,50993,7957,2300,2000,2000,2500,289,1000,0
50000,0,0,0,0,0,0,50546,50854,50024,20281,20285,20066,2112,1712,705,759,748,487,0
50000,0,0,0,0,0,0,50547,49480,50643,48123,18092,28728,1900,2000,2000,2000,11041,1056,0
50000,0,0,0,0,0,0,50620,47164,48004,49307,19218,19465,3000,3014,6047,1000,2320,3000,0
50000,0,0,0,0,0,0,50657,50529,49162,19969,19893,20282,2015,2190,809,3012,5795,2001,0
50000,0,0,0,0,0,0,50664,49163,49811,49978,20062,20259,3000,2500,2000,1102,2000,2900,0
50000,0,0,0,0,0,0,50669,48942,27836,40346,38668,20016,1613,1484,3675,698,1000,706,0
50000,0,0,0,0,0,0,50671,50525,38240,18443,20065,20296,1844,1292,804,5717,823,1299,0
50000,0,0,0,0,0,0,50708,44610,44043,28557,27903,29164,1872,1566,983,1027,3000,999,0
50000,0,0,0,0,0,0,50732,50713,45549,40043,39844,39599,2000,2106,1600,1606,1581,2000,0
50000,0,0,0,0,0,0,50737,50486,50035,49388,10275,9598,1818,2200,1192,1000,2000,1000,0
50000,0,0,0,0,0,0,50756,50552,49465,40020,10407,9037,1934,1917,2500,500,500,1000,0
50000,0,0,0,0,0,0,50813,50558,50455,49443,20405,19494,1972,2369,3592,1029,723,874,0
50000,0,0,0,0,0,0,50834,50770,50215,29386,29527,30125,2200,1517,1000,1500,2005,1305,1
50000,0,0,0,0,0,0,50854,17429,17728,17886,18043,19134,1314,2000,1300,1000,1500,1000,0
50000,0,0,0,0,0,0,50870,49831,47162,47696,36476,32654,1985,2316,1850,1500,1200,5196,0
50000,0,0,0,0,0,0,50902,50716,49179,19747,19726,20140,2128,2300,1004,730,700,800,0
50000,0,0,0,0,0,0,50990,49123,50820,50706,30636,30501,2100,2500,3820,1636,1501,1700,1
50000,0,0,0,0,0,0,51212,50165,19814,20210,20125,19010,2000,1296,692,709,698,1000,0
50000,0,0,0,0,0,0,51212,50658,48999,49388,48853,47765,2070,2357,1746,1628,1520,2202,0
50000,0,0,0,0,0,0,51417,48260,43889,35324,24146,22914,2054,1981,1344,810,828,824,0
50000,0,0,0,0,0,0,51521,46015,15057,19825,4264,3690,1451,13609,13327,250,1000,700,1
50000,0,0,0,0,0,0,51734,51665,51105,47494,31375,30781,2003,1680,1860,1061,1392,8000,0
50000,0,0,0,0,0,0,52775,54397,55328,42511,31032,34510,2500,2000,2000,5000,4000,3000,1
50000,0,0,0,0,0,0,52855,49123,49522,19843,18440,18272,2206,1605,397,369,365,1088,0
50000,0,0,0,0,0,0,60131,49486,41463,39577,32474,32303,3000,2000,2174,2000,2000,1500,0
50000,0,0,0,0,0,0,70820,50813,51131,49099,19739,19905,1998,2374,1130,523,537,633,0
50000,0,0,0,0,0,0,91493,47836,47360,48296,47790,49045,3749,2500,2000,2000,2069,2000,0
50000,0,0,0,0,0,0,97190,48290,49633,48707,19623,13673,1787,2130,1184,13604,496,523,1
50000,0,0,0,0,0,2,22643,23758,24870,18740,17861,17433,1497,1609,1279,1500,0,637,1
50000,0,0,0,0,0,2,43935,47744,40339,44377,48723,49841,5000,2000,5000,5000,2010,9,0
50000,0,0,0,0,0,2,45675,41712,29756,32418,34983,18175,3630,2000,3500,2713,0,193,0
50000,0,0,0,0,0,2,46415,38226,31924,19682,19989,20452,1672,1699,1600,901,1500,7,0
50000,0,0,0,0,0,2,49718,50362,49904,50405,29795,28383,1786,2000,1500,2200,0,1100,0
50000,0,0,0,0,0,2,50240,50149,50021,44924,49669,42689,6000,8000,3000,9000,0,10000,1
50000,0,0,0,0,2,0,6615,7640,8649,9302,9008,9188,1135,1144,797,0,329,490,0
50000,0,0,0,0,2,0,10960,12030,13125,14104,13735,14307,1250,1300,1200,0,800,600,0
50000,0,0,0,0,2,0,11772,13014,11199,12693,10764,10031,1469,1600,2000,0,350,509,0
50000,0,0,0,0,2,0,11970,14445,16391,17804,10868,12151,3000,2500,2050,0,2000,3000,0
50000,0,0,0,0,2,0,23318,24327,25360,27929,27184,27752,1398,1431,3000,0,1155,1025,0
50000,0,0,0,0,2,0,25060,26649,28202,30727,30098,32580,2000,2000,3000,0,3000,3000,0
50000,0,0,0,0,2,0,32813,34973,35603,37595,29818,24416,3000,1700,2600,0,10000,6000,1
50000,0,0,0,0,2,0,37862,17545,18537,19941,19500,18921,1304,1296,1700,2,800,1000,0
50000,0,0,0,0,2,0,46300,10849,8857,9658,9359,9554,1200,1147,1222,0,350,338,0
50000,0,0,0,0,2,0,49135,49209,36372,30305,29742,30556,1971,2000,3342,0,1400,1000,0
50000,0,0,0,0,2,2,47727,45926,47095,49485,49083,45187,2100,2200,3500,2000,0,5151,0
50000,0,0,0,0,2,2,50761,50185,59509,31495,30552,29556,2500,2600,6000,1300,0,1300,0
50000,0,0,0,0,3,3,46741,48883,50074,60158,75277,90464,2900,2000,14455,16560,17000,0,0
50000,0,0,0,2,0,-1,3560,4582,7692,12048,3750,95,1090,3200,0,2000,95,29355,1
50000,0,0,0,2,0,0,9110,10454,12274,11780,14578,18309,1500,2000,0,3000,4000,0,0
50000,0,0,0,2,0,0,11231,6482,8799,8033,8933,7995,2000,5000,0,1000,1000,1000,0
50000,0,0,0,2,0,0,11340,11367,10982,10243,10826,11699,3200,3000,1000,1000,1000,2000,0
50000,0,0,0,2,0,0,11752,13244,14722,15181,15928,16671,2000,2000,1000,1000,1000,1000,0
50000,0,0,0,2,0,0,26116,27192,29535,28761,29298,30111,1500,2803,0,1000,1300,1200,1
50000,0,0,0,2,0,0,37651,38498,40644,39731,35657,27014,1754,2900,0,1265,832,500,1
50000,0,0,0,2,0,0,47020,48383,47231,20508,20584,19625,2139,2500,6,2000,2000,2000,1
50000,0,0,0,2,0,0,47317,49212,49243,5112,48455,48456,3000,5450,0,45554,2100,1900,0
50000,0,0,0,2,0,0,63889,65512,68764,14353,16110,17832,2800,4000,0,2000,2000,1000,0
50000,0,0,0,2,2,2,19930,36105,29604,27764,28656,29087,28019,13000,0,2000,1000,5000,0
50000,0,0,0,2,2,2,41991,42736,45821,46767,45886,48701,1720,3805,2000,0,3581,0,0
50000,0,0,0,2,2,2,43648,45919,50784,43238,30248,27447,3000,6000,0,3500,0,1100,0
50000,0,0,0,2,2,2,47053,47835,51109,51713,52738,48789,1842,4116,2000,1950,0,1885,1
50000,0,0,0,2,2,6,11583,16051,25725,25017,34385,33248,5000,10000,0,10000,0,10000,1
50000,0,0,2,-1,0,0,3487,3159,213,3336,1863,390,1213,0,3336,0,0,390,0
50000,0,0,2,-1,0,0,48238,35194,9802,26781,28542,29235,4866,126,58542,3032,2000,2000,0
50000,0,0,2,0,0,-1,7334,7344,5420,4104,1596,1594,2500,0,1596,0,1594,0,1
50000,0,0,2,0,0,0,6161,8998,8319,8672,9390,9861,3500,0,1282,1000,1000,3000,0
50000,0,0,2,0,0,0,9978,12493,10447,12247,9195,4995,3000,0,2020,0,100,2000,0
50000,0,0,2,0,0,0,13117,16887,16323,16752,17229,18931,4000,0,1000,900,2000,379,0
50000,0,0,2,0,0,0,13881,11494,5847,4871,3007,2136,3483,0,1000,0,993,0,0
50000,0,0,2,0,0,0,17313,20019,19399,19785,20465,20877,3000,0,709,1000,750,1000,1
50000,0,0,2,0,0,0,23051,18190,12521,14308,14769,15925,2719,0,2000,1000,1542,764,0
50000,0,0,2,0,0,0,25551,22957,18027,13836,14966,13220,2733,759,500,6326,3259,2281,1
50000,0,0,2,0,0,0,28693,31854,31065,31976,29300,31151,3644,0,1766,1036,2700,0,0
50000,0,0,2,0,0,0,29341,27139,13295,14126,12185,8419,1806,1000,1112,366,503,500,0
50000,0,0,2,0,0,0,30011,35743,34435,30859,27429,24222,7000,416,3000,3000,3000,3000,0
50000,0,0,2,0,0,0,43286,47744,46706,48066,49026,49755,5500,0,2500,2000,2000,2058,0
50000,0,0,2,0,0,0,43596,46320,43976,44287,38113,30778,5000,0,2500,1500,2000,1000,0
50000,0,0,2,0,0,0,49078,51063,40371,19522,19140,17912,3800,0,805,818,1000,592,0
50000,0,0,2,0,0,0,52227,55264,52028,32140,32216,31482,5350,0,1085,2000,1226,2415,0
50000,0,0,2,2,0,0,5219,7633,8562,8276,8638,8851,2500,1200,0,500,500,500,1
50000,0,0,2,2,0,0,15336,18681,19463,16894,17667,19211,3600,1400,0,1200,2000,1000,0
50000,0,0,2,2,0,0,27943,31060,31293,29256,29870,30503,3577,1042,0,1080,1515,862,0
50000,0,0,2,2,2,0,37253,38075,32982,31857,29647,29585,5500,6194,1200,0,2000,2000,0
50000,0,0,2,2,2,2,5620,46907,45880,48697,49504,50577,42100,0,3900,1900,2000,0,0
50000,0,0,2,2,2,2,25347,29766,26283,28198,23159,23089,4881,0,4087,0,1798,0,0
50000,0,0,2,2,2,2,35539,38246,37332,39702,38932,41770,3600,0,3000,0,3500,3387,1
50000,0,0,2,2,2,2,44883,47349,47475,46730,27204,9662,3189,1500,101,1590,0,194,0
50000,1,-2,-2,-2,-1,-1,-1,-1,-1,-1,349,350,0,0,0,350,351,4076,0
50000,1,-2,-2,-1,-1,-1,0,0,0,2219,390,390,0,0,2219,390,390,390,0
50000,1,-2,-1,-1,-1,0,0,0,400,0,600,600,0,400,0,600,0,4275,1
50000,1,-2,-1,-1,0,0,10372,-110,1684,3697,1397,0,110,1794,3697,1392,0,0,0
50000,1,-2,-1,0,0,0,-1037,-1037,49024,49806,30212,30419,0,52806,1872,1200,1100,1250,0
50000,1,-1,-1,-1,-2,-2,0,835,226,-1300,-1300,-1300,835,226,0,0,0,0,0
50000,1,-1,-1,-1,0,0,0,45000,1000,4874,5374,5874,45000,1000,4874,500,500,0,1
50000,1,-1,-1,0,-1,-1,-9802,99,103,249,386,11504,10000,103,245,386,11504,2000,0
50000,1,-1,0,0,-1,-1,30382,45888,48599,-250,12122,3685,54608,7060,112,32132,11304,52681,0
50000,1,-1,0,0,0,0,14191,5896,6175,10000,1952,406,5896,2006,5074,1300,406,0,0
50000,1,-1,2,-1,-1,-1,-45,559,163,267,-129,325,1000,0,500,0,1000,500,1
50000,1,-1,2,-1,0,-1,6300,3395,3180,1831,1868,3300,9195,0,1831,37,3300,289,1
50000,1,-1,2,0,0,0,-69,7721,3079,7095,7237,6446,7790,0,4095,245,234,266,1
50000,1,-1,2,2,-2,-2,0,1000,2000,0,0,0,1000,0,0,0,0,0,0
50000,1,1,-2,-2,-2,-2,36750,0,0,0,0,0,5000,0,0,0,0,0,0
50000,1,1,2,2,2,2,44531,50863,49555,34644,28867,28983,7178,0,1656,944,967,1112,0
50000,1,2,0,0,-2,-2,49395,50058,50753,0,0,0,1776,2374,0,0,0,0,0
50000,1,2,0,0,-1,-1,44306,43321,43454,44254,2150,1689,0,1200,1000,2150,1689,0,0
50000,1,2,0,0,0,0,19371,18761,19469,20412,19755,20320,0,1700,1600,700,840,700,0
50000,1,2,0,0,0,0,42207,42226,38859,39475,40187,40992,2200,1962,1562,1500,1474,2300,0
50000,1,2,0,0,0,0,43099,42133,43127,44210,45844,49869,0,2000,1800,2500,5500,1801,0
50000,1,2,0,0,0,0,44977,43981,44996,45736,46748,47816,0,2045,1785,1900,2000,2210,0
50000,1,2,0,0,0,0,47360,45915,46686,47084,14253,15479,0,2200,2000,1000,2000,2000,0
50000,1,2,0,0,0,0,47568,46482,44546,40745,19910,17786,0,2000,1241,633,616,2500,1
50000,1,2,0,0,0,0,48421,42779,34992,25916,27207,26192,0,1424,1500,1677,1500,1500,1
50000,1,2,0,0,0,0,48504,46768,47976,39703,19777,19162,0,2100,2000,1000,1000,1000,0
50000,1,2,0,0,0,0,48777,47331,48010,24331,25553,26733,0,2000,1000,2000,2000,2000,0
50000,1,2,0,0,0,0,49220,48161,49310,49725,49910,48694,0,2000,1900,2007,2000,2012,1
50000,1,2,0,0,0,0,49621,46863,46153,45284,23653,20733,0,2010,1807,812,743,844,1
50000,1,2,0,0,0,0,50179,49056,48714,38653,19439,14711,0,4000,2000,1000,521,700,0
50000,1,2,0,0,0,0,50574,48968,50151,50496,2759,-442,0,2463,2300,55,0,37459,1
50000,1,2,0,0,0,0,51210,47140,48478,48173,21134,20403,0,3518,3000,2352,2000,2000,0
50000,1,2,0,0,0,0,51254,49852,28379,15988,16718,17446,0,6200,2000,1000,1000,1000,0
50000,1,2,0,0,0,2,23451,22781,24108,25203,26681,26117,0,2000,1800,2200,0,2250,1
50000,1,2,0,0,0,2,27087,26372,26992,27693,29237,28607,0,1400,1100,2100,0,1000,0
50000,1,2,0,0,0,2,29273,29504,32007,34474,37905,38131,1000,3000,3000,4000,1000,10000,0
50000,1,2,0,0,2,0,5490,4471,5570,6676,5235,3728,0,1200,1308,0,500,1000,0
50000,1,2,0,0,2,0,16617,16061,17082,18969,18524,18947,0,1294,2181,0,731,586,0
50000,1,2,0,0,2,0,23250,22578,23611,25825,25111,25708,0,1397,2611,0,1000,1092,1
50000,1,2,0,0,2,0,35556,34685,36121,38135,37416,38503,0,2000,2800,0,1500,2500,0
50000,1,2,0,0,2,0,48657,45079,47714,19586,19143,20051,0,4300,2150,0,1204,1000,0
50000,1,2,0,0,2,2,16412,15851,16889,19909,19291,20675,0,1294,3314,0,1700,0,0
50000,1,2,2,0,0,0,7690,8805,9502,10189,10869,11533,1400,1000,1000,1000,1000,1000,0
50000,1,2,2,0,0,2,43685,44694,43673,44659,49512,48454,2000,0,2000,6000,300,3000,0
50000,1,2,2,2,0,0,10131,10833,20583,19996,19879,18065,1000,10000,400,700,800,600,0
50000,1,2,2,2,0,0,22021,22334,21047,19925,20638,18803,1000,2000,1000,1000,1000,1000,0
50000,1,2,2,2,0,0,23165,21974,20544,17210,15754,10860,2000,2101,0,2201,1000,0,1
50000,1,2,2,2,0,0,37170,36297,39863,38924,39744,40533,0,4500,0,1600,1600,1600,0
50000,1,2,2,2,0,0,42611,41632,44069,37395,32284,32805,0,3509,0,1302,1191,1492,0
50000,1,2,2,2,0,0,49615,48552,50175,12790,12743,17305,0,3056,0,2000,5000,3000,1
50000,1,2,2,2,2,2,5931,5690,8023,7748,8269,7992,0,2600,0,800,0,800,0
50000,1,2,2,2,2,2,8951,8862,10061,9751,11585,11250,200,1500,0,2000,0,1600,1
50000,1,2,2,2,2,2,11763,11283,13288,12780,13522,13155,0,2200,0,1100,0,1200,1
50000,1,2,2,2,2,2,14008,13493,17259,16684,18017,17581,0,4000,0,1600,0,3000,1
50000,1,2,2,2,2,2,20293,21657,23012,23338,23658,23139,2000,2000,1000,1000,0,1500,1
50000,1,2,2,2,2,2,29003,29244,30827,31224,30587,32763,1000,2363,1200,0,2700,1157,1
50000,1,2,2,2,2,2,31336,32320,33408,32577,34329,33643,1800,1900,0,2600,0,1700,1
50000,1,2,2,2,2,2,31392,32976,34154,33311,35246,34548,2400,2000,0,2800,0,3100,1
50000,1,2,2,2,2,2,38916,37990,42382,43190,42198,46572,0,5000,1800,0,5232,1800,1
50000,1,2,2,2,2,2,41934,43041,44048,44824,46469,47579,2100,2000,1800,2700,2000,1700,0
50000,1,2,2,3,3,2,45313,46262,49188,50084,48980,50050,2000,4000,2000,0,2000,3000,0
50000,1,2,3,2,2,2,16455,17885,18305,18708,19105,19653,2000,1000,1000,1000,1000,1000,0
50000,1,3,2,0,0,-1,4759,4540,4284,2946,1473,1473,0,0,0,0,1473,1473,1
50000,1,3,2,0,0,0,52626,51537,49205,30394,30249,29957,0,24,1500,1000,1201,30592,1
50000,1,3,2,2,2,2,27796,27069,27324,29561,28952,31307,0,1000,3000,0,3000,0,1
50000,1,3,2,5,4,3,21031,20411,23766,23114,22173,21521,0,4000,0,0,0,1250,1
50000,1,4,3,2,2,2,32141,31350,30575,29784,31288,32634,0,0,0,2000,2000,0,1
50000,2,-1,-1,-1,-1,2,390,390,780,216,1080,540,390,780,216,864,0,390,0
50000,2,0,-1,-1,-2,-2,49929,49667,780,0,0,0,1750,780,0,0,0,0,0
50000,2,0,-1,2,0,0,24890,25440,26191,25193,25742,27171,1925,28293,0,1100,2030,0,1
50000,2,0,0,-2,-1,-1,8730,4388,0,0,5412,6414,1000,0,0,5412,2000,0,1
50000,2,0,0,-1,-1,-1,13979,11243,4396,3120,1805,16820,1261,1396,3125,1805,16820,3000,0
50000,2,0,0,-1,0,0,47021,48423,44450,956,976,1976,2543,2150,956,20,1000,1000,1
50000,2,0,0,0,0,0,12664,42985,15085,17245,17316,17297,2000,2000,17000,1000,1000,2955,0
50000,2,0,0,0,0,0,19169,20195,21207,21628,22233,22519,1341,1353,774,953,805,832,1
50000,2,0,0,0,0,0,23497,24197,25226,26238,26760,27318,1395,1424,1436,958,989,1128,0
50000,2,0,0,0,0,0,27752,28787,29800,30393,31031,33020,1487,1500,1081,1121,2500,0,1
50000,2,0,0,0,0,0,29767,30206,27905,17174,17533,17240,1615,1670,605,626,654,567,1
50000,2,0,0,0,0,0,30518,29618,22102,22734,23217,23680,1718,1500,1000,1000,1000,716,1
50000,2,0,0,0,0,0,38527,39609,40352,41183,42221,42935,2000,1700,1500,1700,1568,7400,1
50000,2,0,0,0,0,0,42380,40288,32631,29968,29092,29977,1901,1744,1027,1033,1345,1000,1
50000,2,0,0,0,0,0,45367,46815,10099,8686,8614,6977,2335,1629,500,500,1000,1000,1
50000,2,0,0,0,0,0,46431,47028,48063,48667,17875,17699,1756,2181,2175,773,638,694,0
50000,2,0,0,0,0,0,47510,32952,22289,22752,9325,9270,1744,1537,1000,187,185,0,0
50000,2,0,0,0,0,0,47987,49084,46759,8195,8367,8534,2690,2359,293,304,306,316,1
50000,2,0,0,0,0,0,48668,48554,45445,38551,28056,28310,4034,2000,5008,1000,2000,1000,1
50000,2,0,0,0,0,0,48690,48384,49450,49706,9472,9671,2078,2144,1400,339,352,500,1
50000,2,0,0,0,0,0,48958,48293,48999,7470,6406,3679,2572,2602,349,706,500,1000,1
50000,2,0,0,0,0,0,48970,49366,49803,49830,49539,50418,2100,2128,2079,1896,1803,1954,0
50000,2,0,0,0,0,0,49052,48026,47361,44293,17807,18324,3006,2300,3064,1799,790,1100,1
50000,2,0,0,0,0,0,49296,50080,50725,43492,44377,41297,1881,1915,1472,4012,2008,10002,0
50000,2,0,0,0,0,0,49586,49865,41132,31538,28896,28315,2268,2200,1917,1200,1030,1300,0
50000,2,0,0,0,0,0,49758,48456,44116,21247,20066,18858,2401,2254,2004,704,707,1004,1
50000,2,0,0,0,0,0,50105,50802,49988,19287,19698,20228,2300,1305,1000,855,1000,1000,0
50000,2,0,0,0,0,0,50710,45641,29259,9442,9792,9684,1974,1552,334,498,500,493,1
50000,2,0,0,0,0,0,79262,40931,40892,41612,18825,18019,3278,1880,1650,10000,1000,700,1
50000,2,0,0,0,0,2,11533,12951,22339,22669,24121,23540,1612,10000,1000,1820,0,696,0
50000,2,0,0,0,2,0,48381,47810,48123,51060,50162,48209,2200,2100,4000,0,2000,2000,1
50000,2,0,0,2,0,0,43979,44970,48101,46993,47940,50903,1724,3855,0,1694,3713,2000,0
50000,2,0,0,2,2,2,10992,12047,15257,15410,15917,15514,1540,3750,700,900,0,600,1
50000,2,0,0,2,2,2,23268,24377,27164,26429,28291,27702,1500,3500,0,2300,0,1500,1
50000,2,0,0,2,2,2,37397,40292,43073,44067,44955,44081,3500,3452,2000,1738,0,4000,1
50000,2,2,0,0,0,0,45960,44883,40820,33545,46832,24101,0,1973,1784,845,1750,1010,1
50000,2,2,0,0,0,0,49157,47990,38426,7816,7859,7979,0,2050,500,500,400,400,1
50000,2,2,0,0,0,0,49423,48332,46043,18759,19161,19516,10,2000,655,688,666,649,0
50000,2,2,0,0,0,0,49946,48808,45469,20228,18900,19066,0,2079,693,1080,700,1004,0
50000,2,2,0,0,0,0,51264,48695,32617,18834,15810,15786,68,1510,1724,0,366,1455,1
50000,2,2,0,0,0,0,54866,51520,41711,22775,4215,3016,1000,1860,1600,452,100,114,1
50000,2,2,0,0,2,2,30117,30712,32332,34156,33360,25988,1370,2210,2190,1000,0,680,1
50000,2,2,2,0,0,-2,7881,10415,3997,1047,0,0,3000,0,1000,0,0,0,1
50000,2,2,2,0,0,0,15397,17699,17127,18076,17061,17419,2882,0,1259,591,613,608,1
50000,2,2,2,0,0,0,19056,18586,17418,15004,15804,17443,1000,1000,1000,1000,4024,2000,0
50000,2,2,2,0,0,0,39892,42704,34909,33528,16205,16593,3600,5,1309,800,800,750,1
50000,2,2,2,0,0,0,46843,49378,48052,48573,28902,28205,4310,0,2033,1119,985,2000,0
50000,2,2,2,0,0,0,47237,50632,49546,49448,19887,38212,4500,0,1713,1003,699,800,1
50000,2,2,2,0,0,0,48283,48767,35917,26946,22458,23569,1700,0,1036,817,1486,3500,1
50000,2,2,2,0,0,0,49559,49548,50148,48910,29848,26159,1100,1700,1500,1000,1000,1300,1
50000,2,2,2,0,0,0,51614,52034,50151,20448,20464,20456,2000,39,718,800,800,800,0
50000,2,2,2,2,0,0,47009,49942,50382,49162,40973,39671,4000,1500,0,1275,1377,1882,0
50000,2,2,2,2,0,0,78874,74268,66468,56847,50680,26729,4725,1400,0,1545,2022,51000,1
50000,2,2,2,2,2,0,31063,32051,33239,33571,32732,33416,1800,2000,1171,0,1211,1221,1
50000,2,2,2,2,2,0,37277,38383,38954,39618,38852,39553,2000,1500,1600,0,1500,3000,0
50000,2,2,2,2,2,0,42115,41164,43658,44644,43798,44912,0,3500,2000,0,2000,2000,1
50000,2,2,2,2,2,2,5025,4805,46295,46885,47535,45994,0,42000,1600,1500,2000,2000,1
50000,2,2,2,2,2,2,15641,15105,16545,16977,16563,17688,0,2000,1000,0,1400,0,1
50000,2,2,2,2,2,2,24064,24981,25473,25857,26298,25725,1600,1200,1100,1000,0,1948,1
50000,2,2,2,2,2,2,30715,29923,32700,28768,29639,28629,0,3304,4,2230,0,2009,1
50000,2,2,2,2,2,2,41126,42244,43264,43751,44731,45770,2100,2000,1500,2000,1900,1900,1
50000,2,2,2,2,2,2,43205,46516,45468,48703,50774,49514,4000,0,4000,3000,0,3000,1
50000,2,2,2,2,2,2,44489,45470,46424,45377,48441,47511,2000,2000,0,3800,0,1800,1
50000,2,2,2,2,3,2,44951,45906,46872,49974,50023,53367,2000,2000,4200,1170,4300,0,1
50000,2,2,4,3,2,0,48115,53019,51924,50794,49376,50185,6000,0,1,1,1915,2000,1
50000,2,2,7,7,7,6,2550,2550,2550,2550,2550,1950,0,0,0,0,0,0,1
50000,2,3,2,0,0,0,7557,7293,8017,8687,9048,9306,0,1000,810,500,408,500,1
50000,2,3,2,2,2,2,34044,33202,34370,34806,35433,36216,0,2000,1300,1500,1500,1500,1
50000,3,2,0,0,0,0,49534,48061,48807,49347,17524,17497,0,2200,2100,606,624,622,0
50000,3,2,0,0,0,0,51998,50821,46892,33936,9225,9264,0,2343,1548,476,336,348,0
50000,3,2,2,0,0,-1,13694,14880,14242,13968,14319,2614,1700,0,426,501,2614,1390,1
50000,3,2,2,0,0,0,32750,33532,32597,19576,19034,19525,1600,7,900,700,800,800,1
50000,3,2,2,0,0,0,49081,50074,48610,17857,18369,19011,2063,0,800,800,1000,1000,1
50000,3,2,2,2,0,0,34440,32823,34699,30869,29890,29719,0,3511,0,1045,1066,1134,0
50000,3,2,2,2,2,-1,150,150,150,150,150,805,0,0,0,0,805,43340,0
50000,3,2,2,2,2,0,27056,27031,28317,28568,27302,28171,700,2062,969,700,1500,1500,1
50000,3,2,2,2,2,2,33202,34370,34806,35433,36216,36969,2000,1300,1500,1500,1500,1100,1
50000,3,3,2,2,2,2,47904,48240,48602,46289,44837,44535,2000,2001,499,2000,2000,1500,1
50000,3,3,4,3,2,5,27166,30190,29421,28652,34032,32913,3769,0,0,6000,0,0,1
50000,4,3,2,0,0,0,50419,49331,48268,49075,49475,48575,0,0,2000,1000,1000,2000,1
50000,4,4,3,2,2,0,51300,50222,49097,50036,49145,47639,0,0,2000,0,1900,2000,1
50000,8,7,6,5,4,3,37647,37102,36238,36374,35229,34365,0,0,1000,0,0,3000,1
60000,-2,-2,-2,-2,-2,-2,17873,5959,2933,2933,4933,1983,3000,1000,0,2000,0,13072,0
60000,-1,-1,-1,-2,-2,-1,12545,1217,0,0,0,465,1217,0,0,0,465,0,1
60000,-1,-1,-1,-1,-2,-1,836,390,317,-73,-463,7942,390,317,0,0,10000,1000,1
60000,-1,-1,-1,-1,-2,-1,1507,0,11305,0,0,300,0,11305,0,0,300,0,0
60000,-1,-1,-1,-1,-1,-1,183,1419,3541,2248,0,449,1419,3541,2248,0,449,0,0
60000,-1,-1,-1,-1,-1,-1,390,390,390,390,540,390,390,390,390,540,390,390,1
60000,-1,-1,-1,-1,-1,-1,959,0,849,1120,327,531,0,849,1120,327,531,188,0
60000,-1,-1,-1,-1,-1,-1,4823,5471,8422,4377,3910,2431,5491,9683,4377,3918,2431,2120,1
60000,-1,-1,-1,2,-1,-1,4260,780,390,390,390,390,780,390,0,390,390,2405,1
60000,-1,-1,0,0,0,-1,24496,20329,15219,16158,14295,10930,20391,1200,3658,0,10930,11677,0
60000,-1,0,-1,0,0,0,9970,7699,9479,10213,10000,11832,1020,9479,1000,200,1832,5889,0
60000,-1,0,0,0,0,0,57147,58104,58311,58828,58945,57918,3000,3000,2500,2100,4000,2100,0
60000,-1,2,-1,-1,0,0,4837,3642,6232,6444,3783,3219,0,6472,6444,3219,0,0,0
60000,-1,2,-1,0,0,-1,2130,1940,7801,1308,3058,2190,0,7801,1158,1900,2190,2153,1
60000,-1,2,-1,0,0,0,3485,2488,20956,22462,21476,23164,0,24419,2018,15000,2000,2000,0
60000,-1,2,2,2,2,-1,2084,145,145,145,145,1195,0,0,0,0,1200,0,1
60000,-1,3,2,0,0,-1,495,330,495,330,165,340,0,330,0,0,340,0,0
60000,0,-1,-1,-1,-1,0,7207,12625,6244,13615,25475,26237,12625,6244,13615,25478,5000,5000,0
60000,0,-1,-1,0,0,0,56965,2495,57899,30345,30244,25474,3000,61000,3000,3000,3000,9000,0
60000,0,-1,0,0,-1,2,2295,5293,13421,9900,310,160,6000,10000,900,310,0,3400,0
60000,0,-1,2,2,2,2,3610,855,111,411,261,6695,900,0,300,0,6500,0,0
60000,0,0,-1,-1,0,0,21770,11506,1024,16453,4131,4006,1400,1024,16469,131,322,40000,0
60000,0,0,-1,0,0,0,57966,3751,72334,73396,12271,24278,1900,72334,4000,2000,14000,2000,0
60000,0,0,-1,2,0,0,8086,6936,4102,3891,4669,6083,3015,4102,0,1000,1500,1000,0
60000,0,0,0,-1,0,0,58794,59987,33908,19513,17281,16802,7296,1903,19513,759,851,390,0
60000,0,0,0,0,-2,-1,29243,31093,26401,326,324,1126,3032,1454,326,324,1130,199,0
60000,0,0,0,0,-1,0,23268,16603,8651,500,29468,30201,1215,1001,502,29468,1201,1000,0
60000,0,0,0,0,-1,0,39505,43497,49449,57500,4749,9749,5000,7000,10000,4749,5000,10000,0
60000,0,0,0,0,-1,0,65349,61322,56414,47643,28208,27570,2300,2507,1000,28512,994,999,1
60000,0,0,0,0,0,-1,13138,22389,16586,5516,16378,2670,20000,5000,3000,16000,3000,980,1
60000,0,0,0,0,0,-1,33270,16636,17321,17421,18421,891,1715,1400,500,1000,900,19000,0
60000,0,0,0,0,0,-1,60924,60089,59828,58217,18527,40334,2400,2800,2000,1110,40621,1800,0
60000,0,0,0,0,0,0,3724,5782,24653,25831,27483,28085,5600,20000,2500,3000,2000,1500,0
60000,0,0,0,0,0,0,4262,11674,6281,7920,8472,8735,7662,1269,1908,1000,727,0,0
60000,0,0,0,0,0,0,6471,7487,9356,10392,11214,12028,1131,2000,1200,1000,1000,1000,0
60000,0,0,0,0,0,0,10809,11160,10913,12469,6060,5382,3160,2604,2160,4060,3382,3751,0
60000,0,0,0,0,0,0,15050,16203,16891,15474,14612,16354,2000,1300,2000,1000,2000,1000,0
60000,0,0,0,0,0,0,18224,19928,20939,21291,21734,22184,2000,1648,1000,936,962,3013,0
60000,0,0,0,0,0,0,20351,21395,22388,22431,22324,22601,2000,2000,1000,1000,2000,0,0
60000,0,0,0,0,0,0,20866,22131,22685,24938,25085,28862,2000,2000,2950,926,4600,0,0
60000,0,0,0,0,0,0,20959,20822,17973,18403,17898,17388,1500,1500,2000,1000,1000,1000,0
60000,0,0,0,0,0,0,21295,22629,23338,23810,25418,26050,1679,1388,860,2000,1055,2000,0
60000,0,0,0,0,0,0,23304,20517,20261,22832,24234,24928,3000,3000,3000,2000,2000,2000,0
60000,0,0,0,0,0,0,23690,22413,17399,16553,14259,14134,1283,1584,1217,496,662,489,0
60000,0,0,0,0,0,0,27293,27898,28574,29059,29244,29462,1450,1516,1391,966,997,948,0
60000,0,0,0,0,0,0,27369,27961,28509,28628,28785,28921,1466,1452,1009,1040,1048,856,0
60000,0,0,0,0,0,0,27402,26455,28017,25011,28143,24712,1500,4022,1500,3500,1000,1000,0
60000,0,0,0,0,0,0,28277,27295,27403,23837,23078,22618,1450,1724,1600,1000,1000,2500,1
60000,0,0,0,0,0,0,28406,28781,29219,29036,29493,29776,1790,1760,1200,1500,1367,1000,0
60000,0,0,0,0,0,0,31235,31462,31499,16773,11568,9727,6050,6037,5084,6000,4000,3832,0
60000,0,0,0,0,0,0,31348,50778,53407,19443,16597,18423,20109,5000,2000,1000,2000,1000,0
60000,0,0,0,0,0,0,34081,23215,30340,28368,28962,26589,2000,8565,969,1004,1000,900,0
60000,0,0,0,0,0,0,36082,37127,38117,38874,38667,39544,1628,1618,1375,1403,1520,1205,0
60000,0,0,0,0,0,0,39518,39558,41690,21151,30059,13046,1870,3002,1364,10000,474,490,0
60000,0,0,0,0,0,0,40171,37274,30203,30809,33323,33190,1491,2000,1092,3000,1353,2000,0
60000,0,0,0,0,0,0,41322,29091,28097,28665,28768,29064,1488,1394,962,1500,2541,2000,0
60000,0,0,0,0,0,0,42184,42108,41300,40840,40366,39737,2014,1616,1566,1700,1600,1400,0
60000,0,0,0,0,0,0,42246,38923,32532,27780,29280,39976,2008,3004,3003,2000,1064,2000,0
60000,0,0,0,0,0,0,43221,41539,40356,39672,39863,40319,2021,1918,1390,1576,1647,1516,0
60000,0,0,0,0,0,0,43293,28305,22298,22161,18667,19381,1368,1396,1287,654,1000,644,0
60000,0,0,0,0,0,0,44057,42706,42345,42849,17490,15633,1669,2000,1870,1000,586,619,0
60000,0,0,0,0,0,0,45648,46850,47214,19595,19209,19323,1937,1301,682,690,816,835,0
60000,0,0,0,0,0,0,49507,33282,34312,17277,17808,19346,1970,2000,618,809,2000,616,1
60000,0,0,0,0,0,0,49581,35465,29732,29411,28859,28309,1500,1600,1394,1000,1000,1500,0
60000,0,0,0,0,0,0,49890,51060,52236,54362,55458,56767,2000,2000,3000,2000,2200,2500,0
60000,0,0,0,0,0,0,50696,54841,56444,53183,55288,55782,5000,2500,2000,3000,2700,2500,0
60000,0,0,0,0,0,0,51275,41950,40861,35638,32147,19796,2000,1718,3800,2000,2386,1000,0
60000,0,0,0,0,0,0,51934,40855,37742,29450,8850,0,2000,2000,1400,200,600,0,0
60000,0,0,0,0,0,0,52676,41956,29626,29804,28045,28629,1778,1794,1772,1200,1186,1513,0
60000,0,0,0,0,0,0,54050,54555,15177,16610,16821,20048,2500,2000,2000,628,3525,3000,0
60000,0,0,0,0,0,0,54216,27596,28772,19067,19467,9247,4000,2000,1000,1000,331,343,0
60000,0,0,0,0,0,0,54316,55575,15158,15450,15933,16095,2770,1275,544,3923,575,596,1
60000,0,0,0,0,0,0,54978,56144,57251,58543,58345,59757,2050,2053,2219,2200,2394,1890,0
60000,0,0,0,0,0,0,55773,55953,55562,55063,54819,55195,2627,2700,2500,2300,3000,2500,0
60000,0,0,0,0,0,0,55800,53216,43077,36197,34283,20395,1782,1850,1318,5822,794,2000,0
60000,0,0,0,0,0,0,56038,54660,49907,44057,27510,28086,1911,1879,1500,1000,1019,1500,1
60000,0,0,0,0,0,0,56119,57282,58533,59349,55302,56563,2664,2800,2400,2100,2181,2213,0
60000,0,0,0,0,0,0,56136,57280,56969,58695,57453,61153,2100,2100,2685,2300,4800,3400,0
60000,0,0,0,0,0,0,57561,57766,49351,28549,29063,28863,2100,3000,1500,1500,1100,1100,0
60000,0,0,0,0,0,0,57674,59213,60764,60070,40479,39871,2500,2505,2000,3003,1500,2100,0
60000,0,0,0,0,0,0,57974,57637,56594,57097,56854,58325,2810,2648,2050,2084,2437,1968,0
60000,0,0,0,0,0,0,58017,59481,60360,38307,35519,35356,2396,2110,1272,1257,1245,1138,0
60000,0,0,0,0,0,0,58643,47548,48491,28518,29157,30073,2100,2000,1000,959,1300,500,0
60000,0,0,0,0,0,0,58682,56893,58170,56539,29425,28013,3762,3000,2000,1000,1000,1500,0
60000,0,0,0,0,0,0,59267,60042,59225,59947,60107,57338,2694,2800,2300,2250,2081,2120,0
60000,0,0,0,0,0,0,59274,59240,59631,58105,57194,60650,2131,2133,2050,2191,5300,0,0
60000,0,0,0,0,0,0,59449,58548,53054,47933,29254,29981,2300,2600,2000,1200,1200,1500,0
60000,0,0,0,0,0,0,60330,60382,60264,46149,28990,30067,2500,2501,1506,1000,1500,2000,1
60000,0,0,0,0,0,0,60350,61112,60557,35555,30214,30170,2435,2575,1404,990,1347,1316,0
60000,0,0,0,0,0,0,60380,55367,111334,19358,19760,20223,2296,2510,838,862,1015,400,1
60000,0,0,0,0,0,0,60745,61085,56863,18473,15434,7301,2613,5900,1000,428,1000,2000,0
60000,0,0,0,0,0,0,60876,60606,58227,60538,45018,38086,2523,2155,45088,1722,1523,2000,0
60000,0,0,0,0,0,0,60915,54738,47023,57554,27412,27829,2255,2469,25000,1200,1008,1057,0
60000,0,0,0,0,0,0,61118,50643,44004,26940,9971,-11798,2200,2000,1200,0,0,28000,0
60000,0,0,0,0,0,0,61600,61952,60661,29095,17636,31406,3300,2000,900,889,21500,3600,1
60000,0,0,0,0,0,0,63709,64261,50243,15092,12037,10000,2351,1237,422,528,2000,5000,1
60000,0,0,0,0,0,0,70367,66657,63553,59633,55689,52778,2415,3000,2125,2007,3000,1758,0
60000,0,0,0,0,0,0,170536,175143,180162,190202,209923,55491,5143,5162,10202,19923,1591,5500,0
60000,0,0,0,0,0,2,30781,25870,26964,27265,30329,24104,1505,1599,900,4500,0,1000,0
60000,0,0,0,0,0,2,59426,59643,61279,61017,30117,29526,2800,3200,2535,2331,0,1073,0
60000,0,0,0,0,2,0,26437,27741,28465,31040,29827,28254,1701,1425,3000,0,955,942,0
60000,0,0,0,2,0,0,20217,8376,7139,4254,4855,5355,1116,2420,0,800,1000,0,0
60000,0,0,0,3,2,0,35619,36688,40841,39952,38081,36483,1647,4800,0,0,1326,3500,1
60000,0,0,2,2,-1,-1,20729,14486,12163,8891,1723,40276,3016,1000,0,1723,40276,3000,0
60000,0,0,2,2,0,0,4262,7169,8396,8113,8971,10824,3000,1500,0,1000,2000,1000,1
60000,0,0,2,2,0,0,59059,50579,24193,23511,24019,24481,3800,1900,0,1200,1000,3500,0
60000,0,0,2,2,0,0,59902,61336,61792,57619,12996,2054,3400,4500,17,500,1500,1000,1
60000,1,-2,-2,-2,-2,-2,-1540,-1930,-2320,-1220,0,0,0,0,2000,2000,0,0,0
60000,1,-2,-2,-2,-1,-1,0,0,0,0,150,560,0,0,0,150,560,1170,0
60000,1,-2,-2,-2,-1,-1,0,0,0,0,1040,0,0,0,0,1040,0,0,0
60000,1,-2,-2,-1,-1,-1,-391,-781,-781,389,389,609,0,0,1950,0,1000,0,0
60000,1,-2,-2,-1,-1,0,-25,-25,-25,1901,38746,39178,0,0,2306,40367,1416,1419,0
60000,1,-2,-1,-1,-1,-1,-109,-425,259,-57,127,-189,0,1000,0,500,0,1000,1
60000,1,-2,-1,0,0,0,1242,0,4028,59334,54526,58575,0,4028,56626,2100,5000,2000,0
60000,1,-1,0,0,0,0,0,1012,22760,17032,6808,8741,1012,22066,5032,1565,8500,5205,1
60000,1,-1,0,0,2,2,0,3132,3144,3638,3436,22219,3132,1053,547,0,19000,0,1
60000,1,-1,2,0,0,0,0,3187,2816,3579,3400,4417,3366,0,1000,0,1017,0,0
60000,1,1,-2,-2,-2,-2,58574,-1540,-1930,-2320,-1220,0,0,0,0,2000,2000,0,1
60000,1,2,0,0,0,0,10540,10232,11237,11427,20973,31857,0,1483,673,10000,11540,7000,0
60000,1,2,0,0,0,0,64684,63036,60031,27725,28282,30268,0,2459,1433,990,2419,0,0
60000,1,2,0,0,0,2,17992,17405,18619,19636,20326,21534,0,1500,1328,1018,1687,778,1
60000,1,2,0,0,2,2,14135,13616,16065,18092,17504,19216,0,3000,2300,0,2000,0,1
60000,1,2,2,0,0,0,45014,45698,39068,51205,54520,55964,1774,0,12858,4166,2350,3300,0
60000,1,2,2,2,2,2,41259,40715,43153,43845,44795,45710,400,3406,1700,1800,1800,0,0
60000,1,2,3,2,0,0,58231,61671,59755,58194,38649,35361,5000,0,198,1500,1300,2000,1
60000,1,2,3,3,2,2,44238,47076,48871,47669,48135,50056,4000,3000,0,1500,3000,2750,0
60000,2,0,0,0,0,0,24541,25838,27022,28357,28992,24505,2000,2000,2000,1000,1000,2000,1
60000,2,0,0,0,0,0,27019,25100,21023,16973,12410,11944,1686,2000,1000,1000,6000,5000,1
60000,2,0,0,0,0,0,32202,29503,29538,29971,29798,28679,1802,1737,1170,1189,1230,1100,1
60000,2,0,0,0,0,0,46403,34438,30920,27817,26281,26830,1544,1759,1500,940,972,976,1
60000,2,0,0,0,0,0,61349,61600,61952,60661,29095,17636,2900,3300,2000,900,889,21500,1
60000,2,0,0,0,2,0,61093,57227,32091,32792,31277,29512,1739,1791,2378,0,1092,3554,1
60000,2,0,0,0,2,2,19921,20993,21736,23172,22661,24087,1700,1400,1800,0,1800,0,0
60000,2,2,-2,-2,-2,-1,4703,0,0,0,0,992,0,0,0,0,992,14000,1
60000,2,2,0,0,0,0,28600,27073,27396,27499,28060,27472,0,1460,1439,1000,1014,1078,1
60000,2,2,0,0,0,0,48094,43533,39252,38051,37988,38725,0,1700,1700,2000,1500,1600,0
60000,2,2,0,0,0,0,57598,50821,19638,18919,16853,29682,0,2000,2000,1000,20000,10000,1
60000,2,2,0,0,0,0,63143,59608,59182,27882,24574,22330,0,1478,2000,1000,3000,2000,0
60000,2,2,2,0,0,0,32232,25086,24404,25212,28147,30152,4000,0,1500,3500,2600,0,1
60000,2,2,2,0,0,0,60323,60729,56473,28603,22191,20750,2000,0,1135,1822,1500,1500,0
60000,2,2,2,2,2,2,20195,21267,21332,21680,23011,23498,1700,700,1000,2000,1000,0,0
60000,2,2,2,2,2,2,22343,24678,25079,24380,26022,26542,3000,1100,0,2200,1100,1000,1
60000,2,2,2,2,2,2,40587,41642,40673,43342,44299,45222,2000,0,3348,1800,1800,0,1
60000,2,2,2,2,2,2,43662,42682,45603,44569,47452,46536,0,3628,0,3600,0,4000,1
60000,2,2,2,2,2,2,56252,57760,58250,56352,57930,16563,3000,2100,0,2801,0,3619,1
60000,3,2,2,2,2,-1,150,150,150,150,150,150,0,0,0,0,150,44399,1
60000,3,4,3,2,2,2,30381,29986,29210,29729,30505,32232,366,0,1300,1400,2400,2300,1
60000,4,4,4,5,4,3,54506,56998,59111,59595,58079,56892,4000,3601,2000,0,0,0,0
60000,8,7,6,5,4,3,69183,68216,66616,65016,63449,62149,0,0,0,0,0,0,0
70000,-2,-2,-2,-2,-2,-2,25856,13737,7716,25732,46671,26516,13737,7716,25740,46684,26516,56017,0
70000,-1,-1,-2,-2,-2,-1,5580,0,0,0,0,26529,0,0,0,0,26529,2000,0
70000,-1,-1,-1,-1,-1,-1,193,188,299,829,338,865,188,299,829,338,865,833,0
70000,-1,-1,-1,-1,0,0,1261,1261,390,780,390,0,1261,390,780,0,0,780,0
70000,-1,-1,-1,-1,0,0,2226,1245,-1000,11019,11632,7864,1245,0,12019,1000,157,7851,0
70000,-1,-1,-1,0,0,0,1000,1098,28229,28046,24446,22151,1098,30005,1350,800,750,780,0
70000,-1,-1,0,0,0,0,390,4924,5566,6139,5868,6399,4924,1113,1076,195,1000,235,1
70000,-1,0,0,0,0,0,18193,19241,19346,15754,15855,15011,1352,1237,545,726,353,99,1
70000,-1,2,-1,-1,-1,-1,6851,2720,4885,11889,0,4280,0,4885,11889,0,4280,20600,0
70000,-1,2,-1,2,-1,-1,832,416,832,416,416,1132,0,832,0,416,1132,0,0
70000,-1,2,0,0,-1,-1,10323,6659,6740,3559,7086,6979,0,3559,189,7086,3370,0,1
70000,-1,2,2,2,2,0,3635,4529,4308,4859,4638,4911,1100,0,624,0,500,1000,1
70000,0,-1,-1,-1,-1,-1,12018,39270,603,2288,1380,2028,39270,603,2288,1380,2028,390,0
70000,0,-1,0,0,0,0,9286,2748,4689,6569,4909,0,2748,2000,2009,2000,0,0,0
70000,0,0,-2,-1,-1,-1,16366,15500,9660,6208,702,4320,1000,9660,6208,702,4320,1650,0
70000,0,0,-2,-1,-1,0,36175,0,0,680,69257,68557,0,0,680,71867,9812,2900,0
70000,0,0,-1,-1,-1,0,16186,3680,4540,39994,6844,12308,2000,4540,39994,6850,10000,13000,0
70000,0,0,-1,0,-1,0,34244,32193,10803,15133,3148,4699,3000,11000,5000,3150,2000,4000,0
70000,0,0,-1,0,0,0,5219,6747,19948,20231,20757,18357,3092,19948,3000,3002,1002,2102,0
70000,0,0,0,-1,0,0,35666,18116,18397,17262,24921,0,5000,17831,17262,15001,0,11672,0
70000,0,0,0,-1,0,0,70780,67741,40195,48568,49039,50387,3088,1787,50314,1768,2541,1588,0
70000,0,0,0,0,-1,-1,69972,69528,67622,68922,1223,70027,5000,1900,2000,1223,70027,2600,0
70000,0,0,0,0,0,-2,11502,11009,13997,6832,0,0,2000,4037,2000,0,0,0,0
70000,0,0,0,0,0,-1,12109,15328,16854,16741,15154,6060,5328,4000,3000,3007,6060,5133,0
70000,0,0,0,0,0,-1,50927,39883,32017,17630,9730,6400,2100,1217,500,0,6400,4590,1
70000,0,0,0,0,0,-1,66083,67681,40849,2917,1473,917,3017,2025,58,29,917,40442,0
70000,0,0,0,0,0,-1,69334,66987,58055,44593,-1380,48757,3000,2213,1565,0,50137,1800,0
70000,0,0,0,0,0,0,3878,4957,6209,6338,6587,6828,1300,1500,380,500,500,800,0
70000,0,0,0,0,0,0,4664,5680,6703,7853,7316,7350,1100,1123,1273,407,300,300,0
70000,0,0,0,0,0,0,5481,6495,7514,8582,9038,9490,1113,1132,1200,600,600,600,0
70000,0,0,0,0,0,0,6056,7292,8663,9018,9222,9568,1500,1500,500,500,500,1000,0
70000,0,0,0,0,0,0,8272,10128,11106,11443,10323,11150,2000,1163,500,376,1000,800,0
70000,0,0,0,0,0,0,8878,10077,11203,11320,11487,11895,1500,1600,600,500,600,2600,0
70000,0,0,0,0,0,0,18219,19606,20980,22320,22650,23136,2000,2000,2000,1000,1000,2100,0
70000,0,0,0,0,0,0,18379,19571,22729,24346,24940,25539,1500,3500,2000,1000,1000,1500,0
70000,0,0,0,0,0,0,19758,8960,9949,10298,10511,9764,1162,1151,500,513,424,195,0
70000,0,0,0,0,0,0,20335,21699,22460,20345,42123,19852,2000,1500,3000,721,1200,2000,0
70000,0,0,0,0,0,0,20744,22093,23432,24217,19108,19649,2000,2000,1500,1000,1000,1000,0
70000,0,0,0,0,0,0,31081,23839,24717,19754,22032,25070,1474,1352,3722,2500,3292,663,0
70000,0,0,0,0,0,0,31218,32321,41713,42233,43288,46001,1608,10000,1511,1735,3600,0,1
70000,0,0,0,0,0,0,32485,30527,13407,13643,12722,13515,1267,1191,427,957,1000,14001,0
70000,0,0,0,0,0,0,32486,33640,35286,36889,34152,36694,2000,2500,2519,5090,3100,0,0
70000,0,0,0,0,0,0,34240,34913,26583,23593,15114,11222,2000,2000,1000,500,500,2000,0
70000,0,0,0,0,0,0,37199,38296,39357,40302,41202,41865,1700,1700,1600,1700,1500,1600,0
70000,0,0,0,0,0,0,37325,38402,39476,40818,41833,45165,2000,2000,2000,2000,4000,0,0
70000,0,0,0,0,0,0,39935,40973,41989,42823,43718,45203,1683,1699,1533,1585,2210,1875,0
70000,0,0,0,0,0,0,40271,41126,21125,6197,4560,0,3000,7000,1100,1000,0,0,0
70000,0,0,0,0,0,0,40498,41192,42274,43596,44173,45309,1668,1750,2023,1600,1850,5800,0
70000,0,0,0,0,0,0,41659,42652,43705,45965,46900,47884,1687,1740,3000,1700,1739,1770,0
70000,0,0,0,0,0,0,42039,46330,47480,49242,29993,29618,5000,2238,3000,3000,1500,1500,0
70000,0,0,0,0,0,0,42105,35575,32772,29766,29286,29404,1614,2042,2002,1052,1055,1063,0
70000,0,0,0,0,0,0,43045,44088,45102,45861,47951,49252,2036,2050,1809,3000,2251,1627,0
70000,0,0,0,0,0,0,43071,47338,51424,45121,5515,10424,5000,5000,5000,5000,5000,5000,0
70000,0,0,0,0,0,0,43462,41845,40476,43687,43858,48127,3000,3000,7000,10000,15000,1000,0
70000,0,0,0,0,0,0,47873,52440,55961,63341,64694,67905,6000,5000,10000,3000,5000,3000,0
70000,0,0,0,0,0,0,48421,49620,49976,20882,16401,16903,2006,1362,1268,587,766,1000,0
70000,0,0,0,0,0,0,48684,49628,53163,49953,32535,27715,1785,7320,1700,1200,1400,2,0
70000,0,0,0,0,0,0,50416,51412,53109,53630,108596,55886,1835,2520,2000,2000,4058,2100,0
70000,0,0,0,0,0,0,51959,40519,31310,28929,29535,28160,1597,1407,972,1007,1028,913,0
70000,0,0,0,0,0,0,57867,53214,54571,42413,42946,43843,1920,2230,2004,1537,1589,1598,0
70000,0,0,0,0,0,0,59156,54472,51258,48564,47512,48164,2020,2011,2013,2001,2000,2201,0
70000,0,0,0,0,0,0,59331,57786,58608,28105,30656,32674,3500,3000,3000,3000,3000,3000,0
70000,0,0,0,0,0,0,60058,49647,43968,41127,39137,28712,1834,1608,1559,1630,1300,1000,0
70000,0,0,0,0,0,0,63603,65513,59389,54064,58891,58347,7666,3800,1200,5000,4000,3000,0
70000,0,0,0,0,0,0,63820,60697,61139,56609,47819,43471,5000,4000,3000,3000,3000,2000,0
70000,0,0,0,0,0,0,64860,64533,48493,48824,19000,39000,2200,3000,1400,500,20000,0,0
70000,0,0,0,0,0,0,64882,63824,63352,28085,28487,27006,2782,2700,1732,1134,1128,1003,1
70000,0,0,0,0,0,0,64888,64454,103298,50978,51374,52453,2127,2151,2500,1836,1904,1915,0
70000,0,0,0,0,0,0,65229,66348,67292,67091,49303,49350,3000,3100,2400,2000,2000,2000,0
70000,0,0,0,0,0,0,65763,38209,27874,28439,26590,29043,3000,2000,955,3000,3000,790,0
70000,0,0,0,0,0,0,65920,67413,68623,68867,70179,67976,3150,3000,2250,2400,2350,2400,0
70000,0,0,0,0,0,0,66174,67555,25059,26834,14112,28191,3000,2000,2400,2012,14500,3000,1
70000,0,0,0,0,0,0,66301,68105,68287,28163,27220,28124,3500,3000,1500,1000,2000,2000,0
70000,0,0,0,0,0,0,66915,68852,69390,64457,66021,67267,3167,2521,2400,2600,2614,2376,0
70000,0,0,0,0,0,0,67062,68622,28236,30750,35205,37466,3000,1500,3000,5000,3000,5000,0
70000,0,0,0,0,0,0,67521,66999,63949,63699,64718,65970,3000,4500,4042,2500,2800,2500,0
70000,0,0,0,0,0,0,67574,69876,56925,28421,8706,29275,3839,2000,3000,1100,28000,1180,0
70000,0,0,0,0,0,0,67864,59165,29314,28844,29443,30101,2044,1773,1181,1215,1297,1008,0
70000,0,0,0,0,0,0,67880,66658,58486,29171,17725,17693,3028,3199,1267,642,651,1665,0
70000,0,0,0,0,0,0,68410,67449,66767,65528,47888,44198,2413,2605,2013,2003,1607,1606,0
70000,0,0,0,0,0,0,68445,67371,68263,68927,69176,70592,3001,3052,3348,2617,2840,2674,0
70000,0,0,0,0,0,0,68687,69531,71271,70712,50793,50605,2545,2918,6329,1996,1977,1975,0
70000,0,0,0,0,0,0,68689,68161,69534,67399,66963,66797,3120,3166,2609,2574,3000,3500,0
70000,0,0,0,0,0,0,68725,70413,70004,38102,28931,29143,3220,2220,28931,1000,1050,1052,0
70000,0,0,0,0,0,0,68739,67629,69188,68392,69884,71284,3060,3300,2610,2750,2750,5500,0
70000,0,0,0,0,0,0,68969,67682,68448,69316,29083,28140,3200,3600,3075,1204,1200,1046,0
70000,0,0,0,0,0,0,69398,70352,69936,68118,65942,62495,2667,2321,2391,2316,2466,1451,0
70000,0,0,0,0,0,0,69470,70279,70207,30348,28320,28704,3085,2808,2455,1337,2000,882,0
70000,0,0,0,0,0,0,69921,71198,70660,67975,65805,66058,2708,2532,2569,2324,2541,2295,0
70000,0,0,0,0,0,0,70012,67714,68412,69016,69701,70898,2418,2500,2456,2500,3000,2533,0
70000,0,0,0,0,0,0,70293,69199,66398,66282,67580,67273,3300,2600,2600,3000,2600,2600,0
70000,0,0,0,0,0,0,70820,66163,67605,68855,70377,67818,2500,2507,2428,2594,2602,2500,0
70000,0,0,0,0,0,0,70940,70639,71230,68655,41679,29887,2533,3098,2811,1281,1069,1103,0
70000,0,0,0,0,0,0,71037,71880,71927,71370,71003,71411,3352,3400,2900,2900,2900,2558,0
70000,0,0,0,0,0,0,71059,71998,71229,70747,68154,69815,5000,4792,3000,3019,8010,7000,1
70000,0,0,0,0,0,0,71106,67954,68976,49145,49688,47780,3292,3290,1706,1759,1729,1717,0
70000,0,0,0,0,0,0,71336,70393,131412,63823,52339,40836,3609,2523,2441,3038,2029,70004,1
70000,0,0,0,0,0,0,72473,72189,71867,64534,33683,32857,3500,3427,3100,1200,1700,1307,0
70000,0,0,0,0,0,0,75040,75705,69514,69312,69412,68692,3000,3000,3100,3000,3000,2700,0
70000,0,0,0,0,0,0,75894,70947,59783,18965,15936,1518,10004,3012,1000,1000,1518,20911,0
70000,0,0,0,0,0,0,79640,75021,71101,73831,46898,48686,3000,2893,4231,8000,2500,1675,0
70000,0,0,0,0,0,0,120766,55164,41549,31966,31071,30476,4000,2000,1500,1200,1500,1500,1
70000,0,0,0,0,0,2,14320,15383,16318,17048,18772,18320,1600,1500,1000,2000,0,1000,0
70000,0,0,0,0,0,2,67088,64376,62004,62985,69380,70498,2244,2301,2254,7600,2500,2422,0
70000,0,0,0,0,0,2,124493,125680,129498,131216,136744,133413,4800,5900,6000,9200,0,4859,0
70000,0,0,0,0,0,6,31796,32786,34242,35668,50052,51651,1500,2000,2000,15000,3000,0,1
70000,0,0,0,0,2,0,14180,10856,10822,13627,10852,12676,3000,2000,3000,0,2000,3000,1
70000,0,0,0,0,2,0,66447,66759,68200,72972,71248,50610,2391,2518,5950,0,1782,1985,1
70000,0,0,0,2,0,0,16030,15502,12637,11204,10983,11901,1500,3000,0,2000,2000,0,0
70000,0,0,0,2,0,0,18285,16903,18903,18443,10139,10141,1400,2332,0,365,364,527,1
70000,0,0,0,2,0,0,32938,33635,35287,36002,37096,37999,1548,2200,1600,2000,1500,3000,0
70000,0,0,0,2,2,0,70488,51152,35122,28633,28039,28621,2000,4500,1200,0,1200,1185,0
70000,0,0,2,0,0,0,12924,14615,14692,14784,15175,16360,2600,1000,1000,1000,2000,2000,0
70000,0,0,2,0,0,0,28986,30609,31301,31980,32813,33614,2400,1500,1500,1500,1500,1500,0
70000,0,0,2,0,0,0,67374,70890,66782,67266,66431,67046,6044,0,2975,2505,2590,2610,0
70000,0,0,2,0,0,0,72227,68097,65636,66114,66142,68380,6000,0,3000,2500,4100,4100,0
70000,0,0,2,2,0,0,119687,127218,128391,125183,124527,125255,11100,4551,9,4230,4253,4545,0
70000,0,0,2,2,2,0,37017,39980,39063,41592,39101,40310,3900,0,3500,0,2000,1813,1
70000,0,0,2,2,2,2,40783,44205,44784,43763,46646,47724,4100,1600,0,3600,2000,1900,0
70000,0,0,2,2,2,2,71237,76632,74853,78789,77084,80572,6577,0,5816,0,5364,0,1
70000,0,0,2,2,2,4,33390,34832,35472,38369,42729,41496,2000,1500,3500,5300,0,0,1
70000,0,0,2,2,3,2,5942,8176,8891,9522,9084,8792,2500,1000,923,0,0,400,0
70000,1,-1,-1,2,2,2,-47,653,3455,3245,1686,1681,700,3000,0,0,0,4000,1
70000,1,2,-1,2,-1,-1,6369,390,3060,780,2079,0,0,3450,0,2079,0,0,1
70000,1,2,0,0,0,0,71570,68138,67682,50256,43353,44219,0,2705,2115,1583,1597,1500,1
70000,1,2,0,0,0,0,73958,72097,46445,46759,21265,14379,67,3006,4659,1000,1000,0,0
70000,1,2,0,0,2,0,38527,37608,39369,43627,15251,16285,0,2369,5178,0,1285,2308,0
70000,1,2,0,0,2,2,17461,16892,18013,19315,19859,19390,0,1400,1600,1000,0,1000,1
70000,1,2,2,2,0,0,70736,72014,72215,70779,62525,71427,3000,2200,0,3000,10000,10000,1
70000,1,2,2,2,2,2,11300,10822,13633,13117,14096,13727,0,3000,0,1200,0,1500,1
70000,1,2,2,2,2,2,21047,22102,22949,23275,23596,23078,1700,1500,1000,1000,0,2100,0
70000,1,2,2,2,2,2,26357,27223,27492,28738,27977,30022,1600,1000,2000,0,2500,0,1
70000,1,2,2,2,2,2,67065,68358,69670,70918,72165,70755,3000,3000,3000,3000,0,8300,1
70000,2,-1,-1,-1,-1,-1,2700,2108,2253,17743,8210,0,2108,2253,17804,8210,0,0,0
70000,2,-1,0,0,0,0,1183,41263,40206,42184,43182,42674,41263,2500,2468,1466,1328,1501,1
70000,2,0,0,0,0,0,34970,19188,19998,22919,23128,23030,1313,1689,4000,958,1036,6000,0
70000,2,0,0,0,0,0,46092,40094,39610,31047,27431,16693,1700,1700,1243,1000,500,1000,0
70000,2,0,0,0,0,0,49307,48214,27572,26810,20541,19234,1500,1300,1505,1000,1000,2000,1
70000,2,0,0,0,0,0,67607,69623,71030,30087,29742,29191,3700,3700,1300,1300,1100,1200,0
70000,2,0,0,0,0,0,70659,61100,62497,47581,48805,50018,3000,3200,2000,2000,2000,2000,1
70000,2,0,0,0,2,2,19112,20115,20837,22986,22319,23952,1629,1351,2500,0,2000,0,1
70000,2,0,0,2,2,2,41087,42445,45020,44006,46905,46012,2007,3582,0,3601,0,1820,1
70000,2,2,0,-1,0,0,85863,78125,68899,69131,29289,29898,0,1378,70000,1185,1220,1119,1
70000,2,2,2,0,0,0,34263,37375,36498,37516,38587,43924,4000,0,1929,2000,6000,3700,1
70000,2,2,2,0,0,0,71862,73594,71851,68539,49027,48969,3500,0,3100,1900,2000,1865,1
70000,2,2,2,0,0,2,25773,28943,28184,28449,30379,30931,3600,0,1030,2400,1200,0,1
70000,2,2,2,2,0,0,64838,69136,69422,65107,28736,29221,6000,2000,55,1170,1100,1170,0
70000,2,2,2,2,2,2,43314,44325,45375,44350,46996,47951,2025,2051,0,3697,1853,1910,1
70000,2,2,2,2,2,2,43913,44911,45772,46611,47508,48476,2000,1900,1900,1800,1900,1900,0
70000,2,2,2,2,2,2,50241,51145,50022,53390,54579,55722,2000,0,4200,2200,2200,2200,1
70000,2,2,2,2,2,2,51143,53185,55030,56530,55027,58461,3500,3300,3000,0,4500,2500,1
70000,2,2,2,2,2,2,71586,71623,71020,67338,70769,68957,3100,3008,0,5100,2600,0,1
70000,2,2,3,2,0,0,68321,73190,71489,68981,66577,71013,6600,0,0,2500,5500,0,0
70000,3,2,0,0,0,2,21986,21351,22090,22723,24351,23809,0,1400,1000,2000,0,2074,1
70000,3,2,2,2,2,2,20392,19772,22234,21579,22720,23704,0,3100,0,1500,1500,0,1
70000,3,3,4,4,5,6,31507,33699,35839,37954,39787,41601,3000,3000,3000,3000,3000,0,1
70000,4,4,4,4,4,4,59130,59831,61873,63359,64221,65706,2272,3614,3100,2500,3100,1000,1
80000,-2,-2,-2,-2,-2,-2,-1590,-6256,-10922,-15588,-20254,-24920,4666,4666,4666,4666,266,0,0
80000,-2,-2,-2,-2,-2,-2,0,698,4949,967,5762,0,698,4949,967,5775,0,0,0
80000,-2,-2,-2,-2,-2,-2,302,-62,1958,-101,15932,950,0,2020,0,16033,11220,0,0
80000,-2,-2,-2,-2,-2,-2,387,2120,15094,4140,747,1053,2126,15094,4173,747,1053,0,0
80000,-2,-2,-2,-2,-2,-2,390,390,390,390,390,930,390,390,390,390,930,0,0
80000,-2,-2,-2,-2,-2,-2,390,390,390,390,740,552,390,780,390,740,552,4390,0
80000,-2,-2,-2,-2,-2,-2,585,-395,-2241,0,0,0,395,1846,8759,0,0,0,0
80000,-2,-2,-2,-2,-2,-2,1880,1261,1650,3176,3379,1807,1261,1650,3176,3379,1807,2241,0
80000,-2,-2,-2,-2,-2,-2,4965,51932,0,2165,39881,14691,51932,0,2165,39881,14691,10500,0
80000,-2,-2,-2,-2,-2,-2,5687,0,0,19230,0,0,0,0,19230,0,0,0,0
80000,-2,-2,-2,-2,-2,-1,0,0,0,0,0,390,0,0,0,0,390,0,0
80000,-2,-2,-2,-2,-1,0,0,747,0,0,3937,2359,747,0,0,3937,0,0,0
80000,-2,-1,-1,-1,-1,-1,-224,1357,3446,4969,0,2650,1581,3466,4969,0,2650,935,0
80000,-1,-1,-2,-2,-2,-2,1330,0,0,0,0,0,0,0,0,0,0,0,0
80000,-1,-1,-2,-2,-2,-2,1672,0,0,0,0,0,0,0,0,0,0,0,0
80000,-1,-1,-2,-2,-2,-2,11262,0,0,0,0,0,0,0,0,0,0,0,0
80000,-1,-1,-2,-2,-2,-1,78780,0,0,0,0,59349,0,0,0,0,59349,0,0
80000,-1,-1,-2,-1,0,0,1305,-789,-789,1042,1042,0,0,0,2000,0,0,193,0
80000,-1,-1,-1,-2,-2,-1,1198,1150,0,0,0,7685,1150,0,0,0,7685,0,1
80000,-1,-1,-1,-1,-1,-1,390,390,390,0,780,0,390,390,0,780,0,0,1
80000,-1,-1,-1,-1,-1,-1,390,390,390,390,390,540,390,390,390,390,540,390,0
80000,-1,-1,-1,-1,-1,-1,390,390,390,390,390,540,390,390,390,390,540,390,0
80000,-1,-1,-1,-1,-1,-1,390,390,390,540,540,540,390,390,540,540,540,390,1
80000,-1,-1,-1,-1,-1,-1,485,10735,2954,24243,7043,13531,10735,2957,24277,7046,13671,3206,0
80000,-1,-1,-1,-1,-1,-1,571,3948,4695,390,1289,935,3952,4695,390,1289,935,390,0
80000,-1,-1,-1,-1,-1,-1,780,0,390,390,390,390,0,390,390,390,390,390,0
80000,-1,-1,-1,-1,-1,-1,1147,1147,1147,1147,1100,5053,1147,1147,1147,1100,5100,18500,0
80000,-1,-1,-1,-1,-1,-1,1253,4091,4111,940,1550,4030,4091,4120,949,1550,4030,6030,0
80000,-1,-1,-1,-1,-1,-1,2147,612,2110,2298,1196,390,612,2110,2298,1196,390,0,0
80000,-1,-1,-1,-1,-1,-1,5566,5783,6011,5783,2257,8257,6000,6011,5783,2257,6000,0,0
80000,-1,-1,-1,-1,-1,-1,5587,6906,1470,1720,2890,7678,6906,1470,1720,2890,7678,1730,0
80000,-1,-1,-1,-1,-1,-1,7412,945,1096,162,6600,1780,945,1096,163,6600,1780,0,0
80000,-1,-1,-1,-1,-1,-1,10115,249,5986,188,1644,16872,258,5995,188,1644,16872,4000,0
80000,-1,-1,-1,-1,-1,-1,15621,3760,1368,0,1421,0,3768,1368,0,1421,0,0,0
80000,-1,-1,-1,-1,-1,0,9183,9606,3158,2941,2313,1367,9643,3167,2953,3753,4,7949,0
80000,-1,-1,-1,-1,0,-1,993,1528,1138,4130,3740,1404,1528,1499,4130,0,1404,1621,0
80000,-1,-1,-1,-1,0,-1,1383,5030,1964,7541,3201,5026,5030,1964,7568,0,5026,2371,0
80000,-1,-1,-1,-1,0,-1,2175,358,1872,746,746,4424,358,1872,746,0,4424,0,0
80000,-1,-1,-1,-1,0,-1,3940,4115,84,8708,8728,2793,4117,84,8708,20,2795,0,0
80000,-1,-1,-1,-1,0,0,2727,1679,566,61664,58281,58281,1679,566,61664,0,0,4480,0
80000,-1,-1,-1,-1,2,-1,5994,32223,8308,4082,538,4085,13647,8314,4082,0,4085,0,0
80000,-1,-1,-1,0,0,-2,330,0,330,330,0,0,0,660,0,0,0,0,0
80000,-1,-1,-1,0,0,-1,3436,3473,10007,3584,2961,3831,3473,10020,2986,22,3835,5683,0
80000,-1,-1,-1,2,0,0,34827,27881,16801,12532,12059,1242,27881,12532,1,0,0,717,0
80000,-1,-1,0,-1,-1,-2,325,107,1107,1338,0,0,107,1000,1338,0,0,1080,0
80000,-1,-1,0,-1,0,0,1798,2302,1604,3612,2608,1604,2310,1100,3612,600,600,1631,0
80000,-1,-1,0,0,0,0,435,4495,5333,7136,7599,7554,4495,1500,2500,1000,500,1000,0
80000,-1,-1,0,0,0,0,3796,7913,7012,11009,16418,27694,7913,1000,9000,6000,12000,5000,0
80000,-1,-1,2,-1,0,-1,390,5640,390,780,390,390,5250,0,780,0,390,390,0
80000,-1,-1,2,0,0,0,2152,3832,3587,3332,3400,-300,2245,0,267,68,0,0,1
80000,-1,0,-1,-1,-1,-1,3995,2045,824,0,1000,0,1000,824,0,1000,0,0,0
80000,-1,0,0,0,-1,-1,14939,14457,2312,1156,1156,1469,1000,2000,0,1156,1469,0,0
80000,-1,0,0,0,0,0,2159,4132,5949,7144,5309,500,2000,2002,2005,15,523,0,0
80000,-1,0,0,2,2,2,63144,65631,68875,70646,72870,75018,3500,4330,3500,3500,3500,5100,1
80000,-1,2,-1,-1,-1,-2,1053,193,9387,125,-68,-261,0,9387,125,0,0,0,0
80000,-1,2,-1,-1,-1,-1,1275,887,890,382,2786,2557,2,893,382,2794,2561,77004,0
80000,-1,2,2,-1,-1,-1,4166,3908,0,3521,0,14206,0,0,3521,0,14206,7500,0
80000,-1,2,2,0,0,0,1374,2373,2182,2232,3053,2271,1170,0,220,1000,282,0,0
80000,-1,2,2,2,2,3,4269,4057,5326,5092,6008,5618,0,1500,0,1000,0,1000,1
80000,-1,3,2,-1,2,2,495,330,165,481,316,151,0,0,481,0,0,0,0
80000,0,-1,-1,-1,-1,-1,20417,3061,7920,2830,3092,2315,3082,7932,2838,3112,2333,0,0
80000,0,-1,-1,-1,-1,0,4285,1866,5256,4451,9937,13102,1866,5256,4451,9937,9000,22000,0
80000,0,-1,-1,0,-1,-1,49735,25144,7905,7905,20616,7727,25144,8000,0,20616,7727,6191,0
80000,0,-1,-1,2,0,-1,11460,455,10843,9011,7560,7686,455,10843,0,22,7709,9398,0
80000,0,0,-2,-2,-2,-2,13465,20577,10424,4898,847,1342,20587,10759,4995,847,1344,4774,0
80000,0,0,-2,-1,-1,0,4301,0,0,2883,1856,2856,0,0,2883,1856,1000,2000,0
80000,0,0,-1,2,-1,-1,25505,14696,1278,1107,16634,2136,1000,2278,0,17000,2500,0,1
80000,0,0,0,-2,-2,-2,3719,4444,0,0,0,0,1000,0,0,0,0,0,0
80000,0,0,0,-2,-2,-2,5800,6666,0,0,0,0,1000,0,0,0,0,0,1
80000,0,0,0,-2,-2,-2,8766,4777,0,0,0,0,1600,0,0,0,0,0,0
80000,0,0,0,-2,-2,-2,79813,82150,0,0,0,0,3750,0,0,0,0,0,0
80000,0,0,0,-2,-1,-1,80958,77783,-478,-1739,1261,1261,1556,0,0,4261,1261,540,0
80000,0,0,0,-2,-1,0,6643,9400,0,0,11457,6709,3000,0,0,45568,3000,3001,0
80000,0,0,0,-1,-1,-1,5154,5390,6276,1322,500,175,1124,1010,1322,500,175,1331,0
80000,0,0,0,-1,-1,-1,52934,54217,52394,2131,744,758,3000,1064,2500,1000,1000,1000,0
80000,0,0,0,-1,-1,0,6085,4728,5750,1361,1402,1911,1128,1150,1361,1402,1000,344,0
80000,0,0,0,-1,0,-1,56602,14233,15729,3000,1500,1500,5000,5000,3000,0,1500,4473,0
80000,0,0,0,-1,0,0,22381,11420,7021,6157,7606,3432,1500,3000,6157,1500,138,59,1
80000,0,0,0,-1,2,2,60130,59744,44031,48089,44789,30423,2550,1848,6084,38,4,70,0
80000,0,0,0,0,-2,-2,4089,5015,2521,531,9766,10042,1042,1000,531,9354,438,200,0
80000,0,0,0,0,-2,-2,11987,13007,3537,0,0,0,1325,1000,0,0,0,0,0
80000,0,0,0,0,-2,-2,77985,80886,82150,0,0,0,4200,3800,0,0,0,0,0
80000,0,0,0,0,-2,-1,59796,60722,31023,-2639,-2787,34732,5000,14016,0,2000,38000,6000,0
80000,0,0,0,0,-1,0,9747,7592,7420,1467,7505,3837,1203,1020,1467,7505,135,61,0
80000,0,0,0,0,-1,0,26158,27041,27797,5958,11341,5259,1623,5879,1000,11360,486,478,0
80000,0,0,0,0,-1,0,78688,80539,76681,34197,27398,28646,4000,2333,3032,28298,2000,2000,0
80000,0,0,0,0,0,-2,60110,51784,50071,47099,41063,6408,2186,1491,1099,1243,6408,6825,0
80000,0,0,0,0,0,-1,6203,6133,4802,3086,1726,1015,1094,1075,1000,35,1015,390,0
80000,0,0,0,0,0,-1,13118,11622,12011,3210,1651,2256,1500,1511,1000,1000,2256,924,0
80000,0,0,0,0,0,-1,74413,76817,74554,43727,16307,1755,7000,3000,1400,326,1755,0,0
80000,0,0,0,0,0,0,7536,5024,5589,6094,45342,45877,1200,1100,1000,40000,1700,1700,0
80000,0,0,0,0,0,0,14376,15689,16393,16724,17086,17431,1435,1139,470,500,490,544,0
80000,0,0,0,0,0,0,16936,17963,18976,19660,20343,21003,1303,1316,1000,1000,1000,933,1
80000,0,0,0,0,0,0,19277,20060,20977,20695,18587,20767,1400,1306,1019,685,2500,0,0
80000,0,0,0,0,0,0,20540,8985,8941,8564,6281,6965,1985,2287,2287,281,965,18000,0
80000,0,0,0,0,0,0,21054,21776,22790,23411,23882,24356,1365,1379,1000,1000,871,1000,0
80000,0,0,0,0,0,0,22113,21507,13207,13997,10914,10685,1600,1700,1400,200,1000,0,0
80000,0,0,0,0,0,0,22657,19940,19870,18155,11119,5203,1320,1540,1005,222,1000,2000,0
80000,0,0,0,0,0,0,23998,17442,15948,17118,9883,8689,3150,2000,6000,500,304,500,0
80000,0,0,0,0,0,0,25424,24499,25181,5187,5524,5529,2000,2150,1000,2500,1000,1000,0
80000,0,0,0,0,0,0,26994,28659,57803,27562,28224,28867,2000,30000,1000,1000,1000,1500,0
80000,0,0,0,0,0,0,29249,28795,27006,23705,18275,18104,1800,1550,1244,751,612,667,0
80000,0,0,0,0,0,0,31815,30672,33185,28600,29101,28939,4038,3199,914,850,2055,8318,0
80000,0,0,0,0,0,0,35660,37082,38464,38922,40791,43108,2000,2000,1397,2500,3000,1600,0
80000,0,0,0,0,0,0,39663,40664,42742,43730,44721,45764,1664,2742,2000,1720,1764,1762,0
80000,0,0,0,0,0,0,39839,40596,41914,42618,43525,44433,1700,1996,1700,1745,1800,2500,0
80000,0,0,0,0,0,0,40764,41765,42251,46475,48156,50419,2000,1776,5000,3000,5000,2500,0
80000,0,0,0,0,0,0,40821,42443,42573,43386,13513,13781,2281,1411,1224,491,493,662,1
80000,0,0,0,0,0,0,41753,42956,43850,38112,38876,39697,2200,2000,2000,1700,1600,1700,0
80000,0,0,0,0,0,0,41815,42938,44022,44792,45915,46998,2100,2100,1800,2000,2000,2500,0
80000,0,0,0,0,0,0,42188,40033,31106,28890,28613,49036,1577,1511,1415,1138,22000,1746,0
80000,0,0,0,0,0,0,42653,46609,47306,51179,52073,52833,5000,1801,5000,2035,2100,6200,0
80000,0,0,0,0,0,0,44302,45311,46321,47259,48230,49351,1192,1202,1135,1165,1326,2204,0
80000,0,0,0,0,0,0,46516,30122,24099,7764,4804,10221,15029,5048,229,303,6018,500,0
80000,0,0,0,0,0,0,48006,48159,46099,47039,48286,48974,2100,3000,2000,2000,2000,2000,0
80000,0,0,0,0,0,0,49302,35916,25528,26034,26615,28173,1412,1425,931,1000,2000,2000,0
80000,0,0,0,0,0,0,49350,49533,49339,50415,45859,43152,2000,2000,2000,2007,1600,1900,0
80000,0,0,0,0,0,0,50320,49816,49457,49071,48242,47746,1784,1898,1985,1629,1655,1687,0
80000,0,0,0,0,0,0,50695,53476,46685,35760,33853,35708,10010,3000,5000,5000,3000,5000,0
80000,0,0,0,0,0,0,51346,52955,54063,54608,55695,56786,3000,2500,2000,2500,2500,2500,0
80000,0,0,0,0,0,0,51644,53177,52446,49999,41411,42328,3000,2037,2000,1499,2000,1623,0
80000,0,0,0,0,0,0,52690,51560,51047,48260,46198,43253,2022,1711,1584,1576,1690,1285,0
80000,0,0,0,0,0,0,53301,55444,60738,62818,45413,44793,3525,10000,7296,3000,3000,4500,0
80000,0,0,0,0,0,0,53685,15291,20694,25435,30510,36101,3291,5694,5435,5510,6101,6742,0
80000,0,0,0,0,0,0,55084,51265,47950,48869,49445,49979,3012,2100,2001,2001,2000,1782,0
80000,0,0,0,0,0,0,55498,56368,42486,24500,28900,29400,2000,2000,1600,5000,1000,600,0
80000,0,0,0,0,0,0,56417,50855,47656,35351,32895,22755,2600,4000,3000,3500,3500,2300,0
80000,0,0,0,0,0,0,58091,58247,59495,58832,57677,58066,2700,2800,2100,2181,2500,2300,0
80000,0,0,0,0,0,0,61267,61300,61001,58759,58212,56534,2179,2226,2004,2132,2030,2057,0
80000,0,0,0,0,0,0,62242,28610,29425,29990,29153,19863,19885,1700,1169,1044,717,1000,0
80000,0,0,0,0,0,0,62536,61478,55760,15029,13809,13597,3000,2000,5000,3000,1000,44000,0
80000,0,0,0,0,0,0,63677,64162,38141,38190,38586,39962,2000,1905,1350,1388,2401,1410,0
80000,0,0,0,0,0,0,63771,62642,60005,53384,55060,54583,2500,2500,1900,2500,2500,2000,0
80000,0,0,0,0,0,0,63899,62048,49814,45292,43190,39457,2500,2500,2010,2000,2000,2000,1
80000,0,0,0,0,0,0,63900,65343,66171,58683,43421,44267,3000,2470,2228,1516,2000,1556,1
80000,0,0,0,0,0,0,63908,55028,44654,42464,38320,40586,10051,5013,3044,5006,5012,5046,0
80000,0,0,0,0,0,0,64120,63656,63023,60237,60263,59180,2438,3000,2100,2200,2400,2200,1
80000,0,0,0,0,0,0,65554,66858,68279,69674,71070,73612,2395,2500,2530,2556,3700,3000,0
80000,0,0,0,0,0,0,66047,59910,55122,54006,50779,50257,2071,2063,1779,2087,1743,1800,0
80000,0,0,0,0,0,0,66122,92131,47655,43182,44332,45440,2600,4300,2000,2000,2000,2000,0
80000,0,0,0,0,0,0,66426,55334,53738,49021,45494,44218,2657,1800,1799,1616,1697,1737,0
80000,0,0,0,0,0,0,66982,66130,67489,68535,66835,64962,2986,3056,2787,2745,2564,2926,0
80000,0,0,0,0,0,0,67229,24772,20000,20000,20000,0,2089,6000,200,0,0,0,0
80000,0,0,0,0,0,0,67798,69206,70057,71886,73724,75498,3100,2600,3000,3000,3000,6500,0
80000,0,0,0,0,0,0,69533,71314,73027,74215,75865,77448,3500,3500,3000,3000,3000,3000,0
80000,0,0,0,0,0,0,69584,66342,60514,48965,29648,28737,2519,1838,1434,1015,1505,663,0
80000,0,0,0,0,0,0,69816,71257,72812,74305,75872,77554,2600,2700,2700,2800,2900,4300,0
80000,0,0,0,0,0,0,69937,69798,69200,44651,45185,45674,3032,5000,2000,2000,2000,2000,0
80000,0,0,0,0,0,0,69964,52041,39864,38934,38816,38850,3082,2500,2200,2000,2000,2000,0
80000,0,0,0,0,0,0,70194,71912,69776,70985,72444,69685,3500,3000,2500,2500,2500,2500,0
80000,0,0,0,0,0,0,70540,66346,58421,47943,40092,44463,2485,2880,2269,1418,5000,2000,0
80000,0,0,0,0,0,0,70590,62162,51770,49506,45722,46660,2200,2000,2015,1700,1700,2000,0
80000,0,0,0,0,0,0,71100,72066,71751,72034,73261,74479,10000,9000,9000,9000,9000,9500,0
80000,0,0,0,0,0,0,71604,73316,75039,76597,78712,81365,3500,3500,3400,4000,4000,3000,0
80000,0,0,0,0,0,0,71720,73024,74297,33412,30070,30254,3234,3075,1126,1091,1074,1028,0
80000,0,0,0,0,0,0,72383,73620,53728,31989,20058,196,3500,2354,2027,800,196,184,0
80000,0,0,0,0,0,0,73000,71338,47202,38133,39096,40510,5000,2000,1500,1500,2000,2000,0
80000,0,0,0,0,0,0,73684,68883,45257,45981,46032,46192,2896,1722,1619,1665,1700,1833,1
80000,0,0,0,0,0,0,74040,74658,72885,47663,48350,47208,3500,2500,2000,2000,2000,2000,0
80000,0,0,0,0,0,0,74377,76137,78366,78400,80000,80000,3000,3455,1960,2000,0,0,0
80000,0,0,0,0,0,0,74464,69584,66342,60514,48965,29648,3117,2519,1838,1434,1015,1505,0
80000,0,0,0,0,0,0,75755,77397,77839,69534,60747,52280,3500,3328,2811,1192,1516,2316,0
80000,0,0,0,0,0,0,76095,78197,64065,54764,55868,57288,3500,2600,2000,2000,2303,2300,0
80000,0,0,0,0,0,0,76304,78680,79897,27950,28579,29138,4203,3900,1200,1230,1230,1000,0
80000,0,0,0,0,0,0,76306,75970,77468,60167,57474,58815,3600,3574,2300,2300,2300,2200,0
80000,0,0,0,0,0,0,76594,78254,78401,49496,50562,45682,3100,3100,1669,1759,1700,3001,0
80000,0,0,0,0,0,0,76867,51936,28221,28809,19551,19925,1600,1300,859,3000,800,50000,0
80000,0,0,0,0,0,0,77024,73281,57806,37642,46235,47110,3212,1600,956,40000,1800,1700,1
80000,0,0,0,0,0,0,77204,73940,47627,48482,49153,46995,2938,1853,1708,1824,1704,1641,0
80000,0,0,0,0,0,0,77225,75429,71977,56023,47582,48039,3649,2502,2205,1702,1800,1908,0
80000,0,0,0,0,0,0,77298,71051,71239,75710,63977,43385,2515,3000,6000,3008,2000,0,0
80000,0,0,0,0,0,0,77385,79038,80899,79387,81593,80254,2900,3200,3000,3500,3100,6200,0
80000,0,0,0,0,0,0,77402,78997,79821,79308,52172,50266,2900,3600,10002,1754,1765,3795,0
80000,0,0,0,0,0,0,77615,77303,66396,55639,56873,58390,3100,2586,2000,2500,3000,2500,0
80000,0,0,0,0,0,0,77627,80712,48428,52391,23359,24597,5000,5000,5000,3000,2000,3000,0
80000,0,0,0,0,0,0,77894,79427,79514,72712,42309,43227,2850,2874,2335,1600,1600,1700,0
80000,0,0,0,0,0,0,77995,79552,81392,80966,79295,81142,2855,3130,3107,2847,3134,3072,0
80000,0,0,0,0,0,0,78028,79347,76022,58897,54512,51937,3200,2229,1900,4000,5000,21000,0
80000,0,0,0,0,0,0,78216,62890,52973,52328,49214,50245,2115,5004,1834,1562,1621,2196,0
80000,0,0,0,0,0,0,78293,79555,77025,76991,79066,75356,3161,4000,3000,3500,3100,5700,0
80000,0,0,0,0,0,0,78312,77359,76081,76526,27571,28783,3459,3500,1959,982,2000,1482,0
80000,0,0,0,0,0,0,78366,67801,68034,55674,48649,47041,2540,2442,1810,1661,1668,1663,0
80000,0,0,0,0,0,0,78406,52520,27543,51180,27017,28560,1500,3024,1200,2000,2000,1000,0
80000,0,0,0,0,0,0,78849,27733,28009,28977,28756,28962,1433,1489,1457,1016,1046,1211,0
80000,0,0,0,0,0,0,78861,77719,45961,29537,29758,30153,2435,1463,1039,1068,1267,1000,0
80000,0,0,0,0,0,0,78862,71124,59692,58055,44578,45889,4000,3000,1844,1567,2000,2000,0
80000,0,0,0,0,0,0,79029,76009,74908,41646,29297,30057,4000,3200,2230,1300,1410,1000,0
80000,0,0,0,0,0,0,79816,29536,28870,25049,23881,23668,1600,1514,1505,1005,2026,2000,0
80000,0,0,0,0,0,0,79862,80921,79627,80610,62447,60850,3000,3000,3000,2324,2500,3000,0
80000,0,0,0,0,0,0,79986,80012,78748,76722,70370,64510,3000,3010,2700,2300,2500,2000,0
80000,0,0,0,0,0,0,80037,79788,81571,75814,49784,51408,63000,25000,7704,8700,3000,12900,0
80000,0,0,0,0,0,0,80088,81371,79183,64862,58651,55230,4791,2418,2118,2066,2150,3000,0
80000,0,0,0,0,0,0,80707,77532,77492,78362,50001,50035,3332,3051,2600,1877,1767,1797,0
80000,0,0,0,0,0,0,80849,79422,76834,76333,49942,50191,3200,9000,3365,2000,2200,1700,0
80000,0,0,0,0,0,0,80904,64144,54029,51497,28250,28073,2500,2200,1817,1200,1200,1100,0
80000,0,0,0,0,0,0,80920,80956,73875,75949,44167,45362,3500,4000,3900,2000,2000,1500,0
80000,0,0,0,0,0,0,81111,67891,56993,42663,43136,43676,3000,7139,6000,1694,2000,3000,0
80000,0,0,0,0,0,0,81647,65470,73855,41003,29690,27596,5500,10000,7003,4700,3600,3500,1
80000,0,0,0,0,0,0,82150,80163,81296,81624,81614,78268,3463,3600,3624,3200,3100,6200,0
80000,0,0,0,0,0,0,83120,51347,44878,42108,28316,29523,1764,1906,2000,2000,2000,2000,0
80000,0,0,0,0,0,0,84437,85065,77727,73713,74328,75649,3093,8000,3000,3000,3000,4000,0
80000,0,0,0,0,0,0,89088,83558,84848,63373,20324,23749,3400,2983,1501,5000,5000,5000,1
80000,0,0,0,0,0,0,107044,103077,98328,93376,87491,80156,5000,5000,5000,2000,8500,3000,0
80000,0,0,0,0,0,0,124224,124762,125778,128293,127839,128714,4574,4737,5753,5000,4330,4341,0
80000,0,0,0,0,0,2,21507,13207,13997,10914,10685,5515,1700,1400,200,1000,0,500,0
80000,0,0,0,0,0,2,24941,25945,27297,27969,29857,28872,1423,1775,1447,2335,0,1050,0
80000,0,0,0,0,0,2,42755,45053,46104,48327,53549,52457,3000,1800,3000,6000,2900,2000,0
80000,0,0,0,0,2,0,45920,47186,46882,49170,48269,49121,5013,5000,4000,0,2002,1692,0
80000,0,0,0,2,0,0,61708,65080,68835,41462,36589,39985,5000,5169,21,3000,4000,57,0
80000,0,0,0,2,0,0,63343,65325,69261,67551,71282,72942,3000,5631,0,5000,3000,4500,0
80000,0,0,0,2,0,0,69589,72802,77106,74420,76220,77877,5000,6100,0,3000,3000,3000,0
80000,0,0,0,2,0,0,78480,77063,76720,74651,57109,46703,3100,6300,0,1743,1588,1628,1
80000,0,0,0,2,0,0,79812,80717,80366,74782,47767,49278,2854,7014,44,1693,4000,0,0
80000,0,0,0,2,0,0,81337,80290,82215,80422,78284,77270,2842,20412,0,3000,3000,3000,1
80000,0,0,0,2,0,0,82391,80977,88815,83153,50910,60012,2925,12265,9,1737,1760,1882,0
80000,0,0,0,2,2,0,6808,8686,11628,12008,11658,12603,2000,3100,1000,0,1000,2000,0
80000,0,0,0,2,2,2,34620,35759,40020,40766,39982,44621,2000,5200,1700,0,5500,0,0
80000,0,0,2,0,0,0,77714,79049,79206,78031,78293,78870,5000,3000,3000,3000,3000,5000,1
80000,0,0,2,0,0,0,80808,81615,79075,79604,78567,79810,6926,0,3000,3000,3300,3200,0
80000,0,0,2,0,0,2,51160,54207,52775,53906,60099,61402,4500,0,2000,7100,2400,0,0
80000,0,0,2,0,0,2,57730,64934,63325,67711,71984,73672,8198,0,5487,5429,3000,2621,1
80000,0,0,2,2,0,0,27308,29536,31756,30946,31830,0,3000,3000,0,1700,0,0,0
80000,0,0,2,2,0,0,79673,79353,80107,78323,45985,45434,7100,2600,371,1904,1801,1801,0
80000,0,0,2,2,2,0,10100,59714,62163,62756,61149,62464,50000,4000,2200,0,2300,5108,0
80000,0,0,2,2,2,0,73839,78934,76649,81845,80021,82334,6700,0,7500,0,4200,3000,1
80000,0,0,2,2,2,2,70411,75874,76710,74792,79636,77757,6657,2629,0,6000,0,3000,0
80000,0,0,2,2,2,2,71988,76940,68255,55983,59823,51519,6200,2000,2,6278,0,1567,0
80000,0,0,3,2,0,0,73397,82151,80296,77848,76508,78396,10000,0,0,2788,3171,3000,0
80000,1,-2,-2,-2,-2,-2,4233,14233,15854,10000,10000,10000,14233,15854,10000,10000,10000,10000,0
80000,1,-2,-2,-2,-2,-1,0,0,0,0,0,2060,0,0,0,0,2060,0,0
80000,1,-2,-2,-2,-2,-1,0,0,0,0,0,7010,0,0,0,0,6204,1000,0
80000,1,-2,-1,-1,-1,-2,0,0,1612,16388,0,0,0,1612,16415,0,0,1800,0
80000,1,-2,-1,-1,-1,-1,0,0,1900,7411,1900,0,0,1900,7411,1900,0,0,0
80000,1,-2,-1,-1,-1,0,-3,-3,1266,1347,2495,1248,0,1269,1351,2498,3,0,0
80000,1,-1,-1,-2,-2,-2,0,80000,0,0,0,0,80000,0,0,0,0,0,0
80000,1,-1,-1,-1,-2,-2,0,3495,500,0,0,0,3495,765,0,0,0,0,0
80000,1,-1,-1,-1,-2,-1,0,9000,380,0,0,363,9000,380,0,0,363,0,0
80000,1,-1,2,-1,-1,-1,998,6858,1879,1145,7328,3703,6861,11,1146,7329,3704,426,0
80000,1,1,-2,-2,-2,-2,74384,0,0,0,0,0,5000,0,0,0,0,0,0
80000,1,2,0,-1,-1,-1,38986,34931,33890,2065,5215,3745,6,1000,2065,5215,3745,1390,1
80000,1,2,0,0,-2,-2,83062,81150,82150,0,0,0,0,3800,0,0,0,0,0
80000,1,2,0,0,0,0,19073,16106,57525,54990,52458,54093,3895,50000,2000,2000,2344,1235,0
80000,1,2,0,0,0,0,27653,26703,26856,27844,27480,28061,0,1459,1447,983,1023,1042,0
80000,1,2,0,0,0,0,77871,71898,72926,73745,75675,75999,1261,3214,3000,3500,2266,3000,0
80000,1,2,0,0,2,0,32337,31543,32141,28622,24619,23211,0,1659,4000,0,1000,25000,0
80000,1,2,0,0,2,2,1548,1378,3182,5124,4893,5810,0,2000,2000,0,1000,0,0
80000,1,2,0,0,2,2,80461,78259,66068,50748,51490,50626,37,2122,3600,1600,18,1800,1
80000,1,2,2,0,0,0,40029,41095,40137,40793,42990,42854,2000,0,1603,3000,2000,1056,0
80000,1,2,2,0,0,0,64575,65961,64308,65047,66504,74360,3000,0,2400,2500,9000,0,0
80000,1,2,2,0,0,0,79108,78637,75688,46378,46175,41118,3200,0,1806,2124,1599,1500,0
80000,1,2,2,2,0,0,69942,68219,75688,73563,43255,35852,0,8600,0,1600,1300,1300,1
80000,1,2,2,2,0,0,77185,80311,81558,78761,71352,19674,5000,3100,0,2000,713,1500,1
80000,1,2,2,2,2,0,82904,80954,80070,74172,68002,58032,0,7000,4007,0,3000,3000,0
80000,1,2,2,2,2,2,21775,21127,23772,23092,24806,24272,0,3000,0,2100,0,1500,1
80000,1,2,2,2,2,2,53576,52128,56657,57340,55823,58260,0,6000,2200,0,3500,3500,1
80000,1,2,2,2,2,2,63467,66811,68247,68531,69808,70544,5000,3100,2000,3000,2000,4000,1
80000,1,2,2,2,2,2,81053,79337,82698,81467,49150,51303,300,6200,2139,0,4000,0,0
80000,1,2,2,2,2,2,85738,80445,82639,83357,78188,79492,0,7400,3000,0,5700,3000,0
80000,1,2,3,2,-1,-1,8415,10305,9979,1261,1261,1261,2181,0,0,1261,1261,1261,1
80000,1,4,3,2,0,0,84718,82861,80581,51537,51381,48866,0,0,0,1790,1890,1740,1
80000,2,-1,-1,0,0,0,100,980,28798,29398,15037,0,980,28798,1000,1000,0,0,0
80000,2,-1,0,0,0,0,40846,3099,1950,1170,780,780,1149,1000,0,0,0,2440,1
80000,2,0,0,-2,-2,-2,19671,20650,0,0,0,0,1700,0,0,0,0,0,1
80000,2,0,0,0,0,0,52062,49884,22348,22063,8723,7254,2158,1708,1411,4,21,220,1
80000,2,0,0,0,0,0,62824,63883,57722,116742,72204,79105,2178,2674,2200,14710,8000,3005,1
80000,2,0,0,0,0,0,76123,54669,28674,28240,28540,27934,2000,1500,1200,1300,1200,1200,0
80000,2,0,0,0,0,0,77142,78255,79425,70583,48308,46049,3000,3055,3047,1663,1692,1618,1
80000,2,0,0,0,0,0,80019,81145,79171,63448,46989,47867,3111,3667,3063,2000,2000,2428,1
80000,2,0,0,0,0,0,80586,77960,79804,75299,76933,78953,3000,3200,3000,3400,3300,3500,0
80000,2,0,0,0,0,0,88027,85314,84147,59671,80941,27436,3264,4092,2400,43532,1511,1200,1
80000,2,0,0,0,0,2,77490,80204,79650,81338,81438,80959,5000,4000,4003,13000,3515,0,1
80000,2,0,0,0,0,3,13708,22668,31456,40111,48633,56740,9200,9200,9200,9200,9200,0,1
80000,2,2,-2,-2,-2,-2,79000,0,0,0,0,0,0,0,0,0,0,0,0
80000,2,2,-2,-1,0,0,1430,0,0,872,22872,20641,0,0,872,22000,2002,2001,0
80000,2,2,0,0,0,0,24928,24229,25832,27394,29922,31879,0,2000,2000,3000,2600,0,1
80000,2,2,0,0,0,0,58324,56789,58276,60102,61423,72197,0,2400,3000,2500,11576,39,1
80000,2,2,2,0,0,0,80508,81731,78772,76818,70319,-1560,3100,0,2000,3000,0,75003,1
80000,2,2,2,2,0,0,78610,80666,82713,80838,49575,48354,3900,4000,0,1920,1800,1800,1
80000,2,2,2,2,2,2,23787,23124,26700,27064,27685,27091,0,4300,1100,1200,0,2500,1
80000,2,2,2,2,2,2,40654,41687,42719,43018,44013,45058,2000,2000,1300,2000,1900,1900,1
80000,2,2,2,2,2,2,45691,46662,47595,48312,49392,50426,2000,2000,1800,2000,2000,1900,1
80000,2,2,2,2,2,2,48401,49326,50207,51081,52118,51129,2000,2000,2000,2001,0,4100,0
80000,2,2,2,2,2,2,51193,50954,55132,56629,57405,58742,1200,5000,3000,2300,2400,0,1
80000,2,2,2,2,2,2,58024,59300,59831,60554,61938,63269,2800,2100,2300,2500,2500,500,1
80000,2,2,2,2,2,2,61231,62423,63827,64682,65614,67007,2800,3000,2500,2600,2600,2600,1
80000,2,2,2,2,2,2,72674,74192,72464,76613,77908,76034,3300,0,6000,3100,0,4200,0
80000,2,2,2,2,2,2,98677,89056,87525,78266,74967,66512,0,8000,0,5000,0,2428,1
80000,2,2,2,3,3,2,66852,68152,71459,73690,71908,76294,3000,5000,4000,0,5700,0,1
80000,2,2,3,2,3,2,75444,80025,78129,82581,81053,79133,6400,0,6300,0,0,5000,1
80000,2,2,3,3,3,2,36649,39448,40101,40748,39816,40607,3700,1600,1600,0,1600,1600,1
80000,2,3,2,2,0,0,84176,81516,80146,61392,60325,60469,0,2000,0,3091,2400,2000,0
80000,3,2,2,2,3,3,6269,7212,7246,8073,8349,8420,1200,300,1100,700,500,0,1
80000,8,7,6,5,4,3,126786,124971,121216,97622,88878,80518,0,0,0,0,0,0,0
90000,-2,-2,-2,-2,-2,-2,0,0,0,0,0,0,0,0,0,0,0,0,0
90000,-2,-2,-2,-2,-2,-2,0,0,0,0,0,0,0,0,0,0,0,0,0
90000,-2,-2,-2,-2,-2,-2,0,0,0,0,0,0,0,0,0,0,0,0,0
90000,-2,-2,-2,-2,-2,-2,316,714,1443,13982,4105,1594,714,1443,13982,4105,1765,2000,0
90000,-2,-2,-2,-2,-2,-2,827,0,2469,827,0,1654,0,2469,827,0,1654,827,0
90000,-2,-2,-2,-2,-2,-2,3388,0,0,0,0,7707,0,0,0,0,7707,0,0
90000,-2,-2,-2,-2,-2,-2,5563,0,0,0,0,0,0,0,0,0,0,5156,0
90000,-2,-2,-2,-2,-2,-1,1243,0,2366,-1438,-1438,66129,0,2366,1068,0,67567,2500,0
90000,-2,-2,-2,-2,-2,-1,9663,69279,59483,3065,854,2328,69616,59483,26665,854,2334,10825,0
90000,-2,-2,-1,0,0,0,-1886,-2086,34347,35042,46098,46658,0,36633,1328,11696,1350,1337,0
90000,-1,-1,-2,-2,-2,-2,3000,0,0,0,0,0,0,0,0,0,0,0,0
90000,-1,-1,-2,-2,-1,-1,390,0,-390,-780,780,0,0,0,0,1560,0,0,0
90000,-1,-1,-2,-1,-1,-1,7563,-12,-12,3230,387,1642,0,0,3242,387,1642,0,0
90000,-1,-1,-1,-2,-1,-1,13416,5206,0,0,1980,170,7380,0,0,1980,170,1397,1
90000,-1,-1,-1,-1,-2,-2,932,319,800,0,0,0,319,800,0,0,0,0,0
90000,-1,-1,-1,-1,-1,-2,595,207,18189,557,0,0,207,18281,557,0,0,0,1
90000,-1,-1,-1,-1,-1,-1,316,316,316,316,316,316,316,316,316,316,316,316,1
90000,-1,-1,-1,-1,-1,-1,1040,3953,6986,868,350,874,3963,6986,868,350,874,548,1
90000,-1,-1,-1,-1,-1,-1,1887,43542,12148,880,10880,880,43542,12148,880,10880,880,1080,0
90000,-1,-1,-1,-1,-1,-1,3382,4983,3396,1457,750,3091,4983,3396,1464,750,3091,5943,0
90000,-1,-1,-1,-1,-1,-1,6574,3997,5740,27384,3665,26721,4192,5743,27391,3667,26724,1799,0
90000,-1,-1,-1,-1,-1,-1,27571,337,3734,-45,1905,22636,337,3740,38,1950,22636,0,0
90000,-1,-1,-1,-1,-1,2,498,498,498,498,3482,2793,498,498,498,3482,0,483,0
90000,-1,-1,-1,0,0,-2,700,2122,1897,1190,0,0,2122,1897,0,0,0,0,1
90000,-1,-1,-1,0,0,-1,500,715,26854,28146,0,2000,715,26854,3000,0,2000,0,0
90000,-1,-1,-1,0,0,0,1933,63201,5322,27878,27243,27799,63201,5322,26400,545,556,1274,0
90000,-1,-1,0,0,0,0,-1750,76674,77974,80064,81747,86611,79786,2836,3657,2972,6228,0,0
90000,-1,-1,0,0,0,0,1767,17684,18382,21415,6654,10323,17684,3000,5000,3000,5000,7000,0
90000,-1,-1,2,-1,0,-1,3407,10839,4788,7370,1051,14014,10850,5,5042,0,14014,5812,0
90000,-1,-1,3,2,-1,-1,421,9522,9223,8480,2181,2983,9422,0,79,2181,2991,2453,0
90000,-1,0,0,0,0,0,23940,92233,91308,53991,56032,51010,75000,5000,4300,2800,2800,3600,0
90000,-1,0,0,0,0,0,35785,29155,27485,29266,35598,38449,15155,5485,5263,8598,5449,6537,0
90000,-1,2,-1,-1,-1,-1,1651,390,390,390,1848,930,0,390,1950,1848,1710,0,0
90000,-1,2,2,-2,-2,-2,8792,7500,0,0,0,0,0,0,0,0,0,0,0
90000,-1,3,2,2,-1,-1,3664,3449,1776,-1170,390,390,0,0,0,1560,390,930,1
90000,0,-1,0,0,0,-1,3268,6745,3402,8652,5381,7190,6745,1131,5381,4,7190,0,1
90000,0,0,-1,-1,-1,-1,76025,55440,11227,4000,5000,10327,10374,16926,4000,6000,10327,0,0
90000,0,0,0,-2,-2,-2,74814,71859,0,0,0,0,5000,0,0,0,0,0,0
90000,0,0,0,-2,-2,-2,77860,76387,0,0,0,0,3292,0,0,0,0,0,0
90000,0,0,0,-2,-2,-2,88903,34000,0,0,0,0,7000,0,0,0,0,0,0
90000,0,0,0,-1,-1,-2,87182,82741,68883,265,-613,-613,3045,1497,265,0,0,31000,0
90000,0,0,0,-1,0,0,36179,36137,28400,28982,29782,24389,1953,2000,29982,800,1516,60615,0
90000,0,0,0,0,-2,-2,19929,17671,7870,0,0,0,1500,1000,0,0,3000,40000,0
90000,0,0,0,0,-2,-2,49115,50477,51400,0,0,0,2477,2400,0,0,0,0,0
90000,0,0,0,0,-1,-1,88015,69701,52046,42541,8571,4653,5640,16021,13280,8571,19653,12000,0
90000,0,0,0,0,-1,0,50477,22472,20148,4708,5000,5028,3000,5000,500,5000,500,500,0
90000,0,0,0,0,0,-2,35865,32764,25348,9580,0,0,1546,1176,1000,0,0,0,0
90000,0,0,0,0,0,-1,10242,10930,10549,9421,6851,2133,2006,2012,3022,2020,2139,2006,0
90000,0,0,0,0,0,-1,17584,18377,18496,11716,3163,30483,2000,1300,2000,67,30483,2905,0
90000,0,0,0,0,0,-1,39317,28491,20367,16680,10320,7601,1808,1657,1000,206,7601,286,1
90000,0,0,0,0,0,0,5618,6645,7635,8020,8403,9504,1125,1115,500,500,1252,154,0
90000,0,0,0,0,0,0,6090,7477,8848,10135,11731,8138,1500,1500,1500,2000,1500,1000,0
90000,0,0,0,0,0,0,11333,11944,7832,7204,6724,7965,4234,6000,3000,3010,5000,3000,0
90000,0,0,0,0,0,0,14692,15722,16733,17453,17970,18175,1269,1280,1000,950,652,1000,0
90000,0,0,0,0,0,0,15985,11413,61879,56377,51068,51722,4000,55000,3750,2500,2500,2500,0
90000,0,0,0,0,0,0,17621,18718,19809,20874,21228,21736,1700,1700,1700,1000,1000,1000,0
90000,0,0,0,0,0,0,17704,14478,17681,15240,19364,18828,5005,5145,1801,5024,8007,5046,0
90000,0,0,0,0,0,0,18131,18219,36190,17754,11104,11234,2301,1354,2906,370,381,376,0
90000,0,0,0,0,0,0,23551,23607,22132,63204,19412,18099,2400,1582,770,1696,820,520,0
90000,0,0,0,0,0,0,28329,28980,29564,29710,29700,0,1800,1774,920,1102,4014,0,0
90000,0,0,0,0,0,0,32154,33521,34443,31223,31723,32505,1888,1810,1300,1152,1310,1197,0
90000,0,0,0,0,0,0,34672,35270,36150,36528,37128,37348,1562,1832,1600,1000,1000,0,0
90000,0,0,0,0,0,0,36703,38089,40162,41422,42172,34477,2000,3000,2000,1600,1500,2000,0
90000,0,0,0,0,0,0,37985,36664,22265,30504,26909,25685,2010,2000,10004,1010,2000,2000,0
90000,0,0,0,0,0,0,40145,41194,42197,42726,43802,42761,2000,2000,1502,1737,1500,5050,1
90000,0,0,0,0,0,0,43310,40275,37800,37323,34396,34938,2500,3000,3000,2000,3000,3000,0
90000,0,0,0,0,0,0,45069,43310,40275,37800,37323,34396,2000,2500,3000,3000,2000,3000,0
90000,0,0,0,0,0,0,45406,47337,48575,49667,51119,23344,3000,2000,2000,2000,2000,1087,0
90000,0,0,0,0,0,0,45431,46338,45129,45640,46175,46716,2749,2206,1113,1135,1153,1134,0
90000,0,0,0,0,0,0,45537,43173,36230,28068,20229,20650,3000,2500,2000,2000,1100,0,0
90000,0,0,0,0,0,0,53173,19825,20840,21023,20776,21055,1324,1339,1638,890,763,769,0
90000,0,0,0,0,0,0,60769,61943,62082,61436,27507,29218,2207,2500,1479,1000,3473,2500,0
90000,0,0,0,0,0,0,62062,62617,57990,51537,52486,48483,2971,2168,1686,1878,1611,1334,0
90000,0,0,0,0,0,0,68476,68485,67000,45837,49959,52981,4017,4000,4000,5000,4000,4000,0
90000,0,0,0,0,0,0,70457,64479,31470,28996,26067,23292,2850,1900,1700,1000,1000,1200,0
90000,0,0,0,0,0,0,74012,76777,78594,39209,40057,40744,4600,4300,2700,1500,1400,2000,0
90000,0,0,0,0,0,0,79397,77962,73870,58792,58402,59633,2950,3000,2205,2300,2300,3000,1
90000,0,0,0,0,0,0,80551,11066,2408,57167,57700,58817,2028,1007,57113,2092,2400,1800,0
90000,0,0,0,0,0,0,83176,74918,75422,29364,9571,9665,3504,2942,979,191,193,14210,0
90000,0,0,0,0,0,0,84137,85684,87396,67761,65602,65902,3210,3503,2420,2400,2400,2694,0
90000,0,0,0,0,0,0,84681,81491,81003,68764,67957,69313,3666,3914,2774,2620,2640,3000,0
90000,0,0,0,0,0,0,85769,87877,89766,63793,24265,25713,3535,3703,2085,1026,2000,2000,0
90000,0,0,0,0,0,0,86821,71263,73515,74100,23500,23500,4000,4000,3000,0,0,0,0
90000,0,0,0,0,0,0,86960,85585,87235,84511,84488,86184,3200,3114,3000,3100,3100,3500,1
90000,0,0,0,0,0,0,87190,86135,87247,88943,90961,44522,3068,3335,3319,3590,1368,1121,0
90000,0,0,0,0,0,0,88081,83960,84963,56089,57355,58394,3244,2600,2037,2200,2110,7000,1
90000,0,0,0,0,0,0,89309,88544,88888,48534,49874,32078,5000,3500,2000,2100,1000,1000,0
90000,0,0,0,0,0,0,90467,88834,89791,53096,52340,27660,4000,5000,3100,1700,1421,319,1
90000,0,0,0,0,0,0,90749,90595,89059,88822,90978,89363,3481,5167,3300,3615,3217,3500,0
90000,0,0,0,0,0,0,91193,91078,86785,79894,50546,34427,7006,5026,7031,6000,1345,1500,0
90000,0,0,0,0,0,0,91263,70251,45385,46331,47494,48433,3100,1800,1700,2000,1746,1941,0
90000,0,0,0,0,0,0,91431,88920,88344,50209,48262,49316,4672,4042,1748,1892,2000,1861,0
90000,0,0,0,0,0,0,92464,91709,92412,91297,91790,91377,3600,4331,3218,3613,3300,3519,0
90000,0,0,0,0,0,0,92481,90698,80720,69788,63868,40136,3507,3328,2100,2542,3000,93245,1
90000,0,0,0,0,0,0,93737,85818,88988,50780,50929,48735,3600,5100,2200,2200,1944,2200,0
90000,0,0,0,2,0,0,84404,86109,92140,88296,88357,85506,3100,8100,0,3200,3000,3500,0
90000,0,0,0,2,2,2,23418,24443,26695,25967,26946,28346,1408,2660,0,1400,2000,1200,0
90000,0,0,0,2,2,2,37003,38082,41150,41677,42191,43371,2000,4000,1500,1500,2000,2000,0
90000,0,0,0,2,2,2,38355,39413,41181,41701,44000,45651,1700,2404,1500,3000,2500,600,0
90000,0,0,2,0,0,0,15940,19742,19137,20212,20874,21387,4400,0,1400,1000,1000,1000,1
90000,0,0,2,0,0,0,26772,70398,56266,47804,44230,48144,56388,112,1779,1786,5414,2418,0
90000,0,0,2,0,0,0,32581,36525,35660,36436,33548,32061,4500,0,3000,10000,2000,2000,0
90000,0,0,2,0,0,0,46608,49999,43996,44069,41317,36912,4500,0,1750,1425,1412,1231,0
90000,0,0,2,0,0,0,87561,92996,89866,48574,41746,38486,8548,0,1527,1617,1490,659,0
90000,0,0,2,0,0,0,89789,88337,85248,86483,87765,85855,7069,0,3500,3500,3500,3200,0
90000,0,0,2,0,0,0,97973,100442,89242,82784,53609,49048,12500,2,5085,5000,3000,1004,1
90000,0,0,2,2,2,2,20249,44731,43712,52966,51988,56117,25000,0,10000,0,5000,3150,0
90000,0,0,2,2,2,2,77278,83357,85229,85939,83680,89319,8000,4100,3000,0,7000,3100,1
90000,1,-2,-2,-1,0,0,0,0,0,873,873,0,0,0,873,0,0,0,0
90000,1,-1,-1,-1,-1,-1,0,1191,-21,2130,3486,1495,1191,0,2151,3486,1495,0,0
90000,1,2,2,-1,-1,-1,8021,7780,0,9281,0,340,77,0,9281,0,340,0,0
90000,1,2,2,0,0,0,33868,34614,33776,34767,35504,36249,1600,0,1563,1300,1300,1438,1
90000,1,2,2,2,0,0,83480,89264,89896,86706,87385,88351,8000,3000,0,3000,5000,5000,0
90000,1,2,2,2,0,0,90880,87502,91442,89804,87213,90441,0,7300,1144,3265,6788,0,0
90000,1,2,2,2,2,0,25941,25722,28015,28262,27509,28082,500,3000,1000,0,1017,2433,1
90000,1,2,2,2,2,2,17374,16806,18768,18169,19682,19220,0,2251,0,1807,0,10000,0
90000,1,2,2,2,2,2,50200,49092,53295,53826,54548,55525,0,5000,2000,2200,2000,2500,0
90000,2,-1,-1,0,0,0,117793,93777,87401,38144,39177,36687,6732,92113,1317,1598,1461,1354,0
90000,2,-1,2,-1,0,-1,390,780,390,780,390,780,780,0,780,0,780,0,1
90000,2,0,0,0,0,2,27459,28514,29733,30138,33248,32564,1800,2000,1200,3600,0,2000,1
90000,2,0,0,0,0,2,63426,57922,55010,52540,56236,40922,2700,2500,1900,4600,0,1600,1
90000,2,0,0,2,2,0,48900,37039,36334,34214,30789,28994,2000,4000,1100,0,1050,1034,1
90000,2,2,-2,-2,-2,-2,71900,0,0,0,0,0,0,0,0,0,0,0,1
90000,2,2,2,2,0,0,14085,13558,12193,12986,11831,12488,0,2000,1300,700,1000,3500,1
90000,2,2,2,2,2,0,95773,95489,94681,93965,90545,90529,4000,3500,3500,0,3500,4200,0
90000,2,2,2,2,2,2,11512,12524,13523,13704,13882,14015,1500,1500,700,700,500,0,1
90000,2,2,2,2,2,2,15089,17023,18451,17857,20256,20785,2500,2000,0,2700,1000,0,1
90000,2,2,2,2,2,2,45820,46770,45741,48729,49628,50680,2000,0,3755,2000,2000,2100,1
90000,2,2,2,2,2,2,62011,63426,64288,65236,66639,67893,3000,2500,2600,2600,2500,2800,1
90000,2,2,2,2,2,2,64762,63164,32789,31641,29240,28306,0,2900,0,2500,0,1300,1
90000,2,2,2,2,2,2,90603,92152,86671,91280,85868,91047,3900,0,6800,0,6500,0,0
90000,2,3,2,0,0,2,88627,86357,84131,85225,90347,85725,0,0,3400,6500,0,3301,1
100000,-2,-2,-2,-2,-2,-2,-177,-207,1050,0,0,0,0,1257,0,0,0,0,0
100000,-2,-2,-2,-2,-2,-2,-14,1452,4091,3011,5955,0,1466,4091,3020,5955,0,2835,0
100000,-2,-2,-2,-2,-2,-2,518,0,0,0,0,0,0,0,0,0,0,0,0
100000,-2,-2,-2,-2,-2,-2,1000,0,0,0,0,0,0,0,0,0,0,0,0
100000,-2,-2,-2,-2,-2,-2,1500,3794,-1678,-1478,1058,5556,3794,0,200,4058,5738,21173,0
100000,-2,-2,-2,-2,-2,-2,1890,24105,52262,9920,8633,53312,24105,52282,9920,8633,53312,4589,0
100000,-2,-2,-2,-2,-2,-2,3417,7366,12146,752,5931,7855,7400,12146,752,5931,7855,3966,0
100000,-2,-2,-2,-2,-2,-2,6345,0,0,0,0,0,0,0,0,0,0,0,0
100000,-2,-2,-2,-2,-2,-2,14394,35392,20000,0,0,0,36291,20000,0,0,0,0,0
100000,-2,-2,-2,-2,-2,-2,16155,3514,3400,15156,13920,2099,3514,3400,15156,13920,2099,15638,0
100000,-2,-2,-2,-2,-2,-1,0,0,0,0,0,1505,0,0,0,0,1505,0,0
100000,-2,-2,-2,-1,-1,0,101771,102878,79618,4370,78453,80063,3800,7,971,79681,2861,2698,1
100000,-2,-2,-1,0,0,0,880,880,2926,60540,60929,64121,880,2926,58801,2200,5000,3000,0
100000,-2,-1,-1,-1,-1,-2,10135,1646,1635,884,0,0,1646,5635,884,0,0,0,0
100000,-1,-1,-2,-2,-2,-2,500,0,0,0,0,0,0,0,0,0,0,0,0
100000,-1,-1,-2,-2,-2,-2,3976,0,0,0,0,0,0,0,0,0,0,402,1
100000,-1,-1,-2,-2,-2,-2,26273,-73,-73,-73,-73,-73,0,0,0,0,0,0,1
100000,-1,-1,-1,-1,-1,-2,6666,6666,0,6270,-396,-396,6666,0,6270,0,0,0,1
100000,-1,-1,-1,-1,-1,-1,390,1473,390,390,390,0,1473,390,390,390,0,2380,0
100000,-1,-1,-1,-1,-1,-1,555,712,712,712,862,712,712,712,712,862,712,1840,1
100000,-1,-1,-1,-1,-1,-1,780,0,390,390,390,380,0,390,390,390,380,400,0
100000,-1,-1,-1,-1,-1,-1,942,390,390,390,0,780,390,390,390,0,780,0,0
100000,-1,-1,-1,-1,-1,-1,1651,631,3611,631,631,0,631,3611,631,631,0,2113,0
100000,-1,-1,-1,-1,-1,-1,1872,4490,4056,10782,3187,18515,4503,4066,10900,3196,18543,3215,0
100000,-1,-1,-1,-1,-1,-1,9242,181,1782,1338,768,2643,181,1794,1338,768,2643,0,0
100000,-1,-1,-1,-1,0,0,12566,2421,3360,2845,2505,2158,3061,1390,6477,50,43,36,0
100000,-1,-1,-1,-1,2,-1,671,671,671,1642,821,671,671,671,1642,0,671,671,1
100000,-1,-1,-1,0,-1,-1,326,326,652,326,326,326,326,652,0,326,326,652,0
100000,-1,-1,-1,0,-1,-1,2494,1999,6632,6150,10122,2689,2005,6633,18,10152,2697,3607,0
100000,-1,-1,-1,0,0,-1,525,1022,897,897,319,2757,1100,1000,0,0,2800,5400,1
100000,-1,-1,-1,0,0,-1,29048,0,4069,37069,20233,22227,0,4069,33000,20000,22227,20000,0
100000,-1,-1,-1,2,2,-1,3780,0,203,203,0,7856,0,203,0,0,7856,10000,0
100000,-1,-1,0,-1,-1,-2,1725,21711,10487,780,0,0,21711,1000,780,0,0,0,0
100000,-1,-1,0,-1,-1,-1,53309,7500,15477,23472,12500,14666,7500,10035,23500,12500,14666,79053,0
100000,-1,-1,0,0,0,0,10380,71944,72486,73717,74402,73187,72024,4028,6006,3018,3000,3008,0
100000,-1,0,0,0,0,0,87055,84712,76202,72368,71384,70346,3000,3403,2656,2500,2600,3000,0
100000,-1,2,-1,-1,0,0,296,148,620,296,148,0,0,620,296,0,0,563,0
100000,-1,2,0,0,-1,0,1818,1644,2449,-571,40342,41113,0,1020,0,41113,1000,1400,1
100000,-1,2,0,0,0,0,17553,10628,5836,6746,7889,0,0,1000,2000,3323,0,0,1
100000,-1,2,2,-1,-1,-2,772,772,-8,2562,0,0,0,8,2570,0,0,0,0
100000,-1,2,2,-1,0,0,5640,1570,0,3198,3198,5198,0,0,3198,0,2000,3348,0
100000,0,-1,-1,-1,0,0,5532,5325,5423,29628,13252,3723,5325,5423,29628,0,0,3513,0
100000,0,0,-2,-2,-2,-2,7642,0,0,0,0,0,0,0,0,0,0,0,0
100000,0,0,-1,-1,-2,-2,3933,2162,856,-1267,-363,-2389,1000,1000,0,5100,0,0,0
100000,0,0,-1,-1,0,-1,92265,93873,1473,2946,1473,540,5000,1473,2946,0,540,780,0
100000,0,0,-1,0,0,-1,24110,10497,20159,7053,0,1120,2000,20159,500,0,1120,1909,0
100000,0,0,0,-1,-1,-1,27753,28306,14320,180,2500,12411,1632,1000,180,2500,10000,0,0
100000,0,0,0,-1,-1,0,20439,6882,2456,1537,1642,110,1068,1007,1741,1646,100,0,1
100000,0,0,0,-1,0,0,22320,15193,13516,1541,8805,11329,1227,1150,1600,8000,5000,0,0
100000,0,0,0,0,-2,-2,2069,3521,5399,0,0,0,1500,2000,0,0,0,1700,0
100000,0,0,0,0,-2,-2,28428,29753,30900,0,0,0,1800,1900,0,0,0,0,0
100000,0,0,0,0,-2,-2,76222,79564,49000,-1000,0,0,4700,1500,0,31000,0,0,0
100000,0,0,0,0,-2,-1,180765,64653,10388,3762,1434,12609,3018,1400,3786,1774,12714,38665,0
100000,0,0,0,0,-1,0,7094,8249,7911,17716,1002,1518,1439,2000,10070,1002,1000,500,0
100000,0,0,0,0,-1,0,47107,60800,68095,64339,15522,51336,18000,10000,2635,15522,41136,2000,0
100000,0,0,0,0,0,-2,47919,30820,28503,6810,-3,-3,2000,1000,1039,12920,0,0,0
100000,0,0,0,0,0,-2,61618,60380,58567,79527,18950,19667,2406,2200,22004,656,1000,396,0
100000,0,0,0,0,0,-1,19164,23828,25138,26499,26799,1150,5000,2000,2000,500,1150,0,0
100000,0,0,0,0,0,-1,30627,31894,33049,33112,0,715,2326,2000,1300,0,715,0,0
100000,0,0,0,0,0,-1,91192,91305,103216,88782,35146,39849,4000,15074,16197,13112,43122,43000,0
100000,0,0,0,0,0,-1,100442,96018,97453,99407,95600,981,5000,8000,3500,3500,981,0,0
100000,0,0,0,0,0,0,4740,3584,3609,3381,3666,2233,2000,2000,2054,2000,0,975,0
100000,0,0,0,0,0,0,5830,6694,7855,8076,8297,9349,1118,1279,500,500,1349,1691,0
100000,0,0,0,0,0,0,8002,7954,9777,10026,9657,9279,2000,2000,1000,504,1000,2000,0
100000,0,0,0,0,0,0,12332,12832,8564,7241,7364,7542,1296,1123,1000,223,1500,0,0
100000,0,0,0,0,0,0,20068,21226,22573,23596,24068,24679,1800,2000,1400,863,1000,2000,0
100000,0,0,0,0,0,0,25945,21237,16723,15868,8275,5954,4021,3013,4031,3012,2006,3121,0
100000,0,0,0,0,0,0,37767,34457,30036,30337,30997,32904,1788,1799,1100,1150,2423,0,0
100000,0,0,0,0,0,0,40112,40981,41963,43012,33270,33967,1661,1766,1942,1200,1233,1241,0
100000,0,0,0,0,0,0,40810,42653,42351,43011,43011,28947,2502,1200,860,0,579,0,0
100000,0,0,0,0,0,0,41803,73882,75609,77265,78973,81665,33882,4000,4000,4000,5000,5900,1
100000,0,0,0,0,0,0,43175,42669,42238,41646,40976,40503,1680,1722,1603,1406,1598,1502,0
100000,0,0,0,0,0,0,43788,44843,45814,46727,46798,46799,1759,1730,1643,1696,1685,1653,0
100000,0,0,0,0,0,0,45124,46168,47160,98775,49513,53433,1730,1722,3214,2119,5064,0,0
100000,0,0,0,0,0,0,48051,49247,48799,49508,50686,51815,2000,2200,1822,2000,2100,2100,0
100000,0,0,0,0,0,0,49415,50851,49528,50604,40966,40308,2284,1961,2037,1434,1469,1483,0
100000,0,0,0,0,0,0,55084,49358,89406,77924,78683,77357,2500,43075,2750,2750,2800,2853,0
100000,0,0,0,0,0,0,55734,52557,33415,28776,17580,6441,1631,1286,200,645,909,200,0
100000,0,0,0,0,0,0,57757,60367,62959,61796,62602,64983,5003,5003,1723,3115,3000,3000,0
100000,0,0,0,0,0,0,60121,61575,63028,43360,41906,42831,2454,2700,1712,1500,1600,1600,0
100000,0,0,0,0,0,0,64358,64956,66816,36448,37481,37684,2416,3000,1500,2000,1360,1500,0
100000,0,0,0,0,0,0,66177,70177,80914,86403,88972,91554,4000,10737,6849,4000,4000,2138,0
100000,0,0,0,0,0,0,68963,64880,60536,55708,51724,48671,3000,2700,2000,1900,1700,1794,0
100000,0,0,0,0,0,0,70878,72753,58789,53091,55229,57144,3100,2640,2000,3000,3000,3000,1
100000,0,0,0,0,0,0,75012,77784,73535,72067,59495,56850,4000,3105,4069,3000,2500,2000,0
100000,0,0,0,0,0,0,75374,44796,47294,38712,39304,40479,2000,5000,1521,1595,2000,2716,0
100000,0,0,0,0,0,0,83312,58651,37913,38582,39408,40593,2900,2000,1600,1600,2000,1700,0
100000,0,0,0,0,0,0,84647,87369,88489,83639,80893,81643,4085,3505,3479,3097,3259,3253,0
100000,0,0,0,0,0,0,84895,71271,71053,70405,71109,73905,3513,3169,3002,2022,3907,7145,0
100000,0,0,0,0,0,0,87579,72308,53505,43371,48125,40388,4172,2094,3007,10021,3012,1527,0
100000,0,0,0,0,0,0,87580,84140,86400,87275,89082,91030,3300,3881,2500,2519,2700,3004,0
100000,0,0,0,0,0,0,89242,91067,93409,95056,75688,77330,4200,4700,4500,3000,2900,2901,0
100000,0,0,0,0,0,0,90483,91893,91531,82398,73011,73711,3315,3664,3157,2572,3048,2680,0
100000,0,0,0,0,0,0,90939,83090,63145,56962,52385,22543,3467,2000,1476,4992,808,1000,1
100000,0,0,0,0,0,0,94245,95268,96620,97938,78126,65680,3500,3800,3900,3000,2300,2300,0
100000,0,0,0,0,0,0,94745,96838,95732,91556,93403,95661,4600,4600,3500,3372,3793,4000,0
100000,0,0,0,0,0,0,95271,97243,99400,88037,59213,56651,3558,3803,3146,2514,3000,2500,0
100000,0,0,0,0,0,0,95600,87442,60737,66077,68990,70724,15037,5003,8058,8000,3000,5000,0
100000,0,0,0,0,0,0,96636,95169,97303,99339,77082,77677,3402,3663,3788,2695,2772,2903,0
100000,0,0,0,0,0,0,96707,89842,82669,70018,57847,43618,4070,4025,2511,1523,1292,1236,0
100000,0,0,0,0,0,0,97026,96109,97647,91998,69915,72044,5000,5000,3500,3000,3000,5049,0
100000,0,0,0,0,0,0,97040,65668,66046,66779,45833,46369,2617,2098,1916,1707,1732,1379,0
100000,0,0,0,0,0,0,98944,75296,78049,48644,54963,57269,4000,5000,3000,9000,4000,5000,0
100000,0,0,0,0,0,0,99203,97294,99377,101577,99453,101879,3485,3654,3900,3729,4200,3702,0
100000,0,0,0,0,0,0,99516,87274,96414,74161,45585,40178,10184,20000,5150,5000,10000,10000,1
100000,0,0,0,0,0,0,99932,42389,41842,40291,40556,40534,1712,1639,1418,1618,1529,1414,0
100000,0,0,0,0,0,0,100192,93394,43004,50196,79217,78771,3000,3000,8000,30000,3000,4000,0
100000,0,0,0,0,0,0,100253,101587,100095,98569,99534,100013,4500,4500,5000,4000,3500,3627,0
100000,0,0,0,0,0,0,100549,94471,57529,58070,58615,58760,3711,3155,1696,1889,1764,1714,0
100000,0,0,0,0,0,0,100778,98987,101368,100466,97117,99252,4000,4000,4000,3500,3700,4000,0
100000,0,0,0,0,0,0,103601,105282,83616,67825,66756,57075,5088,3098,5010,3038,4031,3000,0
100000,0,0,0,0,0,0,104466,96370,81293,66435,64975,66951,4000,3000,3000,3000,3000,3000,0
100000,0,0,0,0,0,0,107224,107126,101859,79519,74368,58481,7000,3533,2673,3500,4303,3023,0
100000,0,0,0,0,0,0,107669,107529,73323,51125,46879,45538,3536,2821,3963,3147,2670,725,0
100000,0,0,0,0,0,0,117464,81625,81815,78927,77418,74657,2962,2986,2807,2686,2767,2909,1
100000,0,0,0,0,0,0,121895,107315,115214,83649,59993,62813,4500,10000,11000,3000,4000,3000,1
100000,0,0,0,0,0,0,184438,188238,192080,196000,200000,0,3800,3842,3920,4000,0,0,0
100000,0,0,0,0,0,2,36925,38324,39680,41687,43607,43739,2000,2000,2680,2600,1000,5261,1
100000,0,0,0,0,0,2,66193,63155,50385,31371,54713,28347,3413,5010,10005,30326,0,20000,0
100000,0,0,0,0,2,0,56256,57685,58156,61103,59358,60060,3000,2688,5163,0,2358,2472,0
100000,0,0,0,2,0,0,76112,77494,96445,92742,92644,95497,4500,25445,0,3500,6790,0,0
100000,0,0,0,2,2,2,2998,3885,7298,7032,7913,7642,1100,3500,0,1000,0,5000,1
100000,0,0,0,2,2,2,63977,64854,69258,67546,71938,73605,2500,6100,0,5500,3000,0,1
100000,0,0,2,0,0,0,33699,32450,30160,22934,21876,22910,4500,0,1600,1000,2800,0,0
100000,0,0,2,0,0,0,82238,100753,93209,89813,55359,32227,20000,0,3501,3021,5011,53408,0
100000,0,0,2,0,0,0,87590,103301,100818,75860,77656,78274,17200,247,3000,3000,3000,3000,1
100000,0,0,2,0,0,0,93256,99710,97051,98342,56639,57388,8300,0,4100,3000,2500,2233,0
100000,0,0,2,2,2,2,38219,42604,44607,45576,46495,47182,5000,3000,2000,1800,1600,2000,0
100000,0,0,3,2,0,0,4814,8311,8031,5790,3860,2599,3591,0,0,0,0,2712,1
100000,1,-2,-2,-2,-2,-2,0,0,0,0,0,0,0,0,0,0,0,150,0
100000,1,-2,-2,-2,-2,-2,0,0,0,0,0,0,0,0,0,0,0,150,1
100000,1,-2,-2,-2,-2,-1,0,0,0,0,0,281,0,0,0,0,281,0,1
100000,1,-2,-2,-2,-2,-1,0,0,0,0,0,6179,0,0,0,0,6179,0,0
100000,1,-2,-2,-2,-1,0,0,0,0,0,79679,79691,0,0,0,79679,3300,3210,0
100000,1,-2,-2,-2,-1,2,-1651,-5469,-7292,-10938,5887,3882,0,0,0,16825,0,1823,0
100000,1,-2,-2,-1,-1,-1,0,0,0,1054,1230,1054,0,0,1054,1230,1054,1054,0
100000,1,-2,-2,-1,-1,2,0,0,0,53,4009,316,0,0,53,4328,0,10401,0
100000,1,-2,-1,-1,0,0,0,-740,740,1480,1480,740,0,2220,1480,740,0,2931,0
100000,1,-1,-1,-2,-2,-2,0,5220,0,0,0,0,5220,0,0,0,0,0,1
100000,1,-1,-1,-1,-1,-2,0,3473,0,1012,0,0,3473,0,1012,0,0,0,0
100000,1,-1,-1,0,-1,-1,0,429,858,429,429,429,429,858,0,429,429,429,0
100000,1,2,-1,-1,0,0,11059,10105,388,90907,91550,92907,0,388,90907,3413,3359,4824,0
100000,1,2,0,-1,-1,-1,23704,21774,21818,1261,1261,1261,0,2000,1261,1261,1261,1651,1
100000,1,2,0,0,0,0,53213,50842,48205,47324,45723,46708,6,2031,1800,2000,1900,2000,1
100000,1,2,0,0,0,0,55066,53612,54720,55808,56976,58108,0,2000,1998,2068,2079,2155,0
100000,1,2,0,0,0,0,74001,72222,73859,75427,76587,78711,0,3400,3400,3000,3500,3200,1
100000,1,2,0,0,0,0,97581,94594,44145,46148,43750,44771,0,2000,3000,2000,2000,2000,0
100000,1,2,0,0,0,0,97669,92311,90519,80051,76446,76815,0,3631,3000,3000,2800,2697,0
100000,1,2,0,0,2,2,31708,30904,31953,34308,34951,34261,0,1850,3200,1500,0,1500,1
100000,1,2,2,0,0,0,46809,47121,45239,44712,43654,44678,2000,0,1900,1600,3200,0,0
100000,1,2,2,0,0,2,36204,37412,36537,37474,38732,39234,2100,0,2000,2000,1000,0,0
100000,1,2,2,2,0,0,21509,20877,24122,23440,28843,31353,0,3600,0,6000,3000,0,1
100000,1,2,2,2,2,2,13233,13427,13609,14683,15001,15306,700,700,1300,700,700,0,1
100000,1,2,2,2,2,2,63542,66567,67564,67443,65106,70258,5000,3200,2500,0,6918,3520,0
100000,1,3,2,0,0,-1,8311,8031,5790,3860,2599,2712,0,0,0,0,2712,0,0
100000,1,4,3,2,2,2,85264,83376,81445,82710,84242,82730,0,0,3200,3000,0,3300,0
100000,2,0,0,0,0,-1,106989,98751,32099,18811,9960,10000,3910,1733,1000,1149,10000,0,1
100000,2,0,0,0,0,0,53718,55851,56424,57584,58957,60317,3000,2100,2100,2300,2500,2500,0
100000,2,0,0,0,0,0,95926,98437,98480,63372,39138,39857,5000,3100,2000,1600,1500,2000,0
100000,2,0,0,0,0,0,96547,97120,95375,54612,30306,60897,5305,3590,1118,720,50000,4200,0
100000,2,0,0,0,0,2,98033,97995,98781,97946,101885,98015,4620,4700,3900,7900,0,7700,0
100000,2,0,0,0,0,2,101429,79254,80910,83072,87774,90579,2833,2929,3500,6100,4367,0,1
100000,2,0,0,3,3,2,53849,55030,61574,62470,61198,62524,2050,7500,2500,0,2500,2500,1
100000,2,2,-2,-2,-2,-2,100000,0,0,0,0,-150953,0,0,0,0,0,150400,0
100000,2,2,0,0,0,0,13278,12773,16179,17597,18499,20531,0,3950,2000,1500,2500,4800,1
100000,2,2,0,0,0,0,87851,85594,87095,88357,77155,80108,0,3300,2839,3000,4000,2000,1
100000,2,2,0,0,0,0,94257,78728,65747,67046,69938,74800,0,3100,3000,4000,6000,0,1
100000,2,2,0,0,0,0,100792,91738,88883,90710,92471,79318,0,4107,4204,4200,3071,3106,0
100000,2,2,0,0,0,2,17606,17040,19139,19325,20855,20372,0,2700,800,2000,0,1000,0
100000,2,2,2,-1,0,0,110537,99734,99973,71008,66735,68621,0,3000,103000,2500,3000,3000,1
100000,2,2,2,0,0,2,37516,38622,37706,38148,40630,39827,2000,0,1369,3100,0,1443,0
100000,2,2,2,2,-1,0,117517,110537,99734,99973,71008,66735,4700,0,3000,103000,2500,3000,1
100000,2,2,2,2,0,0,92162,93769,95163,74656,65718,78474,3800,3420,80,1800,17000,2000,0
100000,2,2,2,2,0,0,94935,98462,100978,96606,92062,90228,6018,5000,0,6040,4000,15000,0
100000,2,2,2,2,2,2,29778,30678,31154,31625,31059,33123,1600,1200,1200,0,2500,1300,1
100000,2,2,2,2,2,2,41052,42081,41131,43637,42635,45440,2000,0,3500,0,3500,2000,1
100000,2,2,2,2,2,2,43677,42674,45983,46927,47759,46865,0,4000,2000,1900,0,2000,1
100000,2,2,2,2,2,2,44400,47439,48385,49285,50176,51228,4100,2000,2000,2000,2000,0,1
100000,2,2,2,2,2,2,50485,51582,52141,52691,54199,53176,2200,2000,2000,2500,0,4500,1
100000,2,2,2,2,2,2,57214,58666,58643,58589,62586,64519,3000,1500,1500,5600,3100,2000,1
100000,2,2,2,2,2,2,87603,93461,95022,95972,98283,97819,8200,4000,3400,4000,1600,2000,1
100000,2,2,2,2,2,2,94732,97284,99542,99898,99786,97670,5000,4700,2950,3100,5,6170,1
100000,2,2,2,3,2,2,81507,83154,88223,85924,86803,88745,3900,7300,0,3200,3500,3420,1
100000,2,2,3,2,2,2,86974,98246,95884,93528,96397,96258,12700,0,0,6050,1600,3400,1
100000,2,3,2,-1,3,2,1520,1349,959,1623,1470,930,0,0,1623,0,0,780,0
100000,2,4,3,2,2,2,60286,58753,57250,58014,58761,60061,0,0,2300,2300,2400,2300,0
100000,3,2,0,0,2,0,49961,48856,49899,53407,51951,53195,0,1831,4339,0,2083,1939,0
100000,3,2,0,0,2,0,87791,85548,85391,50605,49666,50689,0,2500,5864,0,2000,2000,1
100000,3,2,2,2,0,0,100016,97562,104365,101783,101603,103457,0,8440,0,3873,7733,0,1
100000,3,2,2,5,5,4,1250,1250,1250,1250,1250,650,0,0,0,0,0,0,0
110000,-2,-2,-2,-2,-2,-2,-2628,-5118,31503,-2880,-5000,0,165,36621,1496,10000,5000,0,0
110000,-2,-2,-2,-2,-2,-2,1457,745,0,0,0,0,745,0,0,0,0,0,0
110000,-2,-2,-2,-2,-2,-2,115672,109892,67912,50994,40652,5785,5085,2044,2026,2097,1011,48179,0
110000,-2,-1,0,0,0,0,1495,83590,82293,78622,78430,78120,86367,2846,2755,2838,2808,2740,0
110000,-1,-1,-1,-2,-2,-2,2509,1260,0,0,0,0,1260,0,0,0,0,0,1
110000,-1,-1,-1,-1,-1,0,1183,1362,1352,1867,36986,40053,1362,1352,1867,36986,5000,3000,0
110000,-1,-1,-1,-1,-1,0,2410,2151,2161,1719,107591,107940,2151,2161,1719,107591,5000,3500,0
110000,-1,-1,-1,-1,-1,2,316,316,632,150,632,166,316,632,150,632,0,0,0
110000,-1,-1,-1,-1,0,0,390,390,5050,63032,33228,31073,390,5050,63032,1100,1100,1000,0
110000,-1,-1,-1,-1,0,0,7300,593,11801,11312,11312,11312,593,11801,11312,0,0,0,0
110000,-1,-1,-1,0,0,-1,1245,1245,1490,2490,1245,2675,1245,1490,2245,0,2675,0,0
110000,-1,-1,-1,0,0,0,390,5050,63032,33228,31073,25035,5050,63032,1100,1100,1000,1000,0
110000,-1,0,0,0,0,0,3385,31169,50526,51816,34262,23366,28000,20000,3000,3000,3000,3000,0
110000,-1,0,0,0,0,0,37857,39117,34330,12207,71932,73769,2000,3000,1500,71392,3000,3500,0
110000,0,0,0,-2,-2,-2,33794,10570,-28,-28,-28,-28,6725,0,0,0,0,0,1
110000,0,0,0,-2,-2,-2,60558,30900,0,0,0,0,1900,0,0,0,0,0,0
110000,0,0,0,-1,-1,-1,10048,8311,3404,407,1250,88628,2000,3000,410,1250,89035,3491,0
110000,0,0,0,0,-2,-2,104804,107979,93600,0,0,0,4988,1872,0,0,0,0,0
110000,0,0,0,0,0,-2,42015,38897,29059,20799,-1961,-1961,1575,1377,1007,0,0,66296,0
110000,0,0,0,0,0,-2,108435,109572,45907,5130,2889,78834,3509,1102,1014,2889,82718,3100,0
110000,0,0,0,0,0,-1,21842,15843,10466,3537,1378,316,3000,2007,1000,0,316,825,0
110000,0,0,0,0,0,0,4202,5524,6144,7628,7111,7981,2000,2000,2000,1000,2000,0,0
110000,0,0,0,0,0,0,7398,2009,1651,1823,1208,0,1500,1177,1000,550,0,790,0
110000,0,0,0,0,0,0,8481,13066,17638,22204,26784,31352,4980,5124,5256,5416,5552,5742,0
110000,0,0,0,0,0,0,15069,16123,16850,17568,18133,18828,1600,1300,1000,1000,1000,1000,0
110000,0,0,0,0,0,0,15605,20649,22397,23305,25341,30584,5649,2397,1305,2341,5584,1388,0
110000,0,0,0,0,0,0,22514,23201,23914,24886,24903,25102,1378,1723,1695,1028,1056,907,0
110000,0,0,0,0,0,0,23303,23978,22369,20608,20608,20606,1511,1772,1320,750,745,747,0
110000,0,0,0,0,0,0,28969,29568,30379,84257,84762,86139,1500,1706,55000,3200,3300,3300,0
110000,0,0,0,0,0,0,35370,30661,62708,52873,48240,41313,11000,40000,3526,4515,3000,0,0
110000,0,0,0,0,0,0,38298,39295,40331,41346,42013,42890,1935,1971,1986,1653,1706,1714,0
110000,0,0,0,0,0,0,38920,28276,25171,26200,26567,26990,1700,1800,1750,1100,1000,1000,0
110000,0,0,0,0,0,0,48131,73221,74341,50184,51412,49448,32123,3000,1800,2041,2069,3000,1
110000,0,0,0,0,0,0,49782,50858,51780,53647,53308,54366,1878,1800,2647,1892,1901,1728,0
110000,0,0,0,0,0,0,50433,42098,42753,42428,43740,44858,2200,2000,2500,2300,2300,2000,0
110000,0,0,0,0,0,0,51139,53797,56394,58341,60242,62234,3500,3500,3500,3000,3000,3000,0
110000,0,0,0,0,0,0,52388,41742,43852,39840,32801,33174,1780,3306,1108,1126,1269,679,0
110000,0,0,0,0,0,0,52489,53615,54803,55729,57001,58036,2000,2050,1895,2068,1982,1995,0
110000,0,0,0,0,0,0,53152,45002,42051,30803,28377,29053,1725,1774,1526,1100,1200,1081,0
110000,0,0,0,0,0,0,55349,52914,49483,49292,49460,49470,2096,2003,1802,1783,1783,1756,0
110000,0,0,0,0,0,0,61050,62663,62425,59118,49449,38047,2600,2100,2000,2000,1500,1000,0
110000,0,0,0,0,0,0,61152,60833,61245,47316,47175,47141,2326,3000,1807,1698,1911,1808,0
110000,0,0,0,0,0,0,65800,67251,70065,72017,77943,79694,2510,4000,3000,7000,3100,1377,0
110000,0,0,0,0,0,0,69718,67961,68306,69786,48728,18574,3000,2000,2049,2000,1000,1000,0
110000,0,0,0,0,0,0,73772,75299,72978,67877,60444,61737,2765,2404,2292,2196,2300,2200,0
110000,0,0,0,0,0,0,75565,64833,48586,48430,48150,48271,4009,5000,2000,2000,2000,1800,0
110000,0,0,0,0,0,0,77595,78322,66068,61486,60695,58147,3700,2212,2100,2200,2200,1910,0
110000,0,0,0,0,0,0,79126,76304,77783,79323,80563,78669,2782,2761,2770,2900,3000,2568,0
110000,0,0,0,0,0,0,81449,83241,84960,86045,88060,93394,4000,4000,3400,3400,7000,3450,0
110000,0,0,0,0,0,0,82390,84024,84485,81057,43113,40805,4000,4015,4012,3000,2164,2000,0
110000,0,0,0,0,0,0,83050,85550,76793,13062,12609,12638,4000,3275,3028,3000,2000,2000,0
110000,0,0,0,0,0,0,89989,84229,79288,73315,63818,63208,4000,5000,3000,3000,3000,8954,0
110000,0,0,0,0,0,0,91915,92168,90705,40086,41449,42260,3800,3818,1426,2000,2000,3261,0
110000,0,0,0,0,0,0,92332,77807,75559,74371,75126,73799,2800,3703,2700,2200,1810,3000,0
110000,0,0,0,0,0,0,93357,94938,79368,74778,75996,77423,4100,2612,2666,2700,2659,2694,0
110000,0,0,0,0,0,0,102274,103275,105225,83722,78894,74659,3734,3653,2914,2627,2624,4138,0
110000,0,0,0,0,0,0,103135,99731,101945,82873,68587,65648,4800,5000,4000,3000,2500,2600,0
110000,0,0,0,0,0,0,103195,102713,103034,103112,94403,96072,5200,3804,4500,3400,3500,7700,1
110000,0,0,0,0,0,0,103550,105089,107164,105988,108617,103497,6000,6000,4000,5000,4000,4000,0
110000,0,0,0,0,0,0,103701,102318,92724,94573,65034,66241,3771,3656,3687,2476,2406,2427,0
110000,0,0,0,0,0,0,104133,106135,45766,46864,50935,49538,4500,2000,2000,5000,2023,806,1
110000,0,0,0,0,0,0,104163,92199,85868,74198,69783,66132,3400,3706,3009,2400,2300,2500,0
110000,0,0,0,0,0,0,104498,107819,109836,44356,45932,47473,5000,4823,2000,2000,2000,2000,0
110000,0,0,0,0,0,0,104740,102165,98160,57257,54863,53510,5000,5045,7021,7000,5000,3000,0
110000,0,0,0,0,0,0,105433,107065,103690,105447,97096,77197,4008,3920,4031,4000,3000,2810,0
110000,0,0,0,0,0,0,105435,107599,108555,106692,103971,104140,5400,4200,5200,3800,3900,3700,0
110000,0,0,0,0,0,0,106111,108698,105666,57940,59247,59594,5015,4081,2101,2202,2204,2100,0
110000,0,0,0,0,0,0,106455,109191,110937,108869,43207,42954,6000,5000,3814,2000,1600,1600,0
110000,0,0,0,0,0,0,107221,109494,111954,111771,111703,111864,4000,4300,4164,4500,4200,5000,0
110000,0,0,0,0,0,0,107281,109551,48942,49959,50951,52019,4560,1808,1825,1817,1882,1893,0
110000,0,0,0,0,0,0,107905,101573,104079,104829,107400,105694,4000,5300,4000,4200,4000,3800,0
110000,0,0,0,0,0,0,109192,106322,67727,47313,47255,47255,4300,3000,2000,1700,1800,1664,0
110000,0,0,0,0,0,0,109221,111674,111867,111535,111870,110979,4230,4230,4200,4300,4150,4220,0
110000,0,0,0,0,0,0,110721,111242,105199,104587,49001,45093,3938,5720,3078,2000,2000,2000,1
110000,0,0,0,0,0,0,110800,112008,96347,49506,49142,49251,4404,2826,1880,1805,2182,2000,0
110000,0,0,0,0,0,0,110925,110909,111851,153551,75749,77217,5607,4400,2683,5466,5000,2000,0
110000,0,0,0,0,0,0,111115,113515,111815,79375,78541,79731,6000,5000,3000,3100,3000,3000,0
110000,0,0,0,0,0,0,111188,109512,108727,107381,106831,108305,6010,5507,4500,4502,4200,4500,0
110000,0,0,0,0,0,0,113003,113269,110078,112466,111094,109243,5837,5454,5707,4156,4123,4368,0
110000,0,0,0,0,0,0,113461,112026,111792,111936,112030,111975,4251,4218,4167,4238,4181,4246,0
110000,0,0,0,0,0,0,114023,102850,66639,57595,58814,60086,4097,3360,2100,2100,2200,3000,1
110000,0,0,0,0,0,0,165090,106448,103618,79687,76742,77096,4259,3212,28246,2730,2834,2711,0
110000,0,0,0,0,0,0,195437,176420,63142,39854,9293,-1288,5000,10000,5048,2000,39958,52000,1
110000,0,0,0,0,0,2,42667,43734,43495,43504,45987,44274,2600,1667,1525,4000,0,3000,0
110000,0,0,0,0,0,2,66831,62435,59977,59411,55112,45025,3021,2800,2710,5227,0,1900,0
110000,0,0,0,0,0,2,109474,110723,111125,106828,84729,82910,11602,4238,4316,11190,0,3000,0
110000,0,0,0,0,0,2,110198,107710,83913,47369,48905,46046,3851,3021,1649,3513,0,1664,0
110000,0,0,0,0,2,0,51716,113395,111693,115073,111811,111719,65668,4267,9455,0,3991,8071,1
110000,0,0,0,0,2,2,60290,61688,63100,70391,68661,77511,3000,3000,9000,0,10000,3000,0
110000,0,0,0,0,2,2,70265,74102,77901,84592,82350,87186,5000,5000,8000,0,7000,0,1
110000,0,0,0,2,0,0,84589,85418,38333,37419,38199,38957,3700,4890,0,1535,1545,1500,0
110000,0,0,0,2,0,0,107336,107195,109443,106637,106665,92417,5320,7845,4000,4000,3500,9500,0
110000,0,0,0,2,2,2,30852,31957,37051,36303,42800,38381,1906,6000,0,8000,0,5000,0
110000,0,0,0,2,2,2,112380,113369,113214,108350,109072,106848,6200,9900,0,8007,0,5000,1
110000,0,0,2,0,0,0,96131,106932,103381,75794,76947,79105,14000,27,4000,3000,3000,10000,0
110000,0,0,2,0,0,0,100908,105371,52113,53317,54040,54805,7000,0,2053,2500,2200,2156,1
110000,0,0,2,0,0,2,23459,27157,26549,34222,44062,45036,4000,0,9000,10700,1700,0,1
110000,0,0,2,2,0,0,32691,36344,36055,36163,37028,38250,4500,600,1000,1600,2000,2000,0
110000,0,0,2,2,0,0,53113,57376,57876,56309,58359,109312,5150,2000,0,2800,54000,0,0
110000,0,0,2,2,0,0,85918,87442,82975,80446,80006,80421,4000,6000,12,3100,3200,3000,0
110000,1,-1,-1,-2,-2,-2,0,780,0,0,0,0,780,0,0,0,0,0,0
110000,1,-1,-1,-1,-1,0,-296,1733,-153,6540,632,316,2345,0,7009,632,0,36049,0
110000,1,-1,0,0,0,-2,0,1670,11693,7903,-18,-18,1670,10200,0,0,0,0,0
110000,1,-1,0,0,0,0,-1256,65064,66102,54275,51791,52928,68500,3114,4016,2000,2000,2000,0
110000,1,2,0,0,0,0,23258,22591,23920,25217,25600,26036,0,2000,2000,1100,1000,3000,0
110000,1,2,0,0,0,0,112875,108481,108418,105373,71733,61020,0,4308,3196,2536,2322,2001,0
110000,1,2,0,0,0,2,23969,11137,16401,18670,19670,1187,0,6000,7000,1200,0,3000,0
110000,1,2,2,0,0,-1,68068,70276,68044,34059,20284,31179,3900,0,10452,6475,51179,7760,0
110000,1,2,2,0,0,0,60491,61874,56386,44181,35538,25417,3000,31,3000,1500,2000,1000,0
110000,1,2,2,2,2,2,88312,90163,92035,93231,94309,96258,4200,4200,3600,3500,3600,0,0
110000,1,3,2,0,0,0,117274,116911,112706,108302,46774,48300,3000,0,4400,2000,3000,4000,0
110000,2,0,0,0,0,0,30079,29349,27630,22017,20517,18534,1494,1402,1534,800,700,616,1
110000,2,0,0,0,0,0,87514,75394,82627,57533,59289,60828,4000,10090,2100,3000,3000,3000,1
110000,2,0,0,0,0,0,99876,72548,74379,75878,78503,80451,3000,3000,3000,3500,3000,3000,1
110000,2,0,0,0,0,2,108180,107597,89775,47139,47259,46348,5000,3000,2020,5000,0,3000,0
110000,2,0,0,3,2,2,54404,57503,66128,64477,65413,66520,4000,9600,0,2600,2300,3000,1
110000,2,2,0,0,0,2,41619,40650,41744,42783,47476,45355,0,1750,1750,5400,700,1000,1
110000,2,2,0,0,2,2,110109,106656,104407,108689,106342,111575,0,5200,7700,0,7800,0,1
110000,2,2,2,0,0,0,107507,108067,83164,79428,80235,79412,7960,0,3000,3000,3100,3000,1
110000,2,2,2,0,0,2,65070,69480,67800,69182,73431,72132,5500,0,2512,5400,0,3000,1
110000,2,2,2,0,0,2,95090,94938,91453,92097,96509,93773,3400,0,3290,7000,0,3500,1
110000,2,2,2,2,0,0,111541,113676,114223,110876,107710,90071,5400,4000,0,4000,3700,4000,1
110000,2,2,2,2,2,0,109241,111541,113676,114223,110876,107710,5600,5400,4000,0,4000,3700,1
110000,2,2,2,2,2,2,38639,39694,40752,41476,42090,43059,2000,2000,1700,1600,1800,1800,1
110000,2,2,2,2,2,2,91773,93892,94652,97097,98097,100361,4550,3150,4900,3500,4000,3900,1
110000,2,2,2,2,2,2,95686,98374,99562,100532,102779,100966,5100,3700,3500,4000,0,10060,1
110000,2,2,7,7,7,7,150,150,150,150,150,150,0,0,0,0,0,0,0
120000,-2,-2,-2,-2,-2,-2,0,644,377,0,0,0,644,377,0,0,0,0,0
120000,-2,-2,-2,-2,-2,-2,0,999,0,0,0,0,999,0,0,0,0,0,1
120000,-2,-2,-2,-2,-2,-2,316,316,316,316,316,316,316,316,316,316,316,1844,0
120000,-2,-2,-2,-2,-2,-2,436,1476,475,804,245,100,1480,478,804,245,144,0,0
120000,-2,-2,-2,-2,-2,-2,1613,136,0,0,0,0,136,0,0,0,0,0,0
120000,-2,-2,-2,-2,-2,-2,2468,7869,506,2097,758,2005,7890,506,2097,758,2005,360,0
120000,-2,-2,-1,-1,0,0,14709,8158,3529,11050,15811,14774,9326,3538,11050,5313,516,6202,0
120000,-2,-2,-1,0,0,0,10415,7172,110688,100552,89147,88388,5771,120055,5073,3508,3707,3016,0
120000,-1,-1,-2,-2,-2,-2,28724,-72,-72,-72,-72,-72,0,0,0,0,0,0,0
120000,-1,-1,-2,-1,-1,-1,3972,2809,1021,2311,3868,2980,2816,1021,2321,3868,2980,0,0
120000,-1,-1,-2,-1,0,-1,416,0,0,832,416,416,0,416,1248,0,416,0,0
120000,-1,-1,-2,-1,2,0,17067,0,0,7304,7154,9055,0,0,7304,0,5000,1857,0
120000,-1,-1,-2,-1,2,2,500,0,0,974,974,1624,0,0,974,0,650,0,0
120000,-1,-1,-1,-1,-2,-1,165,0,788,0,0,495,0,788,0,0,495,0,0
120000,-1,-1,-1,-1,-1,-1,140,3230,3011,1964,1883,1538,3230,3011,1964,1883,1538,1911,0
120000,-1,-1,-1,-1,-1,-1,344,881,1778,1885,607,687,881,1781,1885,607,687,1203,1
120000,-1,-1,-1,-1,-1,-1,525,2458,8067,802,2706,3597,2458,8152,802,2706,3597,1400,0
120000,-1,-1,-1,-1,-1,-1,594,1052,736,420,2189,1482,1052,736,420,2189,500,0,0
120000,-1,-1,-1,-1,-1,-1,792,0,792,0,396,396,0,792,0,396,396,396,0
120000,-1,-1,-1,-1,-1,-1,1051,671,291,1051,291,671,671,291,1051,291,671,1051,0
120000,-1,-1,-1,-1,-1,-1,1236,856,856,856,856,856,856,856,856,856,856,856,0
120000,-1,-1,-1,-1,-1,-1,1682,1929,1682,1682,1682,1682,1929,1682,1682,1682,1682,1674,0
120000,-1,-1,-1,-1,-1,-1,2340,4908,70,220,220,220,4908,70,220,220,220,360,0
120000,-1,-1,-1,-1,-1,-1,3333,0,3333,0,984,984,0,3333,0,984,984,984,0
120000,-1,-1,-1,-1,-1,-1,4100,7270,820,820,2870,970,7270,820,820,2870,970,820,0
120000,-1,-1,-1,-1,-1,-1,7778,3157,5456,0,2777,0,3179,5463,0,2777,0,0,1
120000,-1,-1,-1,-1,-1,-1,13544,2671,14940,41990,1493,36186,3000,15928,43000,1493,36200,27277,0
120000,-1,-1,-1,-1,-1,-1,22225,1118,490,1433,0,1096,1118,490,1433,0,1096,0,0
120000,-1,-1,-1,-1,-1,-1,32130,3610,3790,18508,20737,-28,3613,3818,18564,20988,0,0,0
120000,-1,-1,-1,-1,-1,0,3564,2063,768,3096,2677,2592,2063,768,3146,2677,0,0,0
120000,-1,-1,-1,-1,-1,2,332,332,538,3160,2928,2596,332,538,3160,100,0,2959,1
120000,-1,-1,-1,-1,0,-1,2776,2549,2558,2577,249,1976,2549,2558,2577,0,1976,1000,1
120000,-1,-1,-1,-1,0,0,6059,1943,2402,18700,9900,0,1943,2500,38098,5000,0,0,0
120000,-1,-1,-1,0,0,-1,2486,151,2853,2896,1149,1758,260,5753,1153,3,1759,4084,1
120000,-1,-1,-1,2,-1,-1,2753,0,390,390,780,1206,0,780,0,780,1206,0,0
120000,-1,-1,0,0,0,0,13060,23008,119558,93652,23862,0,23008,100000,3500,1000,0,122350,0
120000,-1,-1,0,0,0,0,32161,64308,65015,66571,67632,57798,64308,3000,4000,4000,4000,4000,0
120000,-1,-1,2,-1,-1,-2,646,1278,639,621,-18,-18,1271,0,621,0,0,0,1
120000,-1,0,0,-1,-1,-1,7301,4542,3390,460,338,679,2327,1083,500,350,700,500,0
120000,-1,0,0,0,0,0,32598,51662,30285,24879,29479,27553,20092,10000,6000,5000,7553,14587,0
120000,-1,2,-1,0,-1,-1,6553,2752,10834,2016,3589,1569,0,10834,280,3589,1569,2527,0
120000,-1,2,0,0,0,2,2682,1725,2682,3272,3455,3261,0,1000,1000,1000,0,2000,1
120000,-1,2,2,2,-2,-2,5521,2197,1010,0,0,0,1010,0,0,0,0,0,1
120000,0,-1,0,0,0,0,149540,118675,120047,100637,79613,79286,125000,4065,4000,3000,3000,3000,1
120000,0,0,-1,-1,-1,-1,45753,53323,5257,13781,8636,5698,13160,5272,13832,8661,5715,38852,0
120000,0,0,0,-2,-2,-2,4180,5100,0,0,0,0,1000,0,0,0,0,0,0
120000,0,0,0,-2,-2,-2,11547,9836,0,0,0,0,5000,0,0,0,0,5562,0
120000,0,0,0,-2,-2,-2,26476,21393,0,0,0,0,6000,0,0,0,0,0,0
120000,0,0,0,-1,0,0,43488,44785,47195,12432,13226,14258,2000,3200,37432,1000,1258,1000,0
120000,0,0,0,0,-2,-2,22148,21120,4746,0,0,0,1550,1000,0,0,0,0,0
120000,0,0,0,0,-1,-1,117303,15504,15748,15480,998,980,1256,1500,2000,998,980,0,1
120000,0,0,0,0,0,-2,59538,50150,44742,33231,-1320,-660,4000,5069,2805,0,0,1616,0
120000,0,0,0,0,0,-2,61673,60679,61943,58744,-36156,-36156,2345,3419,5026,15651,0,0,0
120000,0,0,0,0,0,-1,34670,35606,27065,25948,11884,3107,2033,1200,0,0,3107,8542,1
120000,0,0,0,0,0,0,9756,12092,15516,17373,17950,18363,2519,3643,2500,1000,689,1000,0
120000,0,0,0,0,0,0,9826,10838,11876,12853,13109,13015,1181,1219,1196,452,460,463,1
120000,0,0,0,0,0,0,15234,8247,9624,20129,10388,13316,1137,1514,1069,278,3000,0,1
120000,0,0,0,0,0,0,16068,14775,7982,6289,7319,6958,1134,1163,1000,2000,1000,1000,0
120000,0,0,0,0,0,0,16812,17571,18013,18197,9032,11951,1358,1126,636,650,4000,1800,0
120000,0,0,0,0,0,0,20578,21742,23384,24268,24665,21833,2000,2000,1312,1009,1000,1000,0
120000,0,0,0,0,0,0,25602,30156,33632,36574,38985,40339,5000,4000,3500,3000,2000,5036,0
120000,0,0,0,0,0,0,26307,27361,28878,30428,31818,34293,1483,2000,2000,2000,3000,3000,0
120000,0,0,0,0,0,0,33814,35033,36175,15833,16170,16897,1766,1908,566,591,1000,626,0
120000,0,0,0,0,0,0,44244,44075,44823,44683,45537,50293,2000,3000,2000,3000,7000,3000,0
120000,0,0,0,0,0,0,45716,44610,45428,34401,34360,35523,2000,1732,2041,1000,1500,1000,0
120000,0,0,0,0,0,0,52109,43007,33481,28563,24065,2802,1565,3194,1200,6206,0,310,0
120000,0,0,0,0,0,0,53087,54805,55308,56407,57753,60130,2572,2009,2020,2256,3500,1739,0
120000,0,0,0,0,0,0,58436,60202,61042,61253,57695,2530,2740,2407,1421,0,0,840,0
120000,0,0,0,0,0,0,64670,68574,71849,74974,83137,51377,5000,5000,5000,10000,5000,5000,0
120000,0,0,0,0,0,0,67094,69010,70683,71504,73230,73613,3000,3000,2300,2600,2500,1500,0
120000,0,0,0,0,0,0,68329,72212,79334,80531,80944,78771,5000,9000,3000,3100,3000,3000,0
120000,0,0,0,0,0,0,75796,76004,67187,49924,33188,19826,3700,2023,2016,2000,1200,1000,0
120000,0,0,0,0,0,0,78304,79348,81881,82628,84404,86096,2900,3850,3000,3100,3088,3151,0
120000,0,0,0,0,0,0,78384,77085,73326,72594,72008,74622,4000,3505,3005,3008,7253,12,0
120000,0,0,0,0,0,0,79072,80795,82451,84177,85945,87813,3000,3000,3100,3122,3300,3060,0
120000,0,0,0,0,0,0,81878,83429,77262,78783,75252,77090,3014,5000,5000,2726,4000,3000,0
120000,0,0,0,0,0,0,101215,100685,15452,12491,3550,2729,5006,2000,3010,1000,2000,1391,0
120000,0,0,0,0,0,0,102400,108300,108538,94833,49078,40643,7500,5000,4121,2000,2000,2000,0
120000,0,0,0,0,0,0,106469,108606,107945,111622,115301,117873,5400,4000,5500,5500,5500,1000,0
120000,0,0,0,0,0,0,106621,105893,107838,103273,101353,87934,4000,5013,4000,3199,3130,4000,1
120000,0,0,0,0,0,0,106775,108715,100937,102939,105307,106617,3810,3700,3658,4000,4515,3500,0
120000,0,0,0,0,0,0,112448,115646,115767,38070,39306,39200,6500,4300,1175,1658,784,0,0
120000,0,0,0,0,0,0,114740,113994,113989,115225,116511,112823,4038,5000,4000,5000,4000,5000,0
120000,0,0,0,0,0,0,115600,113690,114609,118232,119052,119232,5521,4232,5602,4123,4330,13245,0
120000,0,0,0,0,0,0,118016,117738,120127,119719,118042,120682,5720,5820,5670,4250,4450,4470,0
120000,0,0,0,0,0,0,118709,120580,118684,88557,91124,88094,5000,5007,4000,4003,4003,4000,1
120000,0,0,0,0,0,0,119796,117229,239224,91231,90184,90072,4700,5590,4000,3600,3700,32696,0
120000,0,0,0,0,0,0,123270,122736,123394,123123,121499,121296,6000,6500,6500,5000,5000,5000,0
120000,0,0,0,0,0,0,125022,127457,121408,119070,121696,119138,4509,9496,4252,4535,4304,4536,1
120000,0,0,0,0,0,0,138313,134057,130935,124458,78671,8730,5000,6000,3000,3000,2000,73000,0
120000,0,0,0,0,0,2,111564,112482,115046,80987,85921,84384,4200,4552,3100,6416,0,3228,0
120000,0,0,0,0,0,2,120290,116082,118405,99081,106300,104433,6000,6000,4000,9000,0,5000,0
120000,0,0,0,2,2,2,26496,28586,33828,34236,34734,35292,2800,6000,1200,1300,1200,0,0
120000,0,0,0,2,2,2,49206,50386,54656,54963,55865,54842,2000,5100,1800,2400,0,5500,0
120000,0,0,0,2,2,2,93673,95590,101562,94307,89867,81617,4375,8485,524,6004,5,3073,0
120000,0,0,0,2,2,2,105356,107588,115372,112027,119702,121650,3931,9600,0,9500,4100,0,1
120000,0,0,2,0,0,0,11147,9757,9423,3345,2929,2520,2446,438,1000,0,7,0,0
120000,0,0,2,0,0,0,39517,42543,41583,42736,43806,44623,4000,0,2000,1600,1500,1557,0
120000,0,0,2,2,2,2,14682,17325,17936,18536,19091,19629,3200,1200,1200,1000,1000,0,0
120000,1,-2,-2,-2,-2,-2,-284,-610,-936,-1262,-1588,-1914,0,0,0,0,0,0,0
120000,1,-2,-2,-2,-2,-2,-200,-200,-200,-200,0,8360,0,0,0,200,8360,0,0
120000,1,-2,-2,-2,-2,-2,-94,-2090,-2390,-2390,-2390,-2390,3,0,0,0,0,0,1
120000,1,-2,-2,-2,-2,-1,0,0,0,0,0,150,0,0,0,0,150,200,0
120000,1,-2,-2,-2,-1,-1,0,0,0,0,9310,0,0,0,0,9310,0,0,0
120000,1,-2,-2,-2,-1,2,0,0,0,0,54683,2657,0,0,0,54683,0,2239,1
120000,1,-2,-2,-1,-1,-2,0,0,0,600,0,0,0,0,600,0,0,0,0
120000,1,-2,-1,-1,-2,-2,0,0,1100,0,0,0,0,1100,0,0,0,0,1
120000,1,-1,-1,-1,-1,-2,-93,936,0,680,0,0,1029,0,680,0,0,1381,0
120000,1,-1,0,0,0,0,0,106257,108360,109121,109061,112079,106257,5400,4000,3944,4817,8892,1
120000,1,2,0,0,0,0,6305,7052,8786,8863,10763,7140,1000,2000,177,2000,1000,0,1
120000,1,2,0,0,0,0,121709,78369,61849,57737,59174,60651,99,8800,2700,3000,2600,2200,1
120000,1,2,0,0,0,0,123184,117849,120471,117218,116871,122192,0,6100,5700,4500,9000,4700,1
120000,1,2,2,2,2,2,66055,67405,68405,69387,70727,72215,3000,2700,2700,2600,2800,0,1
120000,1,2,2,2,2,2,110826,113572,114719,115736,117729,120601,6000,4500,4400,4000,5000,4700,0
120000,2,-1,3,2,0,-1,1248,1701,1551,1410,479,3158,1701,0,9,0,3158,0,0
120000,2,0,-1,0,0,0,149301,149540,118675,120047,100637,79613,3000,125000,4065,4000,3000,3000,1
120000,2,0,0,0,0,-1,114647,114645,72188,42840,19860,390,5000,10000,4000,5000,390,780,1
120000,2,0,0,0,0,2,36850,40232,41256,44063,46686,48768,4000,2000,3500,3500,3000,0,1
120000,2,0,0,2,0,0,17488,19002,20805,18271,18128,16405,3000,3000,0,961,2000,2056,1
120000,2,2,-2,-1,-1,-1,500,0,0,41150,0,125,0,0,41150,0,125,0,0
120000,2,2,2,0,0,0,38757,41302,39247,44412,23344,22892,4300,0,9076,8788,1000,2000,0
120000,2,2,2,2,2,2,26446,27719,27570,28318,29217,28598,2000,600,1500,1500,0,1056,1
120000,2,2,2,2,2,2,53672,56495,57455,58127,59367,60333,4300,2500,2200,2300,2114,1,1
120000,2,2,2,2,2,2,63700,65069,66450,67373,68186,68959,3000,3000,2600,2500,2000,3000,1
120000,2,2,2,2,2,2,67502,68842,69825,70891,72213,73786,3000,2700,2800,2600,2900,0,0
120000,2,3,2,0,0,3,110162,107008,103800,106075,115747,113999,0,0,4000,11000,0,0,1
120000,3,3,2,2,2,2,87057,84821,85194,76326,75122,75011,0,2700,2500,3200,2500,0,1
130000,-2,-2,-2,-2,-2,-1,0,0,0,402,0,2054,0,0,402,0,2054,0,0
130000,-2,-1,-1,-1,-1,-1,957,6214,1625,728,2464,1139,6220,1628,730,2466,1145,650,0
130000,-1,-1,-2,-2,-2,-2,69,0,0,0,0,0,0,0,0,0,0,0,0
130000,-1,-1,-2,-2,-2,-2,2139,0,0,0,0,0,0,0,0,0,0,0,0
130000,-1,-1,-1,-2,-2,-1,32236,41510,-1523,-1523,-1523,48477,10000,0,0,0,50000,5000,0
130000,-1,-1,-1,-2,-1,-1,193,2499,0,0,428,150,2520,0,0,428,150,285,0
130000,-1,-1,-1,-1,-2,-2,500,0,35660,-20,-20,-20,0,35660,0,0,0,5350,0
130000,-1,-1,-1,-1,-2,-1,500,2000,1354,0,0,2699,2000,1354,0,0,2699,3766,1
130000,-1,-1,-1,-1,-1,-1,250,174,1214,1125,139,0,174,1214,1125,139,0,391,0
130000,-1,-1,-1,-1,-1,-1,390,390,390,390,390,390,390,390,390,390,390,390,0
130000,-1,-1,-1,-1,-1,-1,390,390,390,390,390,390,390,390,390,390,390,390,0
130000,-1,-1,-1,-1,-1,-1,579,1186,0,497,0,186,1186,0,497,0,186,0,1
130000,-1,-1,-1,-1,-1,-1,780,0,390,390,390,390,0,390,390,390,390,390,0
130000,-1,-1,-1,-1,-1,-1,780,0,11440,3752,1824,390,0,11440,3752,1824,390,390,0
130000,-1,-1,-1,-1,-1,-1,923,1632,545,1262,1019,530,1632,545,1262,1019,530,1518,0
130000,-1,-1,-1,-1,-1,-1,1094,1271,1205,1798,299,1280,1293,1205,1798,299,1280,3368,0
130000,-1,-1,-1,-1,-1,-1,1365,84118,44404,27113,801,28027,84118,44404,27309,801,28027,0,0
130000,-1,-1,-1,-1,-1,-1,1650,1650,1650,1650,1650,1650,1650,1650,1650,1650,1650,1650,1
130000,-1,-1,-1,-1,-1,-1,3597,4398,3738,1396,13069,1285,4398,3746,1396,13069,1285,1034,1
130000,-1,-1,-1,-1,-1,-1,5002,2437,2448,5457,3855,4684,2437,2774,5457,3855,4684,843,0
130000,-1,-1,-1,-1,-1,-1,11085,45677,27951,17255,10400,18776,45697,27951,17307,10400,18776,2944,0
130000,-1,-1,-1,-1,-1,-1,11149,3150,8552,5459,2850,9611,3160,8591,5463,2855,9611,8901,0
130000,-1,-1,-1,-1,0,-1,326,326,326,2400,1075,1650,326,326,2400,0,1650,652,1
130000,-1,-1,-1,-1,0,0,390,52180,206,3265,5661,7026,107767,206,3265,3000,2000,2000,0
130000,-1,-1,-1,0,0,0,790,390,99235,98080,97224,97940,390,99235,4368,3449,3713,3610,0
130000,-1,-1,-1,0,0,0,5636,8485,6263,24571,18817,13481,8510,6279,24516,16,34,6,0
130000,-1,-1,0,0,0,-1,13194,9403,15383,9189,8499,1738,9403,10007,184,170,1738,5256,0
130000,-1,-1,0,0,0,0,2343,32278,24175,15182,12805,14415,32322,1217,1000,3000,2000,390,0
130000,-1,2,-1,-1,0,0,6954,4110,1030,357,357,370,12,1034,727,0,13,1330,0
130000,-1,2,0,0,0,-1,10653,7439,15206,12446,7047,5472,13,12454,30,21,5488,1725,0
130000,-1,2,2,-2,-1,-1,3148,1574,0,0,12677,30582,5,0,0,12677,30582,0,1
130000,-1,2,2,-1,0,-1,632,316,0,632,316,316,0,0,948,0,316,316,0
130000,-1,2,2,2,0,-1,4820,3186,7924,6210,2560,7380,0,6210,0,0,7380,11720,0
130000,0,-1,-1,-1,-1,-1,10896,390,390,390,390,390,390,390,390,390,390,390,0
130000,0,-1,-1,-1,-1,-1,13570,785,1534,397,22262,251,785,1534,397,22262,251,1380,0
130000,0,-1,-1,-1,-1,0,62518,4049,6690,-1018,89445,90179,4065,6704,21018,92610,3272,3332,1
130000,0,-1,-1,-1,0,0,61223,4003,3223,23264,20582,18182,4003,3223,43264,2000,1000,2000,0
130000,0,-1,-1,0,0,0,15700,250,7671,12088,74088,63593,250,7671,5000,65000,3000,41803,0
130000,0,0,-2,-2,-2,-2,27495,0,0,0,0,0,0,0,0,0,0,0,0
130000,0,0,-2,-2,-2,-2,120000,0,0,0,0,0,0,0,0,0,0,0,0
130000,0,0,-2,-2,-1,-1,42063,0,0,0,150,1000,0,0,0,150,1000,0,0
130000,0,0,-1,-1,-1,-1,12939,10000,2277,1132,1289,0,1000,2277,1132,1289,0,2080,0
130000,0,0,0,-2,-2,-2,44826,40650,0,0,0,0,1092,0,0,0,0,0,0
130000,0,0,0,-2,-2,-2,71668,47836,0,0,0,0,2000,0,0,0,0,0,0
130000,0,0,0,-1,-1,-2,139892,131365,9910,12909,0,0,6179,1969,131000,0,0,1700,1
130000,0,0,0,-1,-1,-1,59762,61877,60390,390,390,390,3496,1208,390,390,390,390,0
130000,0,0,0,-1,0,0,13700,18670,21362,1469,7370,12554,10008,6196,1470,6501,5784,6030,0
130000,0,0,0,0,-2,-2,2783,131860,130000,0,0,0,130000,3000,0,0,0,0,0
130000,0,0,0,0,-2,-2,19698,10058,10833,0,0,0,1500,1000,0,0,0,0,0
130000,0,0,0,0,-2,-2,30184,31795,31467,-440,-240,-240,2419,1000,0,200,0,0,0
130000,0,0,0,0,-2,-2,41379,24462,15720,0,0,0,3057,1047,0,0,0,0,0
130000,0,0,0,0,-2,-2,98874,99363,101618,-32,-32,-32,5000,5000,3000,0,0,1000,0
130000,0,0,0,0,-2,-2,127790,128272,6230,0,0,0,6000,1400,0,0,0,0,1
130000,0,0,0,0,-2,-2,233617,115431,35400,0,0,0,10000,5000,0,0,0,0,0
130000,0,0,0,0,-1,-1,24008,21231,14323,7722,4689,-3614,3000,5000,2822,5000,0,6500,0
130000,0,0,0,0,-1,0,130318,131351,131352,121931,61755,61453,4700,5108,3860,82367,3041,2000,1
130000,0,0,0,0,0,-2,109640,109699,91200,45400,0,0,8436,2270,0,0,0,0,0
130000,0,0,0,0,0,-2,110922,113974,126194,17832,-3000,0,5000,15066,5007,0,3000,825,1
130000,0,0,0,0,0,-1,20678,18956,16172,16898,11236,6944,1610,1808,7014,27,7011,4408,0
130000,0,0,0,0,0,0,8920,9538,10174,11036,10552,9934,1161,1187,1439,345,346,487,0
130000,0,0,0,0,0,0,10071,50961,44362,43359,39010,36546,46034,1800,1659,1200,1150,1158,0
130000,0,0,0,0,0,0,17505,18529,19545,20217,20890,21541,1312,1328,1000,1000,1000,799,1
130000,0,0,0,0,0,0,23292,14077,15546,108047,93708,97353,3000,2000,93000,4000,5027,4005,0
130000,0,0,0,0,0,0,23970,23181,18912,19960,81985,80189,1288,1700,2000,63000,2885,3000,0
130000,0,0,0,0,0,0,24579,23741,11666,11806,11081,11396,1187,1500,616,500,500,485,0
130000,0,0,0,0,0,0,29645,28193,30790,21200,21810,13629,2000,5000,5000,1000,4000,6587,0
130000,0,0,0,0,0,0,30190,31179,30569,28659,26952,15852,1818,2002,1400,600,1000,0,1
130000,0,0,0,0,0,0,31280,32582,33328,34310,35059,44458,1813,1559,1541,1290,10000,1958,0
130000,0,0,0,0,0,0,32215,33690,34859,34051,32827,16702,2000,2000,2000,1000,2000,7131,0
130000,0,0,0,0,0,0,36487,37029,35595,36200,34081,31542,3000,3000,3000,2000,3000,3000,0
130000,0,0,0,0,0,0,40331,43929,45816,47018,48550,49737,5000,3390,3000,3000,1955,3000,0
130000,0,0,0,0,0,0,46206,46396,43812,42132,44190,44636,3000,3000,3000,4000,4000,3000,0
130000,0,0,0,0,0,0,46849,44861,46405,44342,45641,40945,1802,3005,1603,3022,1005,3308,0
130000,0,0,0,0,0,0,49780,51200,88209,53958,50577,41585,2300,50577,2000,2000,1488,1542,0
130000,0,0,0,0,0,0,58776,53702,43760,31540,23675,15841,2010,2037,1218,2182,1003,1001,0
130000,0,0,0,0,0,0,77939,78524,63421,60269,59984,27126,3916,3000,3000,3000,1000,2000,0
130000,0,0,0,0,0,0,78337,81029,83032,83362,84592,86027,4000,4200,2912,2500,2300,2500,0
130000,0,0,0,0,0,0,81603,84249,85424,82632,84522,86061,3963,3500,2956,3220,3100,3344,1
130000,0,0,0,0,0,0,81907,83620,85327,87021,88843,90618,3034,3096,3112,3222,3250,3357,1
130000,0,0,0,0,0,0,84579,86256,88093,89837,91625,92822,3084,3224,3236,3257,3509,3428,0
130000,0,0,0,0,0,0,87685,89577,91199,89446,91336,84756,3300,3130,3100,3200,3100,3100,0
130000,0,0,0,0,0,0,89055,90780,70947,72367,73875,75355,4200,2575,2600,2674,2701,5750,0
130000,0,0,0,0,0,0,92457,95365,98095,100796,102504,104089,6000,5000,5000,4000,4000,5000,0
130000,0,0,0,0,0,0,101281,129217,128302,125300,4125,4210,31200,4268,89527,107,500,1000,0
130000,0,0,0,0,0,0,103566,105797,102729,104761,87660,92123,3969,3823,3836,3345,9116,0,1
130000,0,0,0,0,0,0,106852,107599,109902,112635,114472,117556,4000,4030,4600,4200,5000,5000,0
130000,0,0,0,0,0,0,110434,108740,122873,122870,120373,134146,4100,20000,6000,5000,20000,6000,0
130000,0,0,0,0,0,0,116646,113851,110317,108099,106028,104253,5578,4000,3863,3831,4136,5385,0
130000,0,0,0,0,0,0,119466,116833,106524,89412,86993,87433,5044,5067,5013,5002,4002,5009,0
130000,0,0,0,0,0,0,122944,121530,107783,84353,169121,87863,6013,5312,3100,3123,6293,3273,0
130000,0,0,0,0,0,0,124007,124919,119553,116530,113962,113972,6000,5000,4214,4500,5000,4200,0
130000,0,0,0,0,0,0,124619,128845,131045,94390,91111,93112,6301,6000,5000,4000,3500,4000,0
130000,0,0,0,0,0,0,126164,126080,129104,130745,127344,127809,6500,7000,8000,5000,4500,4500,0
130000,0,0,0,0,0,0,127524,127839,128380,97713,96245,95779,5051,5101,3600,3501,3800,3412,0
130000,0,0,0,0,0,0,127544,126771,124824,123174,100585,97687,5963,6316,4845,3471,3673,3590,0
130000,0,0,0,0,0,0,128499,131370,123434,122806,125287,127992,5100,4500,4400,4500,4700,6400,0
130000,0,0,0,0,0,0,128846,130525,74745,68597,54774,53728,5170,2584,4000,2006,2000,2004,1
130000,0,0,0,0,0,0,128976,131763,128300,89007,90126,98665,7100,6000,4200,3500,10000,0,0
130000,0,0,0,0,0,0,130558,131939,100513,35288,34359,33488,5311,2502,1512,1612,2000,1000,0
130000,0,0,0,0,0,0,130708,132080,130128,101794,101826,101763,6658,5146,4000,4000,3866,3435,0
130000,0,0,0,0,0,0,132110,133734,129299,131871,132168,129779,6359,4505,4530,4798,4600,4655,0
130000,0,0,0,0,0,0,133622,129784,126021,70186,71762,73192,4752,5010,2505,2700,2623,2800,0
130000,0,0,0,0,0,0,135390,134974,132242,122832,55232,78266,6329,5472,5701,2211,38663,2350,0
130000,0,0,0,0,0,0,140479,133540,126408,119174,111339,103492,5000,5000,4200,4000,3600,4542,0
130000,0,0,0,0,0,2,128671,129901,127658,127362,128726,129081,7000,4710,4500,9400,3600,5500,0
130000,0,0,0,2,0,0,86584,88345,94597,92077,93272,96298,4100,8600,0,3500,7100,3600,0
130000,0,0,2,0,0,0,9559,12394,11883,9826,10167,12685,3000,0,500,500,2700,500,1
130000,0,0,2,0,0,2,122079,127725,129558,126907,99773,98086,7700,6000,5800,5800,2895,400,0
130000,0,0,2,2,2,0,112561,119435,105382,49643,46812,45914,12421,0,7000,0,2000,1822,0
130000,1,-2,-2,-2,-1,-1,-470,-470,-470,-470,47296,0,0,0,0,47766,0,0,0
130000,1,-2,-2,-1,0,0,0,0,0,8495,6480,0,0,0,8495,0,0,0,1
130000,1,-2,-1,-1,-2,-1,0,0,3726,0,0,1300,0,3726,0,0,1300,5400,0
130000,1,-2,-1,-1,-1,-2,0,0,441,305,0,0,0,441,305,0,0,0,1
130000,1,-2,-1,-1,-1,-1,0,0,306,3670,1473,5555,0,306,3670,1473,5555,1473,0
130000,1,-1,0,-1,-1,0,0,1386,5275,198,3992,8893,1386,4000,198,3992,5000,40000,0
130000,1,-1,0,0,0,0,0,5396,10270,13576,13864,14636,5396,5000,3500,501,1000,2000,0
130000,1,-1,2,0,0,0,0,10152,9840,11671,11914,12155,10152,0,2000,431,438,244,0
130000,1,2,0,0,0,0,26582,25956,25144,23235,13277,13895,100,2000,1000,700,1000,2000,1
130000,1,2,0,0,0,0,99290,96811,99330,94501,91503,91064,0,5000,3358,3500,6000,3500,1
130000,1,2,0,0,0,0,133019,133178,132355,131797,131457,132202,6000,6000,5000,5000,5000,5200,0
130000,1,2,0,0,0,0,136963,133293,133207,131578,101612,101650,0,6867,5660,3800,3677,3620,0
130000,1,2,2,2,0,0,36672,35807,40851,39526,41346,40630,0,6000,0,3000,1000,1100,0
130000,1,2,2,2,2,0,11446,12562,12075,15844,15295,16885,1600,0,4300,0,2000,2000,0
130000,1,2,2,2,2,2,22415,21146,23647,22984,24315,23155,0,3500,0,2000,0,2000,0
130000,2,0,0,0,0,0,7964,8976,9998,11007,11226,11460,1152,1174,1183,402,415,418,0
130000,2,0,0,0,0,0,88222,88288,84822,85970,86644,87576,3515,3107,5003,3203,3456,4000,0
130000,2,0,0,0,0,0,126874,129837,131332,97878,99594,98667,6500,5400,3446,3561,4000,3700,1
130000,2,2,-2,-2,-2,-2,1990,0,0,0,0,0,0,0,0,0,0,0,0
130000,2,2,0,0,0,-1,172094,156589,145398,136115,138893,127502,0,3300,2500,2778,130000,3689,0
130000,2,2,0,0,0,0,80987,79085,82799,86407,88959,97487,0,5000,5000,4000,10000,3724,1
130000,2,2,2,-1,-1,-2,1183,2183,2000,700,0,0,2000,13,700,0,0,0,0
130000,2,2,2,0,0,0,130623,131926,128380,126792,103497,96991,6400,0,4535,3900,4300,3700,1
130000,2,2,2,0,0,0,137204,139189,133521,133182,103161,103031,7000,0,5133,5000,5000,5000,1
130000,2,2,2,0,0,2,72996,75241,73442,75115,79230,81278,4000,0,3500,5500,3500,0,1
130000,2,2,2,0,0,2,108879,111115,107185,108569,112541,114885,5500,0,5399,8000,5000,0,0
130000,2,2,2,2,0,0,29929,27812,21213,15443,25371,4264,3412,1700,0,15571,4264,1000,0
130000,2,2,2,2,0,0,50033,52440,52993,51546,52663,53737,3500,2000,0,2100,2100,2200,1
130000,2,2,2,2,0,0,132968,134505,135624,129959,93360,90040,6700,6200,0,3500,3238,3216,0
130000,2,2,2,2,2,0,124651,128263,129669,131057,128857,131469,7100,5000,5000,0,4928,4574,1
130000,2,2,2,2,2,2,41795,43914,44396,45365,46093,47185,3100,1500,2000,1600,2000,2000,1
140000,-2,-2,-2,-2,-2,-2,-176,-176,-176,-176,-176,-176,0,0,0,0,0,652,0
140000,-2,-2,-2,-2,-2,-2,0,0,0,0,0,1122,0,0,0,0,1122,0,0
140000,-2,-2,-2,-2,-2,-2,0,0,3544,0,0,0,0,3544,0,0,0,0,0
140000,-2,-2,-2,-2,-2,-2,444,0,1650,0,2226,0,0,1650,0,2226,0,656,1
140000,-2,-2,-2,-2,-2,-2,518,518,518,518,518,668,518,518,518,518,668,518,0
140000,-2,-2,-2,-2,-2,-2,1282,367,0,3794,0,865,367,0,3794,0,865,825,1
140000,-2,-2,-2,-2,-2,-1,15953,24916,12174,3961,3070,2306,25148,12174,3961,3070,2306,450,1
140000,-1,-1,-2,-2,-2,-2,1553,0,0,0,0,0,0,0,0,0,0,0,0
140000,-1,-1,-2,-2,-1,0,1500,0,0,0,6400,11400,0,0,0,6400,5000,1000,0
140000,-1,-1,-1,-2,-2,-2,389,403,0,0,0,0,407,0,0,0,0,1260,1
140000,-1,-1,-1,-2,-2,-1,1034,40000,0,0,0,510,40000,0,0,0,510,0,0
140000,-1,-1,-1,-2,-1,-1,3003,3134,0,0,1186,0,3134,0,0,1186,0,1047,1
140000,-1,-1,-1,-1,-1,-2,4900,393,0,814,0,0,393,0,814,0,0,0,0
140000,-1,-1,-1,-1,-1,-1,326,326,326,1516,326,1439,326,326,1516,326,1439,326,1
140000,-1,-1,-1,-1,-1,-1,473,-27,3788,0,9386,722,0,3815,0,9386,722,1468,0
140000,-1,-1,-1,-1,-1,-1,727,829,550,1045,432,898,829,550,1045,432,898,208,0
140000,-1,-1,-1,-1,-1,-1,907,19830,11639,14362,0,46514,19891,11639,14362,0,46514,2400,0
140000,-1,-1,-1,-1,-1,-1,1156,316,1156,736,316,1156,316,1156,736,316,1156,316,0
140000,-1,-1,-1,-1,-1,-1,1750,1003,0,440,1367,890,1003,0,440,1367,890,0,0
140000,-1,-1,-1,-1,-1,-1,4717,5329,5445,5328,6243,21030,5329,5445,5328,6243,21030,10266,0
140000,-1,-1,-1,-1,-1,-1,6312,-148,8431,11034,5040,7838,0,8579,11034,5040,7838,11737,1
140000,-1,-1,-1,-1,-1,-1,13806,1003,1170,1003,1003,1003,1003,1170,1003,1003,1003,1003,1
140000,-1,-1,-1,-1,-1,-1,44300,54700,34050,3000,3000,49128,54700,34050,3000,3000,49128,5000,0
140000,-1,-1,-1,-1,-1,0,31,1272,1446,2880,1914,968,2000,1500,3000,1914,0,3287,1
140000,-1,-1,-1,-1,-1,0,815,8397,390,390,780,390,8419,390,390,780,0,390,1
140000,-1,-1,-1,-1,0,0,10066,6465,13524,94419,93295,94599,6483,13566,94422,3100,3600,3621,0
140000,-1,-1,-1,0,-1,-1,2139,0,1686,1686,205,6689,0,1686,0,205,6689,0,0
140000,-1,-1,-1,0,0,-1,780,177,1170,390,0,930,177,1170,0,0,930,0,0
140000,-1,-1,-1,2,2,-1,1800,1885,4158,2021,-372,628,1885,4158,0,0,2000,0,0
140000,-1,0,-1,-1,-2,-2,24602,12526,9032,0,0,0,5063,9032,0,0,0,0,0
140000,-1,0,0,-1,-1,-1,10833,14446,7609,4991,3400,3745,14000,3855,4991,3600,5500,4000,0
140000,-1,0,0,0,-1,-1,4637,4619,5538,2770,390,390,1141,1450,1000,390,390,390,0
140000,-1,0,0,0,0,0,2555,4502,6259,7115,8135,1459,2000,2000,1000,1020,100,2500,1
140000,-1,0,0,0,0,2,13159,39243,41831,45893,10186,4887,30000,7000,8000,5000,0,9579,0
140000,-1,2,-1,-1,-1,-1,652,326,326,326,476,326,0,326,326,476,326,326,1
140000,-1,2,-1,-1,-1,-1,1953,1366,464,337,548,395,0,464,337,548,395,681,1
140000,-1,2,-1,-1,0,-1,780,390,390,780,390,390,0,390,780,0,390,390,0
140000,-1,2,-1,0,-1,-1,2736,1276,2552,1276,1276,1276,0,2552,0,1276,1276,1276,0
140000,-1,2,2,-1,-1,0,739,739,-200,8700,1367,1367,0,0,8900,1367,0,0,1
140000,-1,3,2,2,2,2,104144,106179,106947,107690,109821,107893,5200,4000,4000,4000,0,4100,1
140000,0,-1,-1,-1,-1,-1,1154,1233,862,1355,1130,21361,1233,1075,1355,1130,21361,1347,0
140000,0,-1,0,0,0,0,3351,64555,63796,55234,52959,50617,64555,2898,1890,2000,2000,1900,1
140000,0,0,-2,-2,-1,-1,17376,4879,6266,4379,420,0,4907,6284,4392,420,0,245,0
140000,0,0,-1,0,0,-2,51270,54000,4117,6817,0,0,4500,4117,3000,0,0,0,0
140000,0,0,0,-1,-1,-1,4679,3146,0,2000,4716,7485,1000,0,2000,4716,7485,10254,0
140000,0,0,0,0,-2,-2,132629,55185,56000,0,0,0,5000,2000,0,0,0,0,0
140000,0,0,0,0,-1,-1,10064,10551,11655,11377,735,1051,2000,2000,1000,735,1051,569,0
140000,0,0,0,0,0,0,7272,7906,8717,9046,9369,10165,1299,1500,1000,1000,1500,1000,0
140000,0,0,0,0,0,0,14544,22376,28746,36395,46358,49946,8376,7000,8395,10546,4400,7892,0
140000,0,0,0,0,0,0,14997,16437,18848,21209,25503,27918,2000,3000,3000,5000,3000,10000,0
140000,0,0,0,0,0,0,18648,19561,13902,14183,13207,12996,1309,1139,420,418,816,0,0
140000,0,0,0,0,0,0,19080,18807,18624,19652,23477,22330,4344,4548,3760,5854,3039,3866,0
140000,0,0,0,0,0,0,21593,17636,17800,14869,12895,12833,2000,2000,2000,1000,1000,600,0
140000,0,0,0,0,0,0,22848,24459,26254,27728,28047,29315,2000,2000,2000,1000,1500,2000,0
140000,0,0,0,0,0,0,27750,28797,29840,31349,35687,36983,1500,1500,2000,5000,2000,5000,0
140000,0,0,0,0,0,0,31367,29652,30178,20989,17125,14739,1614,10018,2009,1003,1017,1012,0
140000,0,0,0,0,0,0,35206,26200,27771,29261,20121,24263,2000,2000,2025,1300,4500,3500,0
140000,0,0,0,0,0,0,35806,36823,36285,36683,37150,41210,3000,1580,1294,1355,5000,5000,0
140000,0,0,0,0,0,0,38199,38810,39811,41133,41730,42026,2000,2000,2000,2000,2000,2000,0
140000,0,0,0,0,0,0,38483,43627,35893,40883,16256,14354,10169,20000,15000,628,1392,1200,0
140000,0,0,0,0,0,0,45068,44158,48437,50667,52888,54060,5000,5000,3000,3000,2000,2000,0
140000,0,0,0,0,0,0,46605,35797,36615,28354,18093,6723,2281,1683,929,1000,134,0,0
140000,0,0,0,0,0,0,47922,49930,51980,54606,55220,56527,2710,2760,3386,2000,2082,2000,0
140000,0,0,0,0,0,0,50822,52468,52238,53368,56488,58542,2473,2000,2000,4000,3000,2000,0
140000,0,0,0,0,0,0,52196,16982,20199,20746,2260,4180,2000,5000,1000,1260,3000,439,0
140000,0,0,0,0,0,0,54279,55991,59465,62855,63670,67464,2615,5000,5000,2455,5000,5000,0
140000,0,0,0,0,0,0,55222,54293,53294,51558,52800,51806,2510,2450,1676,1900,1826,3968,1
140000,0,0,0,0,0,0,58075,59504,61544,62925,64280,67079,3000,3000,3000,3000,4000,4000,0
140000,0,0,0,0,0,0,58213,60764,59949,40979,42339,43529,3500,2000,1447,2000,2184,2000,0
140000,0,0,0,0,0,0,70649,72069,74140,76421,82223,84296,3100,3140,3421,7000,3296,3283,0
140000,0,0,0,0,0,0,72274,70098,60180,43920,42670,41584,3231,2290,3499,1800,2000,2000,0
140000,0,0,0,0,0,0,76902,70841,61422,52576,51301,48202,3000,2200,2400,2000,2050,2150,0
140000,0,0,0,0,0,0,80210,67746,76230,77954,78953,81848,10000,10000,3393,3260,5000,3000,0
140000,0,0,0,0,0,0,82309,92682,103265,117188,113368,119194,12682,13265,17188,10000,15000,0,0
140000,0,0,0,0,0,0,82497,83206,85862,86676,88948,54312,2978,3997,3140,3707,2104,1946,0
140000,0,0,0,0,0,0,83768,79736,76167,66410,71150,75781,5000,6029,8000,6000,6000,3000,0
140000,0,0,0,0,0,0,85119,86901,89583,90432,92332,94197,3153,4126,3231,3351,3400,3494,1
140000,0,0,0,0,0,0,88394,90252,92775,93606,95301,96653,3280,4270,3500,3606,3500,3550,0
140000,0,0,0,0,0,0,91226,83650,80037,53055,102587,98251,4182,4000,4000,98000,4000,3500,0
140000,0,0,0,0,0,0,100064,95224,104440,88467,71519,63150,6029,30000,7981,3000,3000,3000,0
140000,0,0,0,0,0,0,105192,90337,74510,73876,76180,78400,3000,6000,4000,4000,4000,3000,0
140000,0,0,0,0,0,0,105930,59125,54636,51407,12016,60890,3029,2000,2059,1019,55317,2015,0
140000,0,0,0,0,0,0,109259,108015,107209,106353,100653,99546,5400,5211,4000,4000,4000,3600,0
140000,0,0,0,0,0,0,109326,111679,113921,114348,111382,112458,5600,5600,4500,4200,4500,4500,0
140000,0,0,0,0,0,0,111820,104189,100638,93092,94663,96257,3817,4500,3500,3600,3700,3500,0
140000,0,0,0,0,0,0,112936,117021,107837,96546,95489,97347,6000,5000,3400,3617,3600,3700,0
140000,0,0,0,0,0,0,114133,122191,128069,103319,105702,108619,10000,8000,5000,4000,4520,6000,1
140000,0,0,0,0,0,0,125273,125756,111799,107375,104299,106280,6000,6000,3910,3936,3871,3841,1
140000,0,0,0,0,0,0,125792,126771,132730,124689,105447,106704,5000,10000,5000,5000,5000,5000,0
140000,0,0,0,0,0,0,126785,129752,132554,268084,137061,129250,6500,6500,5000,5000,5568,3600,0
140000,0,0,0,0,0,0,127896,131764,134654,138303,119845,122457,7500,6500,7500,5000,4700,5228,0
140000,0,0,0,0,0,0,127939,100372,84587,65589,69117,65911,5059,14659,5000,8000,5000,10000,0
140000,0,0,0,0,0,0,128213,133080,136412,136481,135012,133324,7000,7000,7000,5500,6000,4624,0
140000,0,0,0,0,0,0,128583,132734,132135,126622,127495,119304,7000,5000,5000,6000,6000,5300,0
140000,0,0,0,0,0,0,128656,126785,129752,132554,268084,137061,6000,6500,6500,5000,5000,5568,0
140000,0,0,0,0,0,0,128720,129996,132004,127275,48724,48875,6450,7000,5000,2000,2000,2000,0
140000,0,0,0,0,0,0,129289,90352,85052,65758,46847,39777,3713,3546,2589,1960,1733,1379,0
140000,0,0,0,0,0,0,129996,132004,127275,48724,48875,49667,7000,5000,2000,2000,2000,2000,0
140000,0,0,0,0,0,0,130439,108411,107113,120327,62855,67243,5000,5000,20000,10000,10000,10000,0
140000,0,0,0,0,0,0,131026,130023,76098,50419,47202,43946,5006,2169,1651,2122,3006,2505,0
140000,0,0,0,0,0,0,131138,133452,136194,137490,106322,104583,6300,7000,5421,4000,4000,4200,0
140000,0,0,0,0,0,0,131863,136170,139270,137548,96340,94201,6500,6799,5100,3300,3400,7461,0
140000,0,0,0,0,0,0,132541,136186,139418,140962,137819,137094,7000,7000,5300,5300,10100,5400,0
140000,0,0,0,0,0,0,132970,136435,138696,139673,141573,140474,6334,6600,5500,4821,5188,5600,0
140000,0,0,0,0,0,0,133094,132777,131672,133496,128509,124035,5005,4603,5002,4505,4400,4300,0
140000,0,0,0,0,0,0,133336,134483,131805,107950,88622,85165,5000,5000,4005,3500,3500,3000,0
140000,0,0,0,0,0,0,135034,133283,132765,123208,97154,97687,4729,5434,4751,3500,3500,3800,0
140000,0,0,0,0,0,0,136084,138468,93802,94531,96264,98135,6500,4300,3500,3600,3881,4200,1
140000,0,0,0,0,0,0,136899,139889,142460,142020,139879,140810,5200,6000,5500,5900,5200,5000,0
140000,0,0,0,0,0,0,136918,128636,127237,94159,95794,89345,5000,5900,4000,3000,5000,3000,0
140000,0,0,0,0,0,0,137545,136820,128445,125049,119402,123055,6206,6100,6330,4400,8700,0,0
140000,0,0,0,0,0,0,137585,131666,114989,81475,82812,71484,6200,4246,5000,3000,3000,2800,0
140000,0,0,0,0,0,0,137952,141168,143215,61586,70626,72723,7000,6110,5000,10014,5011,5005,0
140000,0,0,0,0,0,0,138119,137950,140254,139679,141748,142174,6600,6500,5100,5300,6000,5000,0
140000,0,0,0,0,0,0,138317,142082,136034,137524,88752,89409,6047,6405,6452,3228,3140,3157,0
140000,0,0,0,0,0,0,138325,137142,139110,138262,49675,46121,6000,7000,4228,1505,2000,2000,0
140000,0,0,0,0,0,0,139227,120780,123390,127557,117961,120570,4325,4558,6300,4221,4500,4600,0
140000,0,0,0,0,0,0,140456,125288,117263,77496,79815,77911,5200,5006,5000,5000,3000,5000,0
140000,0,0,0,0,0,0,140630,142166,51334,51533,52233,53826,6100,2411,2000,2041,3000,1874,0
140000,0,0,0,0,0,0,140876,48005,13650,12371,12511,10697,3600,4015,600,500,800,119,0
140000,0,0,0,0,0,0,142087,255846,140057,100177,100873,98363,5528,4500,3500,4000,4000,4000,0
140000,0,0,0,0,0,0,142129,130705,99736,80445,81005,79387,15126,9064,4009,5014,5011,7006,1
140000,0,0,0,0,0,0,142132,142239,142140,142111,194934,95484,5600,6150,5900,4000,4000,50000,0
140000,0,0,0,0,0,0,143536,141849,131491,94362,85863,83974,5341,4000,3500,3000,13000,2300,0
140000,0,0,0,0,0,0,162452,164055,141301,99115,101597,101290,5000,140000,4000,4000,4000,4000,0
140000,0,0,0,0,0,2,17172,18695,20880,23515,25122,24581,1815,3000,3000,2000,0,2500,0
140000,0,0,0,0,0,2,59693,61732,62411,64372,70015,68745,3000,2300,3000,6700,0,3000,0
140000,0,0,0,0,0,2,106526,85019,82784,81458,86227,84646,4000,3000,4000,7000,0,4000,0
140000,0,0,0,0,2,0,90590,97047,102468,114718,111387,116399,8000,7000,15500,0,7000,7000,0
140000,0,0,0,0,2,0,140933,140883,138087,141620,110532,111638,5503,7210,15128,0,4200,4300,0
140000,0,0,0,2,0,0,143090,139095,147204,139896,136922,130098,5411,16000,0,5341,4830,4621,0
140000,0,0,0,2,2,2,34229,35262,38079,37167,41146,40332,1583,3400,0,4600,0,2000,0
140000,0,0,0,2,2,2,119692,91710,91744,70832,70768,71755,5000,8000,0,8000,3000,0,0
140000,0,0,2,0,0,-2,90313,103560,78842,67003,0,0,15037,5,2007,0,0,0,0
140000,0,0,2,0,0,-1,28282,148806,139462,125046,46364,83460,125000,6,4578,1427,87179,26291,1
140000,0,0,2,0,0,0,30996,33690,33430,32768,29701,24377,3200,1500,1800,2000,2000,1000,1
140000,0,0,2,0,0,0,122662,123536,104817,102161,85512,83028,6504,4000,4500,3500,4000,3500,0
140000,0,0,2,0,0,2,15438,12140,11225,6688,6908,6438,2620,0,310,400,0,1435,0
140000,0,0,2,0,0,2,78095,84781,82558,80376,85281,84688,8000,0,3500,5900,0,3000,0
140000,0,0,2,2,2,0,27098,29832,29354,30609,29981,30581,3485,300,2038,0,1100,2570,1
140000,0,0,2,2,2,2,32678,37303,37114,38687,41338,40645,5400,600,2400,3500,0,1539,0
140000,0,0,2,4,3,2,106298,111040,122612,120270,118091,122963,6451,15000,1100,0,7000,0,1
140000,1,-2,-2,-1,-1,-1,0,0,0,4647,250,4654,0,0,4647,5423,4404,0,0
140000,1,-2,-1,0,0,0,-4,-680,1824,1508,300,-206,0,3000,0,0,0,2000,1
140000,1,-1,-1,-1,-1,-1,0,1216,2677,2985,3739,1242,1216,2698,6069,3889,1242,3061,0
140000,1,-1,0,0,0,0,0,7933,7283,8577,9452,11153,7933,2000,2000,1000,2000,1000,0
140000,1,2,0,0,2,0,31511,30705,31809,34374,33522,34481,0,1600,3100,0,1500,1500,1
140000,1,2,0,0,2,2,130215,126720,128116,136956,134665,142199,0,5000,11000,0,10000,0,1
140000,1,2,2,2,2,2,44570,45563,46115,47053,48150,49009,2000,1600,2000,2000,1800,0,1
140000,1,2,2,2,2,2,136183,139121,140047,141215,142019,137251,6901,4800,5006,5507,5,5308,0
140000,1,3,2,2,2,2,17962,17381,18104,17516,18721,18280,0,1300,0,1500,0,1900,1
140000,2,-1,-1,-1,-1,-1,1070,4593,4705,1710,0,6096,4593,4705,1710,0,6096,0,1
140000,2,0,0,0,0,0,25621,26805,27763,28342,29123,29930,1600,1500,1000,1200,1250,1200,1
140000,2,0,0,0,0,0,55563,55222,54293,53294,51558,52800,2520,2510,2450,1676,1900,1826,1
140000,2,0,0,0,0,0,84371,85119,86901,89583,90432,92332,3046,3153,4126,3231,3351,3400,1
140000,2,0,0,0,0,0,131795,134083,125360,99313,90623,92425,6743,5421,3926,3290,3310,3424,1
140000,2,0,0,0,0,0,136308,137077,138919,138035,138857,138894,5150,7750,5000,5379,5200,4850,1
140000,2,0,0,0,0,0,144010,142724,142802,140103,142750,142855,5301,5400,5100,5300,5500,5400,1
140000,2,0,0,2,0,0,125623,128592,137440,126342,130295,132945,5000,11000,0,6000,5000,7000,0
140000,2,2,0,0,0,0,90632,88637,90859,92734,48461,49067,0,4200,4261,2182,1844,1652,1
140000,2,2,0,0,2,2,122283,118913,120435,139795,142950,140505,0,5000,21500,5500,0,5000,0
140000,2,2,2,0,0,0,138379,143684,139902,142729,142406,142694,9000,0,6800,40000,5600,5900,1
140000,2,2,2,0,0,2,26450,28823,28171,28740,30454,29930,3007,0,924,2070,0,3000,0
140000,2,2,2,2,0,0,104651,105162,104207,100326,102740,103444,5000,3600,0,4000,4000,3603,1
140000,2,2,2,2,2,0,145627,145339,136223,113942,109652,109118,6005,210,7903,0,4183,4213,0
140000,2,2,2,2,2,2,73259,75063,73305,78454,79571,78176,3600,0,7000,3000,0,8000,1
140000,2,2,2,2,2,2,89910,92588,91936,94623,94952,95234,5000,1800,5000,1900,4700,0,0
140000,2,2,2,2,2,2,110674,131306,127701,135551,135859,134687,22500,0,10000,2600,2300,5300,1
140000,2,2,2,2,2,2,113780,115297,114448,114653,115720,116690,5800,3500,4500,4000,4000,4500,0
140000,2,2,2,2,2,2,134073,130521,137328,136280,136247,134089,0,10707,5014,5091,4608,42,1
140000,3,2,2,3,3,3,450,450,450,450,1450,1150,0,0,0,1000,0,0,1
140000,3,3,2,2,2,2,124716,127047,128479,129869,132540,135201,5800,5000,5000,4900,5000,5000,1
140000,3,3,3,2,0,0,192182,187720,189659,185477,189351,193122,0,6500,0,6497,6536,6760,1
150000,-2,-2,-2,-2,-2,-2,0,1250,0,3871,6200,336,1250,0,3871,6200,336,0,0
150000,-2,-2,-2,-2,-2,-2,120,0,0,0,0,0,0,0,0,0,0,0,0
150000,-2,-2,-2,-2,-2,-2,389,349,8362,882,1594,1385,350,8403,886,1602,1391,1156,0
150000,-2,-2,-2,-2,-2,-2,390,390,390,390,285,-105,390,390,390,285,0,1668,0
150000,-2,-2,-2,-2,-2,-2,456,9664,3420,2527,0,0,9664,3420,2612,0,0,0,1
150000,-2,-2,-2,-2,-2,-2,500,15338,0,0,650,1430,15338,0,0,650,1430,1200,0
150000,-2,-2,-2,-2,-2,-2,833,1601,9253,33062,2328,4121,1606,9297,33243,2336,4140,10859,0
150000,-2,-2,-2,-2,-2,-2,989,1023,7542,1200,0,0,1023,7542,1200,0,0,689,0
150000,-2,-2,-2,-2,-2,-2,1106,2199,2997,735,1104,0,1208,1006,50000,1104,0,0,0
150000,-2,-2,-2,-2,-2,-2,2977,1408,0,0,0,0,1408,0,0,0,0,4400,1
150000,-2,-2,-2,-2,-2,-2,3042,41036,16465,40215,5024,19924,41243,16548,40442,5049,20023,6035,0
150000,-2,-2,-2,-2,-2,-2,4583,6917,831,6469,5138,7810,6989,833,6488,5153,7833,7130,0
150000,-2,-2,-2,-2,-2,-2,4847,4268,0,1193,-127,-127,4268,0,1193,0,0,1956,0
150000,-2,-2,-2,-2,-2,-2,5200,1689,-17,3996,2278,1132,1689,0,4013,2278,1132,4721,0
150000,-2,-2,-2,-2,-2,-2,5253,0,0,0,0,0,0,0,0,0,0,0,0
150000,-2,-2,-2,-2,-2,-2,9164,14011,7715,8295,7301,4388,14021,7723,8295,7301,4388,1600,0
150000,-2,-2,-2,-2,-2,-2,23414,23349,0,3180,0,13649,1000,0,3180,0,13649,1000,0
150000,-2,-2,-2,-2,-2,-2,24393,26847,32702,33459,27800,2261,27007,32715,33475,27808,2261,169465,0
150000,-2,-2,-2,-2,-2,-2,42218,44828,-7772,-7772,69762,71591,4828,0,0,77534,2991,4509,0
150000,-2,-2,-2,-2,-2,-1,0,0,0,0,0,150,0,0,0,0,150,810,1
150000,-2,-2,-2,-2,-2,-1,9248,6831,2902,6468,1883,1519,6871,2918,6506,1893,1527,5330,0
150000,-2,-2,-2,-2,-1,-1,1000,0,0,1522,5014,1000,0,0,1522,5014,1406,0,0
150000,-2,-2,-2,-2,-1,-1,52806,12871,4876,9128,10460,5157,13497,4372,18853,10975,5157,15182,0
150000,-2,-2,-2,-2,-1,0,52097,30188,20242,5332,61826,5220,2000,1000,5003,61826,5000,20000,0
150000,-2,-2,-2,-1,0,-1,885,-123,-123,240,123,123,123,0,363,0,123,123,0
150000,-2,-2,-2,-1,0,0,-3706,-6108,32662,59350,41136,28596,3449,46128,60260,30218,17000,20133,0
150000,-2,-2,-1,-1,0,-1,12178,22344,65330,20333,8433,10332,22452,65676,20368,25,10363,4881,0
150000,-2,-1,-1,-1,-1,-1,1723,2292,240,683,3486,5390,6876,240,683,3486,5390,1200,0
150000,-2,-1,0,0,-1,-1,600,360,1401,2360,70,420,360,1041,1000,70,660,0,0
150000,-1,-1,-2,-2,-2,-2,1242,0,0,0,0,0,0,0,0,0,0,0,0
150000,-1,-1,-2,-2,-2,-2,1345,0,0,0,0,0,0,0,0,0,0,24948,0
150000,-1,-1,-2,-2,-2,-2,2195,0,0,0,0,0,0,0,0,0,0,0,1
150000,-1,-1,-2,-2,-2,-1,15000,0,0,0,0,11694,0,0,0,0,11694,30000,0
150000,-1,-1,-2,-2,-1,-1,55,-94,-208,-208,993,0,0,239,0,1201,0,2184,0
150000,-1,-1,-2,-1,-1,-1,850,0,0,31106,0,1505,0,0,31106,0,1505,997,1
150000,-1,-1,-1,-2,-2,-2,1221,176,0,0,0,0,176,0,0,0,0,0,0
150000,-1,-1,-1,-2,-1,-1,800,2400,0,0,1000,0,2400,0,0,1000,0,0,0
150000,-1,-1,-1,-2,-1,-1,893,2300,0,0,2222,0,2300,0,0,2222,0,0,0
150000,-1,-1,-1,-2,-1,-1,3003,2688,3125,9643,4383,2225,2698,3137,9643,4395,2229,3041,0
150000,-1,-1,-1,-1,-2,-2,390,0,780,0,0,0,0,780,0,0,0,0,0
150000,-1,-1,-1,-1,-1,-2,7890,8958,780,7500,0,0,8958,780,7500,0,0,0,0
150000,-1,-1,-1,-1,-1,-1,110,564,13347,13155,10610,8394,567,13504,13221,10663,8436,2468,1
150000,-1,-1,-1,-1,-1,-1,420,0,1672,453,2129,1414,0,1672,453,2129,1414,1961,0
150000,-1,-1,-1,-1,-1,-1,509,14310,980,1000,1132,8774,14310,980,1000,1132,8774,10867,0
150000,-1,-1,-1,-1,-1,-1,1050,3258,3664,1461,2348,3626,3258,3735,1461,2348,3626,3089,0
150000,-1,-1,-1,-1,-1,-1,1340,1805,4290,-10,1999,10559,1815,4354,0,2009,10610,9855,0
150000,-1,-1,-1,-1,-1,-1,1657,2277,4049,1665,559,0,2277,4066,1665,559,0,663,0
150000,-1,-1,-1,-1,-1,-1,2605,2605,4590,2605,2605,3795,2605,4590,2605,2605,3795,10675,0
150000,-1,-1,-1,-1,-1,-1,2858,9934,19312,46321,146947,237926,9934,19312,30000,105180,103752,5742,0
150000,-1,-1,-1,-1,-1,-1,2934,2843,1445,2130,796,2470,2843,1445,2288,938,2470,1073,0
150000,-1,-1,-1,-1,-1,-1,3267,3782,316,5469,3360,2399,3782,316,5469,3360,2399,4358,0
150000,-1,-1,-1,-1,-1,-1,5195,4177,7444,19997,4095,52207,4185,7447,20013,4095,25869,0,0
150000,-1,-1,-1,-1,-1,-1,6708,1098,1908,1589,9918,-16586,1098,2000,1589,9918,1157,0,0
150000,-1,-1,-1,-1,-1,-1,9779,60911,19796,1725,1150,0,61168,19796,1725,1150,0,0,0
150000,-1,-1,-1,-1,-1,-1,10147,0,1351,2942,384,504,0,1351,2942,384,504,280,0
150000,-1,-1,-1,-1,-1,-1,12769,424,177,1596,405,0,902,177,1596,405,0,0,0
150000,-1,-1,-1,-1,-1,-1,13447,17877,25172,4694,6292,13943,17914,25349,4694,6324,14433,17378,0
150000,-1,-1,-1,-1,-1,-1,18786,6879,16643,4869,9157,9624,6879,16701,4883,9199,9652,443,0
150000,-1,-1,-1,-1,-1,0,5856,2629,99,45,2928,519,4914,99,45,2982,0,993,0
150000,-1,-1,-1,-1,-1,0,6129,6051,5901,671,37082,34725,6051,5901,671,37082,5000,5000,0
150000,-1,-1,-1,-1,-1,0,7815,4914,6237,3280,11167,15915,4933,6237,3280,11167,10000,686,0
150000,-1,-1,-1,-1,-1,0,13059,11526,18301,15858,2744,2144,11526,18305,15861,2744,0,19682,0
150000,-1,-1,-1,-1,0,-1,3114,23946,7838,7642,8009,10800,23979,7838,7642,367,10800,5068,0
150000,-1,-1,-1,-1,0,0,3084,-1,600,4102,4102,6121,0,601,4102,0,2019,5515,0
150000,-1,-1,-1,-1,0,0,69333,2299,5290,17205,27130,3801,3401,5294,17211,14635,1,32784,0
150000,-1,-1,-1,0,-1,-1,5211,33474,18488,45489,9069,20203,33522,18516,35701,9099,20226,20786,0
150000,-1,-1,-1,0,-1,2,530,530,957,1817,714,424,530,957,1000,800,0,9000,0
150000,-1,-1,-1,0,0,-1,6750,15227,17610,19467,3173,1534,15227,17610,10055,0,1534,0,0
150000,-1,-1,-1,0,0,0,18395,-2390,10042,129691,88173,63034,312,20132,129665,127,315,0,0
150000,-1,-1,0,0,-2,-2,3462,1147,7002,0,0,0,1147,6000,0,0,0,0,0
150000,-1,0,-1,-1,-1,-1,29169,15000,15000,0,15000,0,1000,15000,0,15000,0,0,0
150000,-1,0,0,-2,-2,-2,30585,30138,0,0,0,0,6000,0,0,0,0,0,0
150000,-1,0,0,0,-1,-1,23427,25252,19004,15206,1423,8923,5554,5070,5076,1457,9047,22720,0
150000,-1,0,0,0,0,-1,42055,36366,37093,41300,0,345,2000,1413,1650,0,345,0,0
150000,-1,0,0,0,0,0,4083,10193,12620,13027,17760,83146,6248,4620,3027,7050,75415,6056,0
150000,-1,0,0,0,0,0,82791,82533,77002,45340,36352,36499,3187,2381,1579,1265,1584,597,0
150000,-1,0,0,0,0,0,104460,101914,103297,100603,98188,101441,6000,4573,5000,5000,5000,4100,0
150000,-1,2,-1,0,0,0,3204,430,29425,30437,31123,28997,0,29425,2000,1528,1518,2000,0
150000,-1,2,2,2,0,0,40749,39815,46887,45832,52968,60034,0,8538,0,8810,8942,9344,0
150000,-1,2,2,2,2,2,15349,12834,25740,20995,21353,14453,0,15600,0,758,0,2580,0
150000,-1,3,2,-1,-1,-1,942,616,290,326,740,17481,0,0,362,740,17481,1000,1
150000,0,-1,-1,-2,-2,-1,13219,1179,0,0,0,35752,1179,0,0,0,35752,1448,0
150000,0,-1,-1,-1,-1,-2,46272,1079,0,41147,-3,-3,1082,0,41147,0,0,0,0
150000,0,-1,-1,-1,-1,-1,7448,2089,174,640,2414,500,2089,174,640,2414,500,3158,0
150000,0,-1,-1,0,0,0,80015,19386,39008,19483,32901,8790,19418,40010,19,20000,0,13669,0
150000,0,-1,0,-1,-1,-1,8000,13024,9809,8000,800,1072,13024,3000,8100,800,2524,24902,0
150000,0,-1,0,0,-2,-2,7674,432,2232,0,0,0,432,2000,0,0,0,5757,0
150000,0,0,-2,-2,-2,-2,15447,0,0,0,0,0,0,0,0,0,0,0,0
150000,0,0,-2,-2,-2,-2,38675,0,0,0,0,0,0,0,0,0,0,0,0
150000,0,0,-2,-2,-2,-2,65591,0,0,0,0,0,0,0,0,0,0,0,0
150000,0,0,-2,-2,-2,-2,421504,299860,300000,0,0,0,17000,17000,0,0,0,0,0
150000,0,0,-2,-2,-1,-1,143650,0,0,0,1000,0,0,0,0,1000,0,5000,0
150000,0,0,-1,-1,-2,-2,23900,22164,3096,-1076,0,0,1329,3107,0,10382,0,2817,0
150000,0,0,-1,-1,-2,-2,115786,123423,5250,0,0,0,10000,5250,0,0,0,0,0
150000,0,0,-1,0,0,-2,4463,3034,1170,1170,0,0,1013,1170,0,0,0,0,1
150000,0,0,-1,0,0,-2,15952,29836,1860,1535,0,0,20039,1860,0,0,0,0,0
150000,0,0,-1,0,0,0,69358,42457,92213,70406,70037,14461,4213,92457,5023,4311,7030,3054,0
150000,0,0,-1,4,3,2,8982,0,1187,1182,882,441,0,1187,0,0,0,583,0
150000,0,0,0,-2,-2,-1,97066,95040,0,0,0,217,2000,0,0,0,217,2972,0
150000,0,0,0,-1,0,-1,2384,4176,5877,1610,1180,2980,2000,2000,2000,1000,3000,0,0
150000,0,0,0,0,-2,-2,103720,103662,105000,0,0,0,5000,3000,0,0,0,0,0
150000,0,0,0,0,-1,-1,15855,27241,20818,9864,3957,2205,18056,4065,1058,3976,2216,0,0
150000,0,0,0,0,-1,-1,109244,96560,86565,85069,508,0,3506,5000,5003,508,0,0,0
150000,0,0,0,0,0,-2,17541,19021,7861,7691,0,0,2000,2000,2000,0,0,0,0
150000,0,0,0,0,0,-2,20934,21364,21196,21715,0,0,1500,1500,1000,0,0,0,0
150000,0,0,0,0,0,-1,12593,39494,33616,24519,10656,30168,38018,1203,41,2587,31382,11027,0
150000,0,0,0,0,0,-1,19020,7717,9858,9188,7518,23574,1500,5000,2000,1000,33054,704,0
150000,0,0,0,0,0,0,4614,6370,9243,10280,10637,10916,2000,3000,1500,527,600,1000,0
150000,0,0,0,0,0,0,7795,13821,6640,5831,10514,5432,7000,1000,1070,6000,2432,116,0
150000,0,0,0,0,0,0,9516,9998,8336,6462,5872,1242,1100,1074,1000,1000,1000,0,0
150000,0,0,0,0,0,0,11109,83376,79726,76986,78038,78321,78016,3048,4000,3500,3000,3000,0
150000,0,0,0,0,0,0,11474,15023,17467,19789,20173,21696,5001,3000,2616,1000,2000,1000,0
150000,0,0,0,0,0,0,19057,20091,21423,23927,25718,136667,1500,1500,3000,2000,111338,4000,0
150000,0,0,0,0,0,0,21787,22817,24134,24635,29032,29766,1382,1699,1200,5000,1214,1500,0
150000,0,0,0,0,0,0,23364,22846,25779,22303,16981,16837,1450,5779,1300,700,1000,1000,0
150000,0,0,0,0,0,0,24523,22224,20880,17305,16094,18516,2029,3030,3118,3003,3040,2050,0
150000,0,0,0,0,0,0,24848,22726,11145,15690,17875,24590,14000,5000,5000,7875,13000,2000,0
150000,0,0,0,0,0,0,27707,28434,29356,30777,32193,32589,1477,1489,2000,2000,1169,1194,1
150000,0,0,0,0,0,0,29823,25968,24823,22908,19325,12854,1630,7000,5000,3000,257,40825,0
150000,0,0,0,0,0,0,36146,36184,37511,33080,30223,31561,3000,3000,3000,2500,2000,2000,0
150000,0,0,0,0,0,0,38484,43489,48194,32264,25579,0,8000,5175,3000,10000,0,0,0
150000,0,0,0,0,0,0,38985,36466,31907,33300,34681,36060,10107,20000,10000,10000,10000,10000,0
150000,0,0,0,0,0,0,39471,41515,43879,44446,45394,46702,2636,3000,1528,1600,2000,2000,0
150000,0,0,0,0,0,0,39883,34983,23772,20410,14818,7565,2068,1331,1029,353,208,20711,0
150000,0,0,0,0,0,0,40046,47317,48849,35920,37433,10791,7995,5849,1196,2000,1000,1000,0
150000,0,0,0,0,0,0,41387,40310,42652,42711,43311,48311,2000,3000,1500,1000,5000,176,0
150000,0,0,0,0,0,0,44552,43702,44798,44280,38006,32978,2022,2118,1800,1300,1300,1300,0
150000,0,0,0,0,0,0,44832,46939,57181,49453,86869,79150,6020,15043,5021,46034,5002,5000,0
150000,0,0,0,0,0,0,50286,110884,113152,116097,118500,120896,61101,3210,3911,3354,3400,3500,0
150000,0,0,0,0,0,0,58757,59555,59684,59501,59075,59171,2714,2812,2599,2143,2208,2112,0
150000,0,0,0,0,0,0,59885,59054,60254,59604,60707,61988,2200,2200,2300,2213,2300,2245,0
150000,0,0,0,0,0,0,71776,72909,74722,77865,78819,80607,2046,2413,3776,2224,2448,2500,0
150000,0,0,0,0,0,0,76282,78800,67443,68720,70572,72275,3705,4000,3000,3000,3000,4000,0
150000,0,0,0,0,0,0,77066,68414,41692,30936,31021,-1514,2094,1558,1005,1162,1408,113260,0
150000,0,0,0,0,0,0,78038,63176,52807,34199,32061,23682,5000,10116,5000,6000,3000,7000,0
150000,0,0,0,0,0,0,78354,69250,69790,71535,73131,72502,2507,3001,3001,3013,3133,3000,0
150000,0,0,0,0,0,0,80463,82513,84271,43832,33963,34638,3348,3490,1402,1233,1240,1284,1
150000,0,0,0,0,0,0,82494,83044,84752,84743,78987,65590,3100,3500,3000,5000,3000,2500,0
150000,0,0,0,0,0,0,83275,84220,77956,77682,52300,56223,3006,3000,2000,222,11170,5000,0
150000,0,0,0,0,0,0,84034,81537,78407,73688,56995,52887,5065,20028,3152,2025,5211,10061,0
150000,0,0,0,0,0,0,85993,81682,83467,86076,87829,58213,2922,3100,4000,3536,2200,2123,0
150000,0,0,0,0,0,0,86009,86108,89006,89775,87725,40788,4031,10006,3266,4040,1698,800,0
150000,0,0,0,0,0,0,86035,86414,87852,88692,90211,91543,3090,3218,3196,3360,3310,3573,0
150000,0,0,0,0,0,0,87105,82772,75928,66245,61833,62375,3000,3504,2300,2199,2414,2500,0
150000,0,0,0,0,0,0,88506,58699,60252,62245,64202,66167,2200,2500,3000,3000,3000,3000,0
150000,0,0,0,0,0,0,88812,89488,89951,86961,79284,74531,3309,5016,5050,3026,5000,5012,0
150000,0,0,0,0,0,0,94020,78038,63176,52807,34199,32061,3040,5000,10116,5000,6000,3000,0
150000,0,0,0,0,0,0,96739,98351,100369,101035,101982,103970,4000,4500,4000,4000,5000,5000,0
150000,0,0,0,0,0,0,98965,100714,100645,103006,52251,46581,3360,3630,4337,1894,1522,1521,0
150000,0,0,0,0,0,0,101593,101886,101441,100829,101913,96704,4000,4032,3410,4000,3665,3050,0
150000,0,0,0,0,0,0,105035,103502,92810,74078,75564,79941,4500,3137,2700,3000,6000,3500,0
150000,0,0,0,0,0,0,105416,106773,106500,104670,55442,55936,5800,4648,2000,2889,2700,94000,0
150000,0,0,0,0,0,0,111024,111486,12596,13610,14381,15147,2720,1500,1229,1000,1000,1000,0
150000,0,0,0,0,0,0,112391,98583,95810,87216,88201,87483,5000,4000,4000,3290,3200,3215,0
150000,0,0,0,0,0,0,118610,121098,123460,66902,68230,69661,4955,4947,3818,2442,2530,2538,0
150000,0,0,0,0,0,0,119788,112824,92456,80532,59866,49472,4728,3610,2377,1714,828,846,0
150000,0,0,0,0,0,0,125063,118843,137751,141330,146389,132617,10050,30000,5000,6088,5150,10000,0
150000,0,0,0,0,0,0,126810,58955,29332,36796,19912,23126,5000,13003,15000,11000,10000,3000,0
150000,0,0,0,0,0,0,127111,106956,106129,106531,107062,109938,3878,3794,3783,3892,4662,3500,0
150000,0,0,0,0,0,0,128278,131715,133625,49019,44801,39742,7000,6000,1800,1600,2000,1700,0
150000,0,0,0,0,0,0,135211,142398,121570,130780,130780,0,10109,10000,10000,10000,20000,16100,0
150000,0,0,0,0,0,0,140133,140414,141314,141000,142358,143358,6601,6501,5201,5501,5282,5200,0
150000,0,0,0,0,0,0,140662,144334,148016,150128,94834,97487,6000,6000,5176,5000,4002,3628,0
150000,0,0,0,0,0,0,141415,144592,147635,129507,132219,134869,5457,5661,4636,4800,4850,5000,1
150000,0,0,0,0,0,0,144833,141559,80614,110343,64419,18536,6041,13013,64442,3000,2000,4000,0
150000,0,0,0,0,0,0,146465,147331,146999,146277,147946,145846,7000,6740,6850,5664,5660,5480,0
150000,0,0,0,0,0,0,146480,147880,146958,147218,146817,103651,6380,4570,4500,5000,3300,1300,1
150000,0,0,0,0,0,0,146805,148293,146245,141593,133721,138524,5300,7000,6600,4700,13500,0,0
150000,0,0,0,0,0,0,148352,151267,143254,137379,35290,1200,5210,5212,4610,706,1200,0,0
150000,0,0,0,0,0,0,151009,148047,147851,151310,107033,109350,6913,5937,6500,4000,4000,4000,0
150000,0,0,0,0,0,0,151160,152127,154652,157819,155982,154158,5526,5877,5804,5763,5669,5596,0
150000,0,0,0,0,0,0,152059,150510,152228,141778,142694,145622,7100,5800,5300,5200,5300,5600,0
150000,0,0,0,0,0,0,152175,148872,145978,139791,142745,146872,5800,5245,5200,5200,6500,7200,0
150000,0,0,0,0,0,0,153249,154049,156523,159653,162866,157759,7900,6500,5700,5700,5700,5334,0
150000,0,0,0,0,0,0,153412,153720,150540,153103,152060,151470,7000,7000,7000,5200,5500,6300,0
150000,0,0,0,0,0,0,153932,153573,153309,152357,153133,0,5500,5509,5672,6787,0,832,0
150000,0,0,0,0,0,0,167317,166596,165990,161285,156749,151863,10000,10000,6000,6000,5500,5500,0
150000,0,0,0,0,0,0,172935,46462,42407,28265,25402,21514,35749,3016,1201,601,2002,1020,0
150000,0,0,0,0,0,0,216793,198866,193870,188045,178892,167419,4818,5024,4051,3788,3622,1215,0
150000,0,0,0,0,0,0,220889,133616,136378,139219,142172,145065,3800,3900,4000,4100,4100,5500,0
150000,0,0,0,0,0,0,232327,237150,239410,39584,32815,35626,5877,5419,1009,1120,5000,7128,0
150000,0,0,0,0,0,2,64869,57318,35970,26727,71112,63889,3049,2049,0,63889,0,4000,0
150000,0,0,0,0,0,2,127204,247984,125502,129589,133145,139322,5900,5000,6163,7200,10500,4900,1
150000,0,0,0,2,0,0,36717,37800,40874,39922,40953,42136,2000,4000,0,2000,2000,2000,0
150000,0,0,2,0,-1,-1,14883,12683,2700,1500,18439,1381,4908,0,0,18439,1381,0,0
150000,0,0,2,0,0,0,20755,25019,24335,24908,15339,0,4938,0,1200,507,0,0,0
150000,0,0,2,0,0,0,37800,40874,39922,40953,42136,43279,4000,0,2000,2000,2000,2000,0
150000,0,0,2,0,0,0,108817,83654,79713,64468,66488,58131,7500,0,4000,4000,4000,3500,1
150000,0,0,2,0,0,2,58795,62799,61233,61915,69079,67852,5600,0,2300,8219,0,9000,0
150000,0,0,2,2,0,0,22724,21019,19890,19271,19037,20448,3221,1602,0,1000,1709,0,0
150000,1,-2,-2,-2,-2,-2,0,0,0,0,0,0,0,0,0,0,0,0,0
150000,1,-2,-2,-2,-2,-2,0,0,0,0,0,0,0,0,0,0,0,0,0
150000,1,-2,-2,-2,-2,-2,0,0,0,0,0,0,0,0,0,0,0,0,1
150000,1,-2,-2,-2,-2,-2,0,0,0,0,0,0,0,0,0,0,0,0,1
150000,1,-2,-2,-2,-2,-2,0,0,0,0,0,0,0,0,0,0,0,0,1
150000,1,-2,-2,-2,-2,-2,0,0,0,0,0,0,0,0,0,0,0,0,1
150000,1,-2,-2,-2,-2,-2,0,0,0,0,0,0,0,0,0,0,0,0,0
150000,1,-2,-2,-2,-2,-2,0,0,0,0,0,0,0,0,0,0,0,0,0
150000,1,-2,-2,-2,-2,-2,0,0,0,0,0,0,0,0,0,0,0,0,0
150000,1,-2,-2,-2,-2,-2,0,0,0,0,0,0,0,0,0,0,0,0,0
150000,1,-2,-2,-2,-2,-2,0,0,0,0,0,0,0,0,0,0,0,0,0
150000,1,-2,-2,-2,-2,-2,0,0,0,0,0,0,0,0,0,0,0,0,0
150000,1,-2,-2,-2,-2,-2,0,0,0,0,0,0,0,0,0,0,0,0,1
150000,1,-2,-2,-2,-2,-2,0,0,0,0,0,0,0,0,0,0,0,0,1
150000,1,-2,-2,-2,-2,-2,0,0,0,0,0,0,0,0,0,0,0,0,1
150000,1,-2,-2,-2,-2,-2,0,0,0,0,0,0,0,0,0,0,0,0,1
150000,1,-2,-2,-2,-2,-2,0,0,0,0,0,0,0,0,0,0,0,0,0
150000,1,-2,-2,-2,-2,-2,0,0,0,0,0,0,0,0,0,0,0,0,0
150000,1,-2,-2,-2,-2,-2,0,0,0,0,0,0,0,0,0,0,0,0,0
150000,1,-2,-2,-2,-1,2,0,0,0,0,268,118,0,0,0,268,0,7800,0
150000,1,-2,-2,-1,-1,-1,0,0,0,12200,16961,3000,0,0,12200,16961,3000,493,0
150000,1,-2,-1,-1,-1,-2,6526,779,8927,8660,692,0,783,9098,8660,698,0,0,0
150000,1,-2,-1,0,0,0,0,0,584,596,596,0,0,584,12,0,0,0,0
150000,1,-1,-1,-2,-2,-2,0,53,0,0,0,0,53,0,0,0,0,0,0
150000,1,-1,-1,-1,-1,-2,0,200,708,1201,0,0,200,708,1201,0,0,0,0
150000,1,-1,-1,-1,-1,-2,0,990,0,234,0,0,990,0,234,0,0,0,0
150000,1,-1,-1,-1,-1,-1,0,970,8867,0,600,0,970,8867,0,600,0,0,0
150000,1,-1,-1,-1,-1,-1,0,1870,669,0,13453,5773,1870,669,0,13453,5773,100,0
150000,1,-1,-1,-1,-1,0,-89,13894,24782,1927,8200,3867,13983,24831,2358,8210,19,0,0
150000,1,-1,-1,-1,0,0,-3,350,0,863,863,0,353,0,863,0,0,0,0
150000,1,-1,0,0,0,0,-1474,137049,145900,146168,149712,-288,140916,10000,3119,3744,0,57916,0
150000,1,-1,2,-1,-1,-1,-819,35457,819,2145,17000,23698,36276,0,2145,17000,23698,411,0
150000,1,2,0,0,0,0,36472,33947,35518,30564,21849,25168,0,5035,5000,900,10000,7000,1
150000,1,2,2,0,0,0,147833,148066,142163,135075,135309,135165,6130,27,4610,5000,5000,3760,0
150000,1,2,2,0,0,2,21019,19890,19271,19037,20448,19345,1602,0,1000,1709,0,1000,0
150000,1,2,2,2,2,2,52692,54229,55768,56266,54764,58862,3000,3000,2000,0,5000,3000,1
150000,1,3,2,2,2,2,54803,52996,51169,53979,52639,58508,0,0,4000,0,7127,0,1
150000,2,0,0,0,0,0,86333,88931,92441,102903,105240,109479,4000,5000,12000,4000,6000,50000,1
150000,2,0,0,0,0,0,107603,109835,110255,110247,110955,105145,5500,5500,5300,3853,4000,4000,0
150000,2,0,0,0,0,0,151060,139648,119043,112072,113932,105706,3864,3868,2808,3037,2583,1079,1
150000,2,0,0,0,0,2,35099,35601,36488,35729,38117,37259,1887,2003,2000,3419,13,2088,0
150000,2,2,2,-1,-1,-1,1846,5466,3660,2415,5033,803,3672,0,2415,5033,803,2531,1
150000,2,2,2,0,0,2,113358,124745,121249,124237,132252,134925,14779,0,5000,10000,5000,0,1
150000,2,2,2,2,0,0,118348,120800,123379,122881,123954,131543,5900,6000,3000,4600,9800,5100,1
150000,2,2,2,2,0,0,183405,188959,192342,189717,195670,198611,10000,8000,2000,9000,8000,110000,0
150000,2,2,2,2,2,0,17893,20669,20050,24701,24006,26599,3400,0,5000,0,3000,3000,1
150000,2,2,2,2,2,0,164576,160500,170405,176048,161874,144124,0,14000,10048,0,5118,4517,1
150000,2,2,2,2,2,2,84647,76858,62650,59255,45983,52986,5950,0,10000,0,20000,0,1
150000,2,2,2,2,2,2,99855,102586,100064,104975,107147,109428,5200,0,8100,4000,4200,4200,0
150000,2,2,2,2,2,2,100247,109909,112453,113318,114268,116688,12924,5800,4200,4300,4400,4700,1
150000,2,2,2,2,2,2,137564,137327,146648,147865,149356,145262,3500,13000,5200,5300,400,5000,1
150000,4,4,4,3,2,0,151117,153787,150320,147989,143355,143131,6500,0,512,0,4388,4221,1
160000,-2,-2,-2,-2,-2,-2,-38,-38,-38,-38,-38,-38,0,0,0,0,0,0,0
160000,-2,-2,-2,-2,-2,-2,-18,-18,-18,-18,-18,-18,0,0,0,0,0,0,0
160000,-2,-2,-2,-2,-2,-2,0,0,0,0,0,0,0,0,0,0,0,0,0
160000,-2,-2,-2,-2,-2,-2,0,0,0,0,0,0,0,0,0,0,0,0,1
160000,-2,-2,-2,-2,-2,-2,0,0,0,0,0,0,0,0,0,0,0,0,0
160000,-2,-2,-2,-2,-2,-2,0,0,0,0,0,0,0,0,0,0,0,0,0
160000,-2,-2,-2,-2,-2,-2,0,0,0,0,0,0,0,0,0,0,0,0,0
160000,-2,-2,-2,-2,-2,-2,0,0,0,0,0,0,0,0,0,0,0,0,0
160000,-2,-2,-2,-2,-2,-2,0,0,0,0,0,0,0,0,0,0,0,0,0
160000,-2,-2,-2,-2,-2,-2,0,0,0,0,0,0,0,0,0,0,0,0,0
160000,-2,-2,-2,-2,-2,-2,0,0,0,0,0,0,0,0,0,0,0,0,1
160000,-2,-2,-2,-2,-2,-2,0,0,0,0,0,0,0,0,0,0,0,200,0
160000,-2,-2,-2,-2,-2,-2,0,3843,1876,4493,5929,2973,3843,1891,4520,5950,2979,5188,0
160000,-2,-2,-2,-2,-2,-2,170,1062,0,0,0,0,1062,0,0,0,0,0,0
160000,-2,-2,-2,-2,-2,-2,386,4194,196,7730,3113,3484,4194,196,7741,3113,3484,2475,0
160000,-2,-2,-2,-2,-2,-2,390,390,390,390,390,584,390,390,390,390,584,91,0
160000,-2,-2,-2,-2,-2,-2,396,396,5345,396,396,6396,396,5345,396,396,6396,396,0
160000,-2,-2,-2,-2,-2,-2,1987,0,99500,-500,-500,-500,0,99500,0,0,0,0,0
160000,-2,-2,-2,-2,-2,-2,2057,2147,1945,1934,2045,1938,2147,1945,1934,2056,1938,2544,0
160000,-2,-2,-2,-2,-2,-2,4138,0,0,0,2920,0,35,0,0,2920,0,12140,0
160000,-2,-2,-2,-2,-2,-2,6089,2376,0,0,0,0,2400,0,0,0,0,0,0
160000,-2,-2,-2,-2,-2,-2,51997,0,0,0,0,0,0,0,0,0,0,0,0
160000,-2,-2,-2,-2,-2,-1,25386,2542,2916,4257,629,6267,2549,2916,4321,700,6267,1727,0
160000,-2,-2,-1,-1,-2,-1,155458,157690,150209,151343,154456,157632,7200,6100,5300,5400,165759,4872,0
160000,-2,-2,-1,-1,-1,0,490,-85,5215,4115,3921,3421,3085,5300,1000,22200,2000,149763,0
160000,-2,-2,-1,2,-1,-1,968,708,1841,441,3438,3046,710,1913,0,3456,3054,1224,0
160000,-2,-1,-1,-1,-1,-1,7596,898,850,1729,5696,0,920,852,1759,5707,0,0,0
160000,-1,-1,-2,-2,-2,-2,1224,0,0,0,0,0,0,0,0,0,0,0,1
160000,-1,-1,-2,-2,-2,-2,6102,0,0,0,0,0,0,0,0,0,0,0,0
160000,-1,-1,-2,-2,-2,-1,30265,-131,-527,-923,-1488,-1884,131,396,396,565,792,0,0
160000,-1,-1,-2,-1,-1,2,9640,0,0,2804,403,253,0,0,2804,403,0,3144,0
160000,-1,-1,-2,-1,0,0,4908,0,0,3166,3166,0,0,0,3166,0,0,4493,0
160000,-1,-1,-1,-1,-2,-2,1961,5495,13029,0,0,0,5495,13036,0,0,0,0,0
160000,-1,-1,-1,-1,-1,-2,1111,1111,0,6795,0,0,1111,0,6795,0,0,0,0
160000,-1,-1,-1,-1,-1,-1,316,316,0,316,632,0,316,0,316,632,0,316,0
160000,-1,-1,-1,-1,-1,-1,316,873,1392,0,696,696,873,1392,0,696,696,696,1
160000,-1,-1,-1,-1,-1,-1,396,396,396,0,792,1220,396,396,0,793,1220,0,0
160000,-1,-1,-1,-1,-1,-1,791,9164,4791,2999,961,994,9173,4805,3008,1742,998,1101,0
160000,-1,-1,-1,-1,-1,-1,816,316,316,316,316,316,316,316,316,316,316,316,1
160000,-1,-1,-1,-1,-1,-1,819,162,165,165,165,165,162,168,165,165,165,165,0
160000,-1,-1,-1,-1,-1,-1,1261,2261,1390,390,390,0,2261,1390,390,390,0,780,1
160000,-1,-1,-1,-1,-1,-1,1319,3934,399,690,590,0,3941,399,690,590,0,1926,1
160000,-1,-1,-1,-1,-1,-1,2034,68942,40194,942,942,942,68942,40194,942,942,942,942,0
160000,-1,-1,-1,-1,-1,-1,2475,2475,5175,2475,3975,8175,2475,5175,2475,3975,8175,138,0
160000,-1,-1,-1,-1,-1,-1,2980,2817,0,450,748,5054,2817,0,450,748,5054,4711,1
160000,-1,-1,-1,-1,-1,-1,3650,1650,5650,3300,1650,1650,1650,5650,3300,1650,1650,1650,0
160000,-1,-1,-1,-1,-1,-1,4180,7781,1256,14160,6180,2000,7781,1276,14160,6180,2000,290,0
160000,-1,-1,-1,-1,-1,-1,5171,3634,4436,1978,3781,1732,3634,4436,1978,3781,1732,715,0
160000,-1,-1,-1,-1,-1,-1,5315,8145,2480,1920,2192,8187,8300,2480,1920,2192,8187,552,0
160000,-1,-1,-1,-1,-1,-1,5459,20415,2141,2144,5816,2144,20415,2141,2144,5816,2144,1456,0
160000,-1,-1,-1,-1,-1,-1,5617,267,509,15695,515,515,267,509,15695,515,515,515,0
160000,-1,-1,-1,-1,-1,-1,8091,5344,5117,4730,6634,3477,5344,5124,4730,6635,3477,2979,0
160000,-1,-1,-1,-1,-1,-1,13849,40862,2239,552,19367,-1,40991,2252,553,19425,0,649,0
160000,-1,-1,-1,-1,0,-1,326,326,326,652,326,476,326,326,652,0,476,326,1
160000,-1,-1,-1,-1,0,-1,8015,2453,9624,52572,7333,2210,2453,9880,52572,1546,2210,0,0
160000,-1,-1,-1,-1,0,-1,8036,7663,768,10488,4724,104205,7663,768,10488,2049,104205,3000,0
160000,-1,-1,-1,-1,0,0,498,498,493,16931,18913,19272,498,493,16936,8030,7000,500,0
160000,-1,-1,-1,-1,0,0,2992,4562,-928,1619,928,0,4562,0,2547,0,0,0,0
160000,-1,-1,-1,-1,0,0,7429,7165,1849,4715,799,0,8000,2000,4755,0,0,0,0
160000,-1,-1,-1,-1,2,-1,4473,4664,5969,18941,16578,12652,4664,5969,18941,0,12652,1916,0
160000,-1,-1,-1,0,-1,0,1236,1234,4888,4187,8995,9731,1234,4890,1010,8998,2005,3669,0
160000,-1,-1,-1,0,-1,0,1289,2089,5464,2079,1908,1394,2106,5500,2000,2000,1350,700,0
160000,-1,-1,-1,0,0,0,12037,5123,2460,6460,5360,0,5123,2460,4000,107,0,3960,0
160000,-1,-1,2,-1,-1,-1,465,10451,9385,2260,1313,947,10451,0,4560,2626,1894,7428,0
160000,-1,0,0,0,0,0,16754,44946,40453,40951,40709,35569,40453,2002,1500,2000,1000,6443,0
160000,-1,0,0,0,0,0,75847,89094,88956,62768,64410,82919,30000,4326,4000,3000,20000,3500,0
160000,-1,2,-1,-1,-2,-1,3498,3260,678,0,0,678,0,678,0,0,678,0,0
160000,-1,2,-1,-1,0,-1,17723,497,1100,652,326,5654,0,1100,652,0,5654,0,1
160000,-1,2,-1,0,0,0,780,390,1560,1170,780,390,0,1560,0,0,0,390,1
160000,-1,2,2,-2,-2,-2,23037,22260,0,0,0,0,0,0,0,0,0,0,1
160000,-1,2,2,-2,-1,-1,530,530,-102,-418,-418,1647,0,102,316,123,2847,2,0
160000,0,-1,-1,-2,-2,-2,4122,1770,0,0,0,0,2000,0,0,0,0,0,0
160000,0,0,-1,-1,0,0,50989,25227,26666,839,26516,-150,1695,28800,839,26500,0,0,0
160000,0,0,0,-1,-1,-2,21905,22473,21380,283,0,-17149,1373,1000,283,0,0,20261,0
160000,0,0,0,-1,-1,-1,51721,46381,25254,10740,50207,10298,2037,1000,10740,50207,10298,17413,0
160000,0,0,0,0,-2,-2,25058,20624,16280,0,0,0,1344,1000,0,0,0,0,0
160000,0,0,0,0,-1,0,25060,24306,17671,22121,40835,37471,8026,7804,7730,67296,1340,1280,0
160000,0,0,0,0,0,-2,37615,38707,40460,41149,-1,-1,1700,2400,2000,0,0,0,0
160000,0,0,0,0,0,-1,27720,14413,13484,6714,-319,3583,5000,5017,5000,0,6774,0,0
160000,0,0,0,0,0,-1,38254,38919,17243,18478,3541,6459,1907,2000,2000,300,6459,3000,0
160000,0,0,0,0,0,-1,77947,78960,79594,49777,327,222,4000,3000,1000,0,222,2682,1
160000,0,0,0,0,0,0,2694,38433,38870,28574,27268,28021,35888,1325,891,1000,1098,426,0
160000,0,0,0,0,0,0,6031,7057,7912,8080,8250,8565,1280,1132,300,300,452,312,0
160000,0,0,0,0,0,0,11152,11354,11486,12176,8044,0,5398,5676,8874,161,0,0,0
160000,0,0,0,0,0,0,17500,15933,19536,7550,6977,7811,10000,10000,3006,3000,3000,0,0
160000,0,0,0,0,0,0,18400,18699,26919,29801,40433,51329,10000,10018,15021,15000,20000,20000,0
160000,0,0,0,0,0,0,25003,23621,24994,15778,9333,7083,2000,5060,5000,1500,0,0,0
160000,0,0,0,0,0,0,27563,28350,25186,36100,21707,7928,5002,5000,14400,10000,4000,0,0
160000,0,0,0,0,0,0,31666,31865,32691,31490,28324,30798,3000,3000,3000,3000,3000,3000,0
160000,0,0,0,0,0,0,36370,35996,35275,34873,35677,34942,4002,5390,6000,5000,5000,4000,0
160000,0,0,0,0,0,0,40854,41849,42889,43904,44777,45866,1676,1716,1731,1604,1812,1667,0
160000,0,0,0,0,0,0,43729,43535,40799,41255,31766,32570,2045,1809,1265,1154,1333,1313,0
160000,0,0,0,0,0,0,54232,55456,56625,57757,59424,60631,2100,2100,2500,3000,2200,2200,0
160000,0,0,0,0,0,0,55559,51972,34983,26514,17602,9308,3010,3000,2000,1000,2000,0,0
160000,0,0,0,0,0,0,75636,77220,79129,80710,82749,84871,3400,3800,3500,3500,3500,3600,0
160000,0,0,0,0,0,0,83005,84023,81765,84265,84437,81265,3900,3300,3906,3000,3100,3120,0
160000,0,0,0,0,0,0,85748,86473,89120,88854,84598,86309,4000,5000,3096,3100,4000,5000,0
160000,0,0,0,0,0,0,108799,110963,114975,115923,107621,110006,3972,5800,4431,3854,4121,4603,0
160000,0,0,0,0,0,0,108963,105748,109050,112243,114513,114902,4500,5000,5000,4100,4192,6000,0
160000,0,0,0,0,0,0,118809,125323,170449,96739,126139,154884,10000,50000,20000,30000,30000,5000,0
160000,0,0,0,0,0,0,138594,134736,97629,100398,102606,104864,3755,3676,3637,3000,3040,2938,0
160000,0,0,0,0,0,0,140122,140225,140745,139923,140815,139935,6500,5211,5000,5000,5000,5000,0
160000,0,0,0,0,0,0,143457,134345,77045,69659,70186,75249,5237,3034,3010,5011,10006,8070,0
160000,0,0,0,0,0,0,146643,151342,152714,141957,140605,143519,6645,4844,6368,3961,4086,4280,0
160000,0,0,0,0,0,0,151400,155658,143564,130860,122188,79360,6960,6882,6307,4730,2874,3052,0
160000,0,0,0,0,0,0,153470,151486,153378,93971,96587,96623,10000,4600,4800,5000,3000,1000,0
160000,0,0,0,0,0,0,154412,157364,157834,159877,155545,147330,7028,5823,4764,4251,4348,5000,0
160000,0,0,0,0,0,0,155842,158665,132275,57318,42978,0,6139,4026,1492,860,0,0,1
160000,0,0,0,0,0,0,155967,151161,132051,93367,84622,87255,7541,5500,4200,3032,4000,2609,0
160000,0,0,0,0,0,0,156400,157923,158746,153208,154163,155344,7200,8000,5510,5800,6000,5500,0
160000,0,0,0,0,0,0,157389,158475,162309,162462,160085,158236,6800,6500,6000,6200,6200,6000,0
160000,0,0,0,0,0,0,160843,153543,157871,143690,134386,138038,6000,7225,5000,5000,5900,4992,0
160000,0,0,0,0,0,0,163418,164211,165587,161950,161680,164031,6200,7600,6100,5900,6300,7500,0
160000,0,0,0,0,0,2,30414,24158,10091,5905,6210,4302,1200,1036,309,500,0,1000,1
160000,0,0,0,0,2,0,102292,105536,110390,122358,120714,124145,4500,6200,15000,0,5000,3800,0
160000,0,0,2,-1,-1,-1,19542,24035,17561,17094,4353,4906,10000,0,17098,4353,2500,0,0
160000,0,0,2,2,0,0,122339,137278,136572,95115,96847,101443,18518,3358,0,3200,8000,4366,0
160000,0,0,2,2,2,2,43753,46869,45856,48818,49640,48737,4100,0,4000,1700,0,2000,0
160000,1,-2,-2,-2,-2,-1,0,0,0,0,0,695,0,0,0,0,695,0,0
160000,1,-2,-2,-2,-2,-1,0,0,0,0,0,1000,0,0,0,0,1000,0,0
160000,1,-2,-2,-2,-1,-1,0,0,0,0,1240,0,0,0,0,1240,0,0,0
160000,1,-2,-2,-1,-1,-1,-1860,-2790,-4650,930,930,2010,0,0,5580,930,2010,0,0
160000,1,-2,-1,-1,-2,-2,0,0,6371,0,0,0,0,6371,0,0,0,8399,0
160000,1,-1,-1,-2,-2,-2,0,499,0,0,0,0,499,0,0,0,0,0,0
160000,1,-1,-1,-1,0,0,-16,1955,2047,15848,16848,0,1971,2047,15848,1000,0,0,0
160000,1,-1,2,0,0,-1,-77,1598,1097,772,447,797,2000,0,0,0,1000,0,1
160000,1,2,0,0,0,0,63446,63501,65439,66761,67628,68983,1699,2960,3007,2573,2600,3008,0
160000,1,2,0,0,0,0,75628,72717,74651,70403,71890,73893,0,3211,2505,2612,3500,5000,0
160000,1,2,2,0,0,0,99793,101325,98706,90457,90588,92533,4300,0,4200,3238,3400,3550,1
160000,1,2,2,2,2,2,11569,11092,12900,12396,13692,13323,0,2000,0,1500,0,2000,0
160000,2,-1,-1,-1,-1,-1,776,776,1172,380,776,1172,776,1172,380,776,1172,380,0
160000,2,2,-2,-2,-2,-2,1500,0,0,0,0,0,0,0,0,0,0,0,1
160000,2,2,0,0,0,2,16626,16075,17490,20724,23952,23859,0,2000,3539,3566,446,3000,1
160000,2,2,2,0,0,0,77290,72681,66526,66893,66637,67877,4500,2500,3000,3000,4000,2305,0
160000,2,2,2,2,0,0,132528,135846,136732,101473,100895,103107,7000,5000,0,3770,4000,4000,0
160000,2,2,2,2,2,0,152626,156752,152858,161801,114389,89684,8100,0,14025,0,5300,500,1
160000,2,2,2,2,2,2,101430,103870,106719,107485,108326,110635,5000,6000,4000,4100,4200,4200,0
160000,2,2,2,2,2,2,142064,144900,146534,147955,145488,155041,6600,5500,5310,0,12000,0,1
160000,2,2,2,2,2,2,157818,161308,162923,161481,155819,168283,7500,5800,5700,0,18100,0,1
160000,3,2,2,2,2,2,110819,107629,113902,115543,118353,116298,0,9600,5000,4800,0,3900,1
170000,-2,-2,-2,-2,-2,-2,-200,-200,-200,0,2769,0,0,0,200,2769,0,0,0
170000,-2,-2,-2,-2,-2,-2,106,18719,30000,0,0,1532,18719,30000,0,0,1532,0,1
170000,-2,-2,-2,-2,-2,-2,736,736,1156,316,316,316,736,1156,316,316,316,316,0
170000,-2,-2,-2,-2,-2,-2,2190,264,1408,1434,264,264,264,1408,1434,264,264,264,0
170000,-2,-2,-2,-2,-2,-2,3955,5269,1986,1611,316,1608,5269,1986,1611,316,1608,2957,0
170000,-2,-2,-2,-2,-2,-2,7346,26797,3824,22709,0,0,27183,3824,22865,0,0,3809,0
170000,-2,-2,-1,-1,0,0,85663,-37,1740,97961,66257,12106,0,1777,114593,5823,439,497,0
170000,-1,-1,-1,-1,-1,-1,326,326,326,326,476,476,326,326,326,476,476,326,1
170000,-1,-1,-1,-1,-1,-1,390,17450,13366,17446,17056,16666,17450,13366,20894,17056,16666,34256,0
170000,-1,-1,-1,-1,-1,-1,481,326,526,526,635,760,326,526,526,635,760,526,1
170000,-1,-1,-1,-1,-1,-1,511,997,2446,720,236,210,1001,2446,720,236,210,52,0
170000,-1,-1,-1,-1,-1,-1,736,316,1970,1132,1132,1397,1289,1970,1132,1132,1397,1397,0
170000,-1,-1,-1,-1,-1,-1,1870,0,400,1000,0,1243,0,400,1000,0,1243,6912,0
170000,-1,-1,-1,-1,-1,-1,3022,2742,4592,3798,8717,4362,2751,4592,3798,8774,4362,12114,0
170000,-1,-1,-1,-1,-1,-1,3105,1599,1122,1692,648,0,1599,1122,1692,648,0,631,0
170000,-1,-1,-1,-1,-1,-1,3479,570,0,1546,4981,4769,570,0,1546,4981,4769,6452,0
170000,-1,-1,-1,-1,-1,-1,4599,3409,3790,2578,2100,2400,3409,6530,2578,2100,2400,6665,0
170000,-1,-1,-1,-1,-1,-1,6569,29039,1716,2442,14605,2895,29069,1721,2442,14605,2895,9608,0
170000,-1,-1,-1,-1,-1,-1,8069,2855,11744,5886,12916,3177,2855,11900,5886,12916,3177,4511,1
170000,-1,-1,-1,-1,-1,-1,13451,10539,2087,6720,23000,0,10539,2087,6720,23000,0,44400,0
170000,-1,-1,-1,-1,-1,-1,16089,5454,8846,920,380,4765,5455,8866,921,381,4801,1632,0
170000,-1,-1,-1,-1,-1,-1,79210,660,15360,891,13460,32136,660,15360,891,13460,32136,0,0
170000,-1,-1,-1,-1,-1,0,1804,1804,1804,1804,3608,1804,1804,1804,1804,3608,0,1804,1
170000,-1,-1,-1,-1,0,-1,1471,6040,1471,3398,1929,11966,6040,1471,3398,2,11966,10051,0
170000,-1,-1,-1,-1,0,-1,2697,0,1409,1337,1337,53885,0,1409,1337,0,53885,2000,0
170000,-1,-1,-1,-1,0,-1,2908,3408,2908,9283,2908,2908,3408,2908,9283,0,2908,7163,0
170000,-1,-1,-1,-1,0,0,390,390,390,780,780,0,390,390,780,0,0,0,0
170000,-1,-1,-1,-1,0,0,711,176,465,1422,582,291,176,1000,1422,291,0,291,0
170000,-1,-1,-1,-1,0,0,1554,360,1562,844,484,0,360,1562,844,0,0,720,0
170000,-1,-1,-1,0,-1,-1,416,416,632,416,416,566,832,632,200,416,566,416,0
170000,-1,-1,-1,0,-1,2,2429,8054,4380,316,6131,5612,8077,4380,0,6131,0,3000,1
170000,-1,-1,-1,0,0,-2,521,5360,29271,26511,0,0,6439,29271,0,0,0,2730,0
170000,-1,-1,-1,0,0,-1,3995,6300,15291,9085,5801,6603,6380,15291,182,116,6603,4000,0
170000,-1,-1,0,0,0,0,12847,9807,8101,6208,10460,11143,9807,5000,3749,6711,4432,0,0
170000,-1,-1,0,0,0,2,2457,4599,25158,61524,62779,59390,4599,23000,40000,4418,0,2800,1
170000,-1,-1,2,0,-1,-1,7885,7190,6854,3142,5000,0,2336,0,0,5000,0,0,0
170000,-1,-1,2,0,0,-1,1166,4144,3889,4889,4139,430,3000,0,1000,0,1000,17342,1
170000,-1,0,0,-2,-2,-2,1000,6000,0,0,0,0,5000,0,0,0,0,0,0
170000,-1,0,0,0,0,-2,60644,63948,62090,63000,0,0,5000,5000,4000,0,0,3300,0
170000,-1,2,-1,2,-1,-1,14479,27045,19041,12769,6283,3093,70,19136,64,6314,3107,3494,0
170000,-1,2,2,-1,-1,-2,917,917,0,2038,0,0,0,0,2038,0,0,0,0
170000,0,-1,-1,-1,-1,-1,1606,1420,1420,1420,1420,3464,1420,1420,1420,1420,3464,1420,0
170000,0,-1,-1,-1,0,0,15220,8404,16835,2200,7510,12510,8404,16835,2200,5510,5000,8100,0
170000,0,-1,0,0,0,0,8806,32192,32555,32292,32372,31202,32192,1608,2301,2379,2202,2688,0
170000,0,-1,0,0,0,0,10392,168088,168955,161351,126198,124746,168096,6409,7335,4448,4519,5003,0
170000,0,0,0,-1,-1,-2,20625,21386,0,522,0,0,1700,0,522,0,0,0,0
170000,0,0,0,0,-1,0,10928,8400,5654,6285,4417,740,6151,4110,6920,6637,0,16744,1
170000,0,0,0,0,-1,0,23070,186183,164405,93983,2806,1732,164000,7000,5215,3500,2000,300,0
170000,0,0,0,0,0,-1,85914,78411,57061,49734,14285,136394,10050,5050,6000,3561,139898,6000,0
170000,0,0,0,0,0,-1,157174,139101,192575,157028,135838,125483,9900,83200,0,3006,132854,5003,0
170000,0,0,0,0,0,0,10596,13410,15788,4853,5697,47830,3000,3000,1156,1000,46793,1760,0
170000,0,0,0,0,0,0,22138,23227,18894,7695,4777,3517,1808,1054,207,151,147,100,0
170000,0,0,0,0,0,0,35348,34622,31450,28229,26422,15081,1402,1789,652,798,1081,173,0
170000,0,0,0,0,0,0,47742,45529,42805,38017,39239,39411,2105,2447,1200,3000,2000,1500,0
170000,0,0,0,0,0,0,49341,49227,51798,53332,56303,59198,4000,4000,3000,4000,4000,4000,0
170000,0,0,0,0,0,0,51054,52127,52651,53851,53095,54316,2489,2000,2048,1927,2104,2071,0
170000,0,0,0,0,0,0,56061,57179,58450,58556,51671,51090,2051,2197,1934,1793,2500,2000,0
170000,0,0,0,0,0,0,56766,59811,61987,63849,66276,68207,4000,3638,3500,3500,3000,3000,0
170000,0,0,0,0,0,0,56980,55889,51328,31541,47406,23062,3000,2236,2478,904,2546,2000,0
170000,0,0,0,0,0,0,64195,66163,67856,38803,40259,41541,3000,3000,2308,3000,3000,1800,0
170000,0,0,0,0,0,0,73326,68712,60324,88057,89040,90716,3504,3500,30000,3300,3200,0,0
170000,0,0,0,0,0,0,79091,62575,63317,63903,43505,43995,2235,2493,2585,1683,1901,2111,0
170000,0,0,0,0,0,0,93420,96284,97322,99419,101590,111679,4371,3533,3716,3934,12030,0,1
170000,0,0,0,0,0,0,94791,89330,88384,84456,69871,62012,4300,3314,3050,2600,2600,4860,1
170000,0,0,0,0,0,0,102141,100600,103156,94090,95922,99324,4002,5107,3600,3500,5000,3000,0
170000,0,0,0,0,0,0,108426,109889,84897,82608,84388,86096,3600,3111,3000,3100,3101,3306,0
170000,0,0,0,0,0,0,109863,79574,78440,80141,81862,84237,4380,3000,3000,3000,4000,4500,0
170000,0,0,0,0,0,0,117527,120998,120582,112819,113932,107776,5837,4278,4021,3828,3843,3879,0
170000,0,0,0,0,0,0,130370,131199,128900,125514,127280,128839,6530,4860,22500,4820,4877,4962,0
170000,0,0,0,0,0,0,139211,136982,130585,127013,126635,127093,7020,7005,7000,6000,6000,6000,0
170000,0,0,0,0,0,0,158920,164353,167455,99297,59888,44262,8000,7000,5000,5000,5000,20000,0
170000,0,0,0,0,0,0,165027,168990,172307,35234,32869,33862,7200,7500,1200,1200,1500,1300,0
170000,0,0,0,0,0,0,165987,169790,115786,72309,73812,75149,8400,4000,2210,2282,2159,1800,0
170000,0,0,0,0,0,0,166348,162319,165592,167482,171106,164042,7354,7464,6127,6550,6100,10000,0
170000,0,0,0,0,0,0,169106,141998,134212,133450,127020,123490,5000,5508,5915,3000,4000,4000,0
170000,0,0,0,0,0,0,169531,174799,179868,177952,176160,175304,8000,8000,7000,7000,8000,9000,0
170000,0,0,0,0,0,0,169763,166286,162330,110034,97018,96056,6300,8138,4206,3366,3421,3642,0
170000,0,0,0,0,0,0,170845,171762,170464,127364,127024,125341,6800,7790,4587,4675,4525,4497,0
170000,0,0,0,0,0,0,175349,165527,147798,120811,117680,118907,5800,6520,5700,4300,4500,4500,0
170000,0,0,0,0,0,0,201851,195038,189067,180389,137030,129222,6873,7509,5573,4309,4239,5142,1
170000,0,0,0,0,2,0,99387,102141,103972,108405,102303,99767,5250,5100,7500,0,3900,3600,0
170000,0,0,0,0,2,2,86401,88991,91571,94045,97965,101176,3991,4071,4000,5600,5000,4000,0
170000,0,0,2,0,0,0,57198,59379,28679,29215,19415,19531,3200,2000,3000,10000,2000,0,0
170000,1,-2,-2,-2,-1,-1,0,0,0,0,1015,0,0,0,0,1015,0,0,0
170000,1,2,0,0,0,0,16237,15692,17120,17836,18396,18935,0,2000,1000,1000,1000,1000,0
170000,1,2,2,0,0,0,110970,117076,113778,117989,118803,121434,9460,0,6100,4210,4500,4500,1
170000,1,2,2,2,2,2,152495,155698,159029,160628,162808,163364,7200,7300,5700,6300,3300,9300,0
170000,2,-1,-1,0,0,0,520,1316,6779,3416,2941,3518,1339,6779,2000,97,1002,1018,0
170000,2,0,0,0,0,0,27267,28523,29742,30183,31041,31871,2000,2000,1233,1500,1500,2000,1
170000,2,2,2,0,0,0,63977,63630,51986,90196,50464,48282,2550,0,3500,3000,2001,3000,0
170000,2,2,2,0,0,0,169057,170609,164777,166227,166199,169533,7500,0,7400,5978,6251,5872,0
170000,2,2,2,2,2,2,15570,15031,16784,17711,17131,18197,0,2500,1500,0,1500,1000,0
170000,2,2,2,2,2,2,131864,133897,129761,138604,136283,145012,5600,0,11000,0,11000,5656,1
180000,-2,-2,-2,-2,-2,-2,0,0,0,0,0,0,0,0,0,0,0,0,0
180000,-2,-2,-2,-2,-2,-2,0,0,0,0,0,0,0,0,0,0,0,0,0
180000,-2,-2,-2,-2,-2,-2,0,0,0,0,0,0,0,0,0,0,0,0,1
180000,-2,-2,-2,-2,-2,-2,0,0,0,0,0,0,0,0,0,0,0,0,0
180000,-2,-2,-2,-2,-2,-2,0,0,0,0,0,0,0,0,0,0,0,0,0
180000,-2,-2,-2,-2,-2,-2,0,0,0,0,0,0,0,0,0,0,0,0,0
180000,-2,-2,-2,-2,-2,-2,0,0,0,0,0,0,0,0,0,0,0,0,0
180000,-2,-2,-2,-2,-2,-2,0,0,0,0,0,0,0,0,0,0,0,0,0
180000,-2,-2,-2,-2,-2,-2,0,0,0,0,0,0,0,0,0,0,0,0,1
180000,-2,-2,-2,-2,-2,-2,0,0,0,0,0,0,0,0,0,0,0,0,0
180000,-2,-2,-2,-2,-2,-2,0,0,0,0,0,0,0,0,0,0,0,0,0
180000,-2,-2,-2,-2,-2,-2,0,0,0,0,0,0,0,0,0,0,0,0,1
180000,-2,-2,-2,-2,-2,-2,0,0,0,0,0,0,0,0,0,0,0,0,0
180000,-2,-2,-2,-2,-2,-2,0,0,0,0,0,0,0,0,0,0,0,0,0
180000,-2,-2,-2,-2,-2,-2,0,0,0,0,0,0,0,0,0,0,0,0,0
180000,-2,-2,-2,-2,-2,-2,0,0,0,0,0,0,0,0,0,0,0,0,0
180000,-2,-2,-2,-2,-2,-2,0,0,0,0,0,0,0,0,0,0,0,0,1
180000,-2,-2,-2,-2,-2,-2,0,0,0,0,0,0,0,0,0,0,0,0,0
180000,-2,-2,-2,-2,-2,-2,0,0,0,0,0,0,0,0,0,0,0,0,0
180000,-2,-2,-2,-2,-2,-2,0,0,0,0,45,0,0,0,0,45,0,2380,0
180000,-2,-2,-2,-2,-2,-2,0,0,0,0,653,0,0,0,0,653,0,0,0
180000,-2,-2,-2,-2,-2,-2,0,0,0,1430,0,0,0,0,1430,0,0,0,0
180000,-2,-2,-2,-2,-2,-2,0,0,432,0,0,0,0,432,0,0,0,0,0
180000,-2,-2,-2,-2,-2,-2,0,0,621,3762,0,0,0,621,3762,0,0,0,0
180000,-2,-2,-2,-2,-2,-2,0,0,750,1576,1504,0,0,750,1576,1504,0,1000,0
180000,-2,-2,-2,-2,-2,-2,0,900,910,0,0,0,900,910,0,0,0,0,0
180000,-2,-2,-2,-2,-2,-2,0,2813,12937,50500,0,0,2813,12937,50500,0,0,0,0
180000,-2,-2,-2,-2,-2,-2,247,1562,1548,768,0,0,1562,1548,768,0,0,0,0
180000,-2,-2,-2,-2,-2,-2,390,1260,598,2056,4300,1802,1260,598,2056,4300,1802,3691,0
180000,-2,-2,-2,-2,-2,-2,405,4445,5047,200,745,0,4445,5047,200,745,0,0,0
180000,-2,-2,-2,-2,-2,-2,454,14213,10621,3913,1707,15087,14213,10628,7826,1707,15087,5379,0
180000,-2,-2,-2,-2,-2,-2,1905,2453,6997,3064,2158,9331,2453,6997,3064,2158,9331,0,0
180000,-2,-2,-2,-2,-2,-2,2177,1175,0,2530,0,0,1175,0,2530,0,0,0,0
180000,-2,-2,-2,-2,-2,-2,10989,228,1540,0,0,0,228,1541,0,0,0,0,0
180000,-2,-2,-2,-2,-2,-2,11281,3405,22630,7777,3089,8429,3411,22657,7777,3089,8429,6706,0
180000,-2,-2,-2,-2,-2,-2,14787,12222,16564,15047,17884,13630,12898,17266,15053,17884,13630,15463,0
180000,-2,-2,-2,-2,-2,-2,21450,0,6980,10628,9920,6205,0,6980,10628,9920,6205,6381,0
180000,-2,-2,-2,-2,-2,-2,50055,5320,9758,6494,32830,3267,5320,10008,6500,32830,3267,2650,0
180000,-2,-2,-2,-2,-1,-1,8592,8468,1300,0,2000,0,8478,1300,0,2000,0,1659,0
180000,-2,-2,-2,-1,-1,-2,0,0,0,2072,-28,-28,0,0,2072,0,0,0,0
180000,-2,-2,-1,-1,-1,0,12275,6491,37424,0,5758,18091,6491,37433,0,5758,18000,1000,0
180000,-2,-1,-1,-2,-2,-1,106,3166,106,59,-47,347,3166,106,59,47,570,106,0
180000,-1,-1,-2,-2,-2,-2,1599,0,0,0,0,0,0,0,0,0,0,0,0
180000,-1,-1,-2,-2,-2,-2,1651,0,0,0,0,0,0,0,0,0,0,295,0
180000,-1,-1,-2,-2,-2,-2,4148,0,0,0,0,0,0,0,0,0,0,0,0
180000,-1,-1,-2,-2,-1,-1,8000,0,0,0,600,0,0,0,0,600,0,0,1
180000,-1,-1,-2,-2,-1,0,3887,0,0,0,2454,4710,0,0,0,2454,3000,0,0
180000,-1,-1,-1,-2,-2,-2,1568,1550,-18,-18,-18,-18,1550,0,0,0,0,0,0
180000,-1,-1,-1,-2,-2,-2,4289,1000,0,0,0,0,1000,0,0,0,0,10443,0
180000,-1,-1,-1,-2,-2,-2,5086,5661,0,0,0,0,5668,0,0,0,0,0,0
180000,-1,-1,-1,-2,-2,-2,8260,5921,0,0,0,0,5921,0,0,0,0,0,1
180000,-1,-1,-1,-1,-1,-2,899,2879,8750,9931,0,7760,2879,8750,9931,0,7760,3450,0
180000,-1,-1,-1,-1,-1,-2,18213,4390,1016,4745,0,0,4390,1016,4745,0,0,1400,0
180000,-1,-1,-1,-1,-1,-1,220,4680,0,7500,4100,0,4686,0,7500,4100,0,4500,0
180000,-1,-1,-1,-1,-1,-1,326,326,326,326,326,326,326,326,326,326,326,326,0
180000,-1,-1,-1,-1,-1,-1,326,326,326,326,326,326,326,326,326,326,326,326,0
180000,-1,-1,-1,-1,-1,-1,326,326,10726,24104,326,326,326,10726,24104,326,326,326,0
180000,-1,-1,-1,-1,-1,-1,574,396,395,846,1027,381,396,395,848,1027,381,5819,0
180000,-1,-1,-1,-1,-1,-1,666,662,-4,55566,1056,390,662,0,61411,1056,0,1998,0
180000,-1,-1,-1,-1,-1,-1,816,803,2599,0,2311,2194,803,2800,0,2311,2542,236,0
180000,-1,-1,-1,-1,-1,-1,873,7233,2701,1900,45517,9451,7233,2701,1900,45517,9451,5795,0
180000,-1,-1,-1,-1,-1,-1,1110,1110,1110,1110,1110,1110,1110,1110,1110,1110,1110,1110,0
180000,-1,-1,-1,-1,-1,-1,1473,22969,27315,13315,8194,12800,22969,27392,13315,9000,12800,9460,0
180000,-1,-1,-1,-1,-1,-1,2488,13476,3173,13202,6594,2549,13476,3173,13212,6594,2549,1000,0
180000,-1,-1,-1,-1,-1,-1,3231,12513,-628,4940,1740,390,15000,0,10000,6000,6000,1567,0
180000,-1,-1,-1,-1,-1,-1,3690,15618,4685,238,218,6690,15682,4699,238,218,6710,11949,0
180000,-1,-1,-1,-1,-1,-1,4019,1550,4278,331,3456,11964,1550,4278,334,3456,11964,5690,0
180000,-1,-1,-1,-1,-1,-1,4160,7817,2358,18572,11560,4298,7817,2358,18577,11560,4298,12330,0
180000,-1,-1,-1,-1,-1,-1,4453,3310,7226,5060,2832,1890,3310,7228,5060,2832,1890,2576,0
180000,-1,-1,-1,-1,-1,-1,8059,11622,16379,9795,8414,6557,11680,16466,9844,8456,6589,5823,0
180000,-1,-1,-1,-1,-1,-1,10000,10000,10000,10000,20000,10338,10000,10000,10000,20000,10338,20894,0
180000,-1,-1,-1,-1,-1,-1,10000,10000,10970,12786,10300,10000,10000,10970,12786,10300,10000,11080,0
180000,-1,-1,-1,-1,-1,-1,11168,6496,9733,4088,5428,13138,6678,9740,4088,5428,13138,12174,0
180000,-1,-1,-1,-1,-1,-1,22777,20311,20726,22111,25560,2461,20328,20789,22169,25560,2461,10947,0
180000,-1,-1,-1,-1,-1,-1,27959,13855,16277,0,28743,8210,13855,16277,0,28743,8210,14004,0
180000,-1,-1,-1,-1,-1,-1,47815,8473,950,13408,3819,1107,8480,957,13408,3819,1107,20679,0
180000,-1,-1,-1,-1,-1,0,326,326,326,326,652,326,326,326,326,652,0,326,0
180000,-1,-1,-1,-1,-1,0,543,-535,2145,12532,655,390,0,3212,12532,655,157,2063,0
180000,-1,-1,-1,-1,-1,0,14565,9500,10122,770,4159,4159,9500,10122,770,4159,0,5243,0
180000,-1,-1,-1,-1,0,-1,375,375,375,750,375,399,375,375,750,0,399,399,1
180000,-1,-1,-1,-1,0,-1,651,1883,651,2688,1000,2253,1883,651,2688,20,2253,9816,0
180000,-1,-1,-1,0,-1,-1,390,390,5248,4167,780,467,390,5248,5,780,467,3513,0
180000,-1,-1,-1,0,-1,-1,1170,420,2745,3053,1012,1312,420,2745,1000,1392,1312,1110,1
180000,-1,-1,0,0,0,0,6770,103101,104834,44452,41810,42641,164163,3877,1535,1517,1526,1580,0
180000,-1,-1,2,0,0,0,390,1345,955,1565,2175,2159,1345,0,1000,1000,400,1000,0
180000,-1,0,0,0,0,0,4314,5495,54903,56458,58616,55032,2500,50000,3000,3000,2000,2500,0
180000,-1,2,-1,0,0,0,10456,7326,8469,6591,5244,2174,357,8510,5244,2174,0,3371,1
180000,0,-1,0,0,0,0,16056,179490,180360,177460,140738,141830,180040,8200,9607,5103,5237,5000,0
180000,0,0,-2,-2,-2,-2,43068,316,316,316,316,316,316,316,316,316,316,314,0
180000,0,0,-1,0,-1,-1,37353,24797,5549,22349,2974,0,1012,5549,17000,3322,0,2633,0
180000,0,0,-1,0,0,-2,15743,9814,9161,8252,0,0,1205,9402,0,0,0,0,0
180000,0,0,0,-2,-2,-2,9705,2170,0,0,0,0,1000,0,0,0,0,0,0
180000,0,0,0,-2,-2,-2,32023,20233,0,0,0,0,10000,0,0,0,0,0,0
180000,0,0,0,-2,-2,-1,4819,5240,999,495,1776,79785,1010,1003,496,1781,81032,3600,0
180000,0,0,0,-2,-1,0,11393,2963,0,0,351,1351,2000,0,0,351,1000,0,0
180000,0,0,0,-1,-1,-2,8689,6750,9893,2690,0,0,3000,3968,2690,0,0,5400,0
180000,0,0,0,0,-2,-2,22523,20831,1537,-43,-43,-43,2045,1000,0,0,0,0,0
180000,0,0,0,0,-2,-2,22832,19517,11988,0,0,0,1429,1000,0,0,0,0,0
180000,0,0,0,0,-2,-2,160580,171644,184650,0,0,0,13714,16500,0,0,0,0,1
180000,0,0,0,0,-1,-1,182026,111563,78169,0,2354,9446,4500,10056,200,2354,9446,0,0
180000,0,0,0,0,0,-2,6734,7752,8763,8938,8568,9357,1124,1135,310,378,1000,0,0
180000,0,0,0,0,0,-1,4236,5230,6570,7192,6437,12499,2001,2000,1018,6154,12527,5016,0
180000,0,0,0,0,0,-1,55193,48257,42128,39654,42954,22543,5000,6000,10000,15000,23000,5445,0
180000,0,0,0,0,0,0,3739,4889,7768,7156,6956,29402,3889,4739,2289,4289,26735,3972,1
180000,0,0,0,0,0,0,6825,4094,4268,5423,6423,7404,2015,3000,3000,1000,1814,3000,0
180000,0,0,0,0,0,0,8531,9432,10771,11965,11903,12769,1200,1500,1431,369,1000,1000,0
180000,0,0,0,0,0,0,17426,29047,30572,38043,39441,42652,12000,2000,8043,2000,4000,12500,0
180000,0,0,0,0,0,0,18205,22876,26930,29530,47722,2500,5000,5000,3000,0,0,2598,0
180000,0,0,0,0,0,0,18314,18630,19126,12939,6939,3439,2000,2000,1042,0,0,191,0
180000,0,0,0,0,0,0,21760,22794,23801,24117,24468,25106,1689,1693,1009,888,1045,1077,0
180000,0,0,0,0,0,0,22121,31681,32552,34004,35792,36645,10000,1700,2000,2500,1600,2000,0
180000,0,0,0,0,0,0,23398,14445,15404,19885,22355,22902,1541,1500,4911,10355,10902,3500,0
180000,0,0,0,0,0,0,28978,25271,19917,22659,16114,15587,5029,12000,12659,10000,9000,9000,0
180000,0,0,0,0,0,0,34607,43623,46667,31931,33928,35235,10000,5000,15000,5000,2000,5000,0
180000,0,0,0,0,0,0,40311,43847,50763,69026,32030,33679,10000,10000,23000,5000,4000,3500,0
180000,0,0,0,0,0,0,42198,43192,47493,48401,50096,51238,2000,5000,2000,2500,2100,1623,0
180000,0,0,0,0,0,0,42790,43899,45172,46121,95432,50984,1800,2000,2000,2332,5000,1000,0
180000,0,0,0,0,0,0,44478,40311,43847,50763,69026,32030,8000,10000,10000,23000,5000,4000,0
180000,0,0,0,0,0,0,51699,48469,49553,49772,50829,51234,2200,2200,2000,2000,2100,1600,0
180000,0,0,0,0,0,0,51826,6699,6529,104327,105867,106806,1500,2000,100000,4500,5041,2000,0
180000,0,0,0,0,0,0,54842,55435,56810,63562,41150,0,2073,2359,8000,3000,0,0,0
180000,0,0,0,0,0,0,60258,51699,48469,49553,49772,50829,2130,2200,2200,2000,2000,2100,0
180000,0,0,0,0,0,0,63461,54673,53358,41379,32620,19061,3018,3071,3042,1161,3023,32,0
180000,0,0,0,0,0,0,65710,58159,60188,61090,62450,63911,2500,3000,2500,2500,2500,3000,0
180000,0,0,0,0,0,0,67276,65363,68877,48958,45255,41870,3000,10000,2000,1500,1500,1600,0
180000,0,0,0,0,0,0,79216,80905,82708,84433,86134,88251,3000,3100,3100,3100,3500,8400,1
180000,0,0,0,0,0,0,84973,89989,94895,98738,127382,155470,6000,6000,5000,30000,30000,20000,0
180000,0,0,0,0,0,0,85069,85434,116352,55698,37315,16696,5344,3013,3034,4069,3018,3069,0
180000,0,0,0,0,0,0,89903,66236,59932,52382,40661,32385,3073,3010,2010,1200,1000,1000,0
180000,0,0,0,0,0,0,94450,96632,99127,100581,102800,104931,4600,5000,4000,4000,4000,4200,0
180000,0,0,0,0,0,0,101489,78738,78639,44295,44113,37805,10006,8000,1610,10000,1333,8818,0
180000,0,0,0,0,0,0,102826,102646,82849,78064,73437,108072,5011,5006,5000,5005,42500,3000,0
180000,0,0,0,0,0,0,106765,99297,69691,71234,72930,75734,10000,5000,2703,3000,4013,10000,0
180000,0,0,0,0,0,0,107337,48433,46325,47354,48323,49416,2000,1771,1800,1750,1893,2000,0
180000,0,0,0,0,0,0,111190,113912,116231,117803,120350,124190,6000,5700,5000,4600,6000,3500,0
180000,0,0,0,0,0,0,113647,52992,38394,30332,110824,99661,3000,3170,2000,100000,5000,4000,0
180000,0,0,0,0,0,0,123154,126078,78070,50730,48039,47665,5200,3045,3500,2700,2720,2000,0
180000,0,0,0,0,0,0,130979,133062,124014,125279,115315,117740,5739,4700,4316,4090,4245,5000,0
180000,0,0,0,0,0,0,131007,131632,136239,138116,135246,130436,5000,7000,6500,5000,5000,5000,0
180000,0,0,0,0,0,0,141510,144439,146529,151106,153900,0,6700,6000,7000,6900,0,0,1
180000,0,0,0,0,0,0,141836,140792,144021,146539,149286,151900,5124,6000,5300,5500,5500,6000,0
180000,0,0,0,0,0,0,145403,138232,130553,105894,108248,106517,5440,5051,3835,4106,4250,4028,0
180000,0,0,0,0,0,0,145563,147348,143548,133408,136481,140008,10035,5096,5000,5200,6024,5015,0
180000,0,0,0,0,0,0,149698,137260,124500,111430,98182,84598,4834,4371,3849,3405,2887,2402,1
180000,0,0,0,0,0,0,152158,155181,158437,161664,164873,168344,5539,5741,5852,5881,7607,6135,0
180000,0,0,0,0,0,0,152510,151651,159019,123022,126075,126219,5657,10372,5000,5000,5000,5000,0
180000,0,0,0,0,0,0,166915,117351,115402,105844,98396,101390,6000,7030,8000,5396,5390,5006,0
180000,0,0,0,0,0,0,171041,111580,71902,10045,10484,10816,5000,3340,500,1000,1000,416,0
180000,0,0,0,0,0,0,171237,172787,174667,176618,141697,143738,8000,7000,7000,5010,5200,6000,0
180000,0,0,0,0,0,0,172064,175287,119687,131725,134122,133961,8000,5018,21000,6000,6000,6000,0
180000,0,0,0,0,0,0,173094,131039,132269,144990,152632,155935,7000,4900,15000,10000,6000,6500,0
180000,0,0,0,0,0,0,173267,174590,175233,106288,28089,178719,8100,5299,3305,5040,160719,7000,0
180000,0,0,0,0,0,0,174068,160979,165896,145300,152877,156074,10000,10092,10000,10000,10000,5000,0
180000,0,0,0,0,0,0,176731,177490,178659,138243,138023,137923,6814,7756,4788,5100,5500,5100,0
180000,0,0,0,0,0,0,176793,173034,171772,172344,134321,131191,8000,8206,6500,5000,5000,5000,0
180000,0,0,0,0,0,0,177554,175969,174812,177252,129190,130431,6500,7000,7100,5000,5000,5000,0
180000,0,0,0,0,0,0,178517,130975,135592,107315,56274,57608,5000,7000,5200,2000,2060,2000,0
180000,0,0,0,0,0,0,180827,175914,176778,172440,168914,171645,6600,7738,6200,6418,13000,0,1
180000,0,0,0,0,0,0,181293,177552,182492,180746,131166,114909,6400,8612,7534,5506,4850,5000,0
180000,0,0,0,0,0,0,182283,167160,173685,179213,182271,156029,15000,11080,10000,10000,7000,10000,0
180000,0,0,0,0,0,0,183512,172194,176105,171475,134590,133146,7700,8254,9600,4712,4995,5000,0
180000,0,0,0,0,0,0,230740,30873,32033,51373,52553,53505,1500,1660,20000,2030,1951,3000,0
180000,0,0,0,0,0,2,175200,175285,60790,50479,28739,18037,7002,1807,2000,4000,0,33000,1
180000,0,0,0,0,0,2,178239,178856,177754,178191,183051,179546,7969,6379,6319,10671,3000,5400,1
180000,0,0,0,0,2,-1,51323,44638,28674,14834,1415,47417,2124,1588,1526,66,57317,70052,0
180000,0,0,0,0,2,0,67011,69935,72031,77597,72079,66310,4000,4000,7501,0,3001,10000,0
180000,0,0,0,2,0,0,3060,1854,3238,2106,1510,1746,1000,2500,0,1000,500,930,0
180000,0,0,0,2,0,0,76942,77952,80269,66855,67128,67257,4003,5603,3,2504,2511,3021,0
180000,0,0,2,0,0,0,29478,32342,31523,32989,33679,34350,3353,0,2000,1222,1231,2704,0
180000,0,0,2,0,0,0,149218,217602,96169,70083,59509,78312,10915,5,5050,10000,20000,2000,0
180000,0,0,2,2,-2,-2,10324,10471,6566,2375,1911,1080,3744,0,2911,9,1080,990,0
180000,1,-2,-2,-2,-2,-2,0,0,0,0,0,0,0,0,0,0,0,0,0
180000,1,-2,-2,-2,-2,-2,0,0,0,0,0,0,0,0,0,0,0,0,0
180000,1,-2,-2,-2,-2,-2,0,0,0,0,0,0,0,0,0,0,0,0,1
180000,1,-2,-2,-2,-2,-2,0,0,0,0,0,0,0,0,0,0,0,0,0
180000,1,-2,-2,-2,-2,-2,0,0,0,0,0,0,0,0,0,0,0,0,0
180000,1,-2,-2,-2,-2,-2,0,0,0,0,0,0,0,0,0,0,0,0,1
180000,1,-2,-2,-2,-2,-2,0,0,0,0,0,0,0,0,0,0,0,0,0
180000,1,-2,-2,-2,-2,-2,0,0,0,0,0,0,0,0,0,0,0,0,0
180000,1,-2,-2,-2,-2,-2,0,0,0,0,0,0,0,0,0,0,0,0,1
180000,1,-2,-2,-2,-2,-2,0,0,0,0,0,0,0,0,0,0,0,0,1
180000,1,-2,-2,-2,-2,-2,0,0,0,0,0,0,0,0,0,0,0,0,0
180000,1,-2,-2,-2,-2,-2,0,0,0,0,0,0,0,0,0,0,0,0,0
180000,1,-2,-2,-2,-2,-2,0,0,0,0,0,0,0,0,0,0,0,0,0
180000,1,-2,-2,-2,-2,-2,0,0,0,0,0,0,0,0,0,0,0,0,0
180000,1,-2,-2,-2,-2,-2,0,0,0,0,0,0,0,0,0,0,0,0,0
180000,1,-2,-2,-2,-2,-2,0,0,0,0,0,0,0,0,0,0,0,0,0
180000,1,-2,-2,-2,-2,-2,0,0,0,0,0,0,0,0,0,0,0,0,1
180000,1,-2,-2,-2,-2,-2,0,0,0,0,0,0,0,0,0,0,0,0,0
180000,1,-2,-2,-2,-2,-2,0,0,0,0,0,0,0,0,0,0,0,0,1
180000,1,-2,-2,-2,-2,-2,0,0,0,0,0,0,0,0,0,0,0,0,0
180000,1,-2,-2,-2,-2,-2,0,0,0,0,0,0,0,0,0,0,0,0,0
180000,1,-2,-2,-2,-2,-2,0,0,0,0,0,0,0,0,0,0,0,0,0
180000,1,-2,-2,-2,-2,-2,0,0,0,0,0,0,0,0,0,0,0,0,0
180000,1,-2,-2,-2,-2,-2,0,0,0,0,0,0,0,0,0,0,0,0,1
180000,1,-2,-2,-2,-2,-2,0,0,0,0,0,0,0,0,0,0,0,0,0
180000,1,-2,-2,-2,-2,-2,0,0,0,0,0,0,0,0,0,0,0,0,1
180000,1,-2,-2,-2,-2,-2,0,0,0,0,0,0,0,0,0,0,0,0,0
180000,1,-2,-2,-2,-2,-2,0,0,0,0,0,0,0,0,0,0,0,0,0
180000,1,-2,-2,-2,-2,-2,0,0,0,0,0,0,0,0,0,0,0,0,0
180000,1,-2,-2,-2,-2,-2,0,0,0,0,0,0,0,0,0,0,0,4003,0
180000,1,-2,-2,-2,-2,-2,0,0,0,0,0,1031,0,0,0,0,1031,0,0
180000,1,-2,-2,-2,-2,-2,149172,100466,98458,89384,88315,84320,4600,4207,3500,4000,5000,602,1
180000,1,-2,-2,-2,-1,-1,0,0,0,0,383,2388,0,0,0,773,2395,847,0
180000,1,-2,-2,-1,-1,-2,-10,-10,-10,5650,-10,-10,0,0,5660,0,0,0,0
180000,1,-2,-2,-1,-1,-2,1520,-10,-10,3844,0,0,10,0,3854,0,0,0,0
180000,1,-2,-2,-1,3,2,0,0,0,300,300,150,0,0,300,0,0,645,0
180000,1,-1,-1,-1,-1,-2,0,1530,0,1610,0,0,1530,0,1610,0,0,0,0
180000,1,-1,0,0,0,0,-84,482,6566,6905,7385,7847,982,6500,1000,1000,1000,1000,0
180000,1,-1,2,2,0,-1,0,31,31,31,1931,878,31,0,0,1900,878,0,1
180000,1,1,-2,-2,-2,-1,23638,-46,-46,-46,-46,1154,3000,0,0,0,1200,44338,0
180000,1,2,0,0,0,0,101526,101957,104317,106583,108811,111160,3000,4000,4000,4000,4100,4100,0
180000,1,2,0,0,0,0,191262,183554,164619,133372,92101,60389,0,7100,5500,3500,3000,30000,0
180000,1,2,0,0,0,2,17207,16647,17657,17705,19043,18589,0,1590,638,1628,0,834,0
180000,1,2,2,2,2,2,29484,30309,28313,942,1038,492,2000,942,0,492,0,600,0
180000,1,2,2,2,2,2,133424,134835,131176,139976,138325,146136,5000,0,11000,700,10300,0,1
180000,1,2,2,2,2,2,172505,166692,176869,347813,171041,181637,0,16000,6000,0,15000,7000,0
180000,2,-1,-1,-1,-1,-1,1343,437,2297,4428,985,4028,438,2308,4446,987,4040,600,1
180000,2,-1,-1,-1,-1,0,326,326,326,480,1011,2685,326,326,480,1011,2000,3000,1
180000,2,0,0,0,0,0,57991,58587,59497,60356,60209,60522,2700,3000,3000,2500,2500,3000,1
180000,2,0,0,0,0,0,106944,78405,47542,44952,24904,26825,3500,2000,1500,2000,3000,3000,0
180000,2,0,0,2,0,0,10070,11392,14688,14040,13440,13440,1500,3500,0,0,0,0,0
180000,2,2,-2,-2,-2,-1,1310,0,0,0,0,1350,0,0,0,0,1350,1210,1
180000,2,2,0,0,0,2,159999,156038,159924,162775,174719,178651,0,8000,7000,15000,7000,0,1
180000,2,2,2,2,0,0,176911,172605,182641,135892,135411,126808,0,15000,0,4500,5000,5000,0
180000,2,2,2,2,2,2,50420,51818,52372,52917,54123,55176,2500,2000,2000,2200,2100,2200,1
180000,2,2,2,2,2,2,175154,175790,153515,130864,131569,128983,5100,50,14500,4500,296,4500,0
180000,2,2,7,7,7,7,2400,2400,2400,2400,2400,2400,0,0,0,0,0,0,0
190000,-2,-2,-2,-2,-2,-2,2125,3405,2131,2131,2131,0,3411,2131,2131,2131,0,5354,0
190000,-2,-2,-2,-2,-2,-2,51632,9803,3427,924,-876,-969,1000,3524,929,869,7,1587,0
190000,-2,-2,-2,-2,-2,-1,-2650,-2650,-2650,-5036,-5036,93493,0,1941,0,0,98529,3188,1
190000,-1,-1,-1,-2,-1,-1,500,300,0,0,418,964,300,0,0,418,964,670,0
190000,-1,-1,-1,-1,-1,-1,991,991,991,666,991,1316,991,991,666,991,1316,816,0
190000,-1,-1,-1,-1,-1,-1,6637,6476,14501,1190,3705,1049,6476,14915,1190,3705,1049,10160,0
190000,-1,-1,-1,0,-1,-1,6544,18191,18205,14442,31465,2589,19699,18295,9900,31465,2589,22041,0
190000,-1,-1,0,0,0,0,980,68738,105265,126905,150953,153223,68738,50000,26905,30000,7000,10000,0
190000,0,-1,0,0,0,0,44098,157205,91091,88145,90414,85083,164582,10056,10000,5000,10000,13000,0
190000,0,0,0,0,-1,-1,3816,4575,5029,6494,678,11928,1100,1300,2000,678,11514,0,0
190000,0,0,0,0,0,-2,98814,102174,105230,17907,-93,-483,5000,5361,1000,0,0,0,1
190000,0,0,0,0,0,0,26023,24995,23130,28126,26104,18840,1615,1200,26703,2104,7000,11747,0
190000,0,0,0,0,0,0,33798,34931,36064,37160,38237,39464,2000,2000,2000,2000,2000,2000,0
190000,0,0,0,0,0,0,43072,43537,41016,40702,40676,27560,3768,3500,2500,4000,3000,3000,0
190000,0,0,0,0,0,0,76433,78472,80548,81778,83082,84811,3300,3331,3359,2663,2751,3000,0
190000,0,0,0,0,0,0,79584,83108,82179,80874,81720,87685,7007,2912,2871,3501,8001,3234,0
190000,0,0,0,0,0,0,83369,81617,83351,82989,83760,85707,3853,4000,3000,3200,3500,3500,0
190000,0,0,0,0,0,0,86713,75143,43487,34904,108419,75455,3359,13487,1414,40710,43406,2773,1
190000,0,0,0,0,0,0,93359,95376,98954,101512,106708,109639,3404,4954,4512,6708,4639,4793,0
190000,0,0,0,0,0,0,97136,98767,101452,103471,104083,106359,4418,5452,5471,4083,4359,3697,0
190000,0,0,0,0,0,0,106223,103922,106082,95645,89762,91835,7500,16027,9000,2919,3220,22000,0
190000,0,0,0,0,0,0,109023,99265,78430,77653,78395,70849,4000,3507,3003,3003,3510,3500,0
190000,0,0,0,0,0,0,112039,114347,102229,83779,72666,63714,4600,4500,4000,2900,2800,3000,0
190000,0,0,0,0,0,0,140626,114690,110884,111200,87619,92418,8000,5000,12028,5000,10418,5000,0
190000,0,0,0,0,0,0,143464,146943,151905,153538,156664,160361,5795,7408,5645,5753,6370,5865,0
190000,0,0,0,0,0,0,144414,145572,142816,145463,147475,149853,7000,6000,6000,5500,6000,5500,0
190000,0,0,0,0,0,0,146224,149289,152886,156273,159800,162570,5500,6000,6000,6000,6000,6000,0
190000,0,0,0,0,0,0,161248,157952,157663,161039,161907,161729,6500,7000,10000,7000,6500,6000,0
190000,0,0,0,0,0,0,162051,168517,169675,171908,153857,153988,17917,7601,7602,6010,6010,6001,0
190000,0,0,0,0,0,0,181045,184249,158883,99255,80219,81912,8000,7000,4000,3000,3000,3000,0
190000,0,0,0,0,0,0,181295,178857,181463,178984,175131,170136,8019,8008,6700,6800,6324,6120,0
190000,0,0,0,0,0,0,182396,187565,188334,182889,81409,85059,8300,5302,6037,3500,5000,4000,0
190000,0,0,0,0,0,0,182923,183436,162537,157497,155297,153594,8059,7741,7201,4815,4927,5380,1
190000,0,0,0,0,0,0,184136,186387,172506,89806,91744,93903,9000,6500,3500,3500,3800,3600,0
190000,0,0,0,0,0,0,197494,194913,192896,116537,112086,108660,7200,8000,4100,4000,5000,7000,0
190000,0,0,0,2,0,0,6415,8169,10060,10633,11197,11907,2000,2000,1000,1000,1000,1000,0
190000,0,0,0,2,0,0,66506,67540,116043,107533,89331,91477,3000,50030,130,5000,4000,5000,0
190000,0,0,0,2,0,0,106410,108770,115325,112063,114484,121179,5491,9800,0,4300,8700,4500,0
190000,0,0,0,2,2,2,84031,86730,93705,91317,96079,94428,5000,9310,0,7200,0,8000,0
190000,0,0,2,-1,-1,0,43903,53382,21811,2921,107441,108642,10882,0,2921,107441,4000,3700,0
190000,0,0,2,0,0,0,176699,188703,184403,90887,90097,90295,15000,3000,4100,3200,3264,3248,1
190000,0,0,2,0,0,2,138628,156232,152251,153820,163265,166627,21440,0,5600,11950,6200,0,0
190000,1,-2,-2,-2,-2,-2,-18,-18,-18,-18,-18,-18,0,0,0,0,0,0,0
190000,1,-1,0,0,0,0,-4370,82387,83701,85035,86482,88164,87998,3017,3029,3127,3433,3356,0
190000,1,-1,2,0,0,0,-1600,2400,2184,2184,2184,0,4000,0,0,0,0,0,0
190000,1,2,0,0,0,0,115056,108137,89722,69861,49894,49727,0,4413,2942,2000,1583,1500,0
190000,1,2,0,0,0,0,189697,185105,184180,156969,157856,158451,0,9021,6000,5489,5670,6000,1
190000,1,2,0,0,0,0,194487,189894,185512,169728,143260,136901,92,7791,4000,2865,40000,0,0
190000,1,2,2,2,2,2,115049,117856,119570,116284,123528,125478,6000,5000,0,9000,4000,5000,0
190000,2,2,2,2,2,2,36137,37143,38051,38827,39488,40208,1900,1800,1700,1600,1500,1600,1
190000,2,2,2,2,2,2,149411,145613,156765,159386,161870,165725,0,15000,6600,6500,6500,7000,1
190000,6,5,4,3,2,0,254951,237094,218603,202639,199480,188113,0,0,0,0,142000,7000,1
200000,-2,-2,-2,-2,-2,-2,-140,-70,-70,13968,6652,9696,0,0,14038,6684,9744,1046,0
200000,-2,-2,-2,-2,-2,-2,-4,909,6737,6012,5167,3132,913,6737,6031,5167,3132,2290,0
200000,-2,-2,-2,-2,-2,-2,0,0,0,445,2309,-10,0,0,445,2332,10,0,0
200000,-2,-2,-2,-2,-2,-2,0,138,0,0,1675,69,138,0,0,1675,69,39411,0
200000,-2,-2,-2,-2,-2,-2,0,9661,0,23648,575,847,9661,218,23648,575,847,249,0
200000,-2,-2,-2,-2,-2,-2,0,10221,1356,0,984,134,10221,1356,0,984,134,81,0
200000,-2,-2,-2,-2,-2,-2,267,6794,10430,3576,2522,934,6817,10671,3576,2522,934,7764,0
200000,-2,-2,-2,-2,-2,-2,285,0,0,0,292,77,0,0,0,292,77,0,0
200000,-2,-2,-2,-2,-2,-2,390,1799,390,390,418,1604,1799,390,390,418,1604,0,0
200000,-2,-2,-2,-2,-2,-2,500,0,0,0,0,0,0,0,0,0,0,0,0
200000,-2,-2,-2,-2,-2,-2,655,270,880,0,0,0,270,880,0,0,0,0,0
200000,-2,-2,-2,-2,-2,-2,778,504,3724,445,8963,482,506,3742,447,9007,484,489,0
200000,-2,-2,-2,-2,-2,-2,830,-6,-6,657,2088,150,0,0,663,2088,150,594,0
200000,-2,-2,-2,-2,-2,-2,899,-1,-1,228,1374,380,0,0,229,1380,381,3880,0
200000,-2,-2,-2,-2,-2,-2,1380,3706,18145,14163,7909,1485,3706,18458,14170,7909,1485,1302,0
200000,-2,-2,-2,-2,-2,-2,2155,0,1750,4990,1200,676,0,1750,4990,1369,676,2158,0
200000,-2,-2,-2,-2,-2,-2,2167,9003,1301,7066,3486,12191,9003,1301,7070,3688,12191,4760,0
200000,-2,-2,-2,-2,-2,-2,2263,3441,2124,6041,2975,3441,3448,2124,6063,2975,3441,1841,0
200000,-2,-2,-2,-2,-2,-2,2626,15912,1677,315,3042,374,15954,1677,315,3042,374,4500,0
200000,-2,-2,-2,-2,-2,-2,2880,0,0,0,2894,210,0,0,0,2894,210,2595,0
200000,-2,-2,-2,-2,-2,-2,3005,4709,7544,9409,57023,2770,4709,7574,9497,57023,2770,1904,0
200000,-2,-2,-2,-2,-2,-2,3858,2690,3410,0,0,82150,2690,3487,0,0,85900,396,0
200000,-2,-2,-2,-2,-2,-2,6540,17288,3009,20311,15643,5696,17301,3009,26257,15643,5696,12149,0
200000,-2,-2,-2,-2,-2,-2,8695,14323,44326,9353,11156,17725,14329,44452,9355,11156,17725,9289,0
200000,-2,-2,-2,-2,-2,-2,8852,3103,2005,15776,2696,6147,5585,2015,15854,2709,6178,16961,0
200000,-2,-2,-2,-2,-2,-2,20218,25242,3930,0,0,0,25267,3930,0,0,0,0,0
200000,-2,-2,-2,-2,-2,-2,34819,165,1850,1538,165,165,165,1850,1538,165,165,165,0
200000,-2,-2,-2,-2,-2,-2,119139,5844,3666,37005,47376,1292,5844,3694,37177,47376,1292,46626,0
200000,-2,-2,-2,-2,-2,-1,-792,-792,-792,-792,-792,69708,0,792,0,0,70500,1688,1
200000,-2,-2,-2,-2,-1,-1,12716,16164,1954,5297,1483,3393,16244,1963,3359,4849,3410,2994,0
200000,-2,-2,-2,-2,-1,-1,17306,17380,20341,16223,17466,16613,17380,20341,16223,17466,16613,17935,0
200000,-2,-2,-2,-2,-1,0,12322,25851,35691,-24303,38674,30784,13871,74000,882,124264,14692,8640,1
200000,-2,-2,-2,-1,0,0,3000,5752,5028,13784,14482,11836,5752,5028,13800,2900,3100,305,0
200000,-2,-2,-1,-1,0,-1,22701,7940,9855,24091,24583,7354,0,10145,24091,492,7354,9694,0
200000,-2,-2,-1,0,-1,-1,541,-59,6817,7756,8835,13129,59,6876,1009,8837,13129,12184,0
200000,-2,-1,-1,-2,-2,-1,16024,18168,10274,4726,4484,4745,18184,10274,4726,4490,4745,1283,0
200000,-2,-1,0,0,-1,0,3414,6640,7428,10234,5380,7532,6640,1025,10249,5380,5000,2261,0
200000,-2,-1,0,0,0,0,466,161746,153377,134027,135120,136512,161844,5228,5005,5004,5151,5253,0
200000,-2,-1,0,0,0,2,-1883,9208,103360,77818,26276,3235,15143,100057,292,10019,16,810,0
200000,-1,-1,-2,-2,-2,-2,667,0,0,0,0,0,0,0,0,0,0,0,0
200000,-1,-1,-2,-2,-2,-1,6093,4297,15765,3997,4931,429,4310,15818,4009,4945,429,0,0
200000,-1,-1,-2,-1,-1,-2,4608,-200,0,12141,0,0,0,200,12141,0,0,0,1
200000,-1,-1,-1,-2,-2,-2,6699,4856,-3,-3,-3,-3,4880,0,0,0,0,0,0
200000,-1,-1,-1,-1,-2,-2,748,49007,11095,0,0,0,49007,11095,0,0,0,53025,0
200000,-1,-1,-1,-1,-2,-2,1488,4242,8235,0,0,0,4246,8511,0,0,0,2401,0
200000,-1,-1,-1,-1,-2,-1,3035,199602,720,0,0,1500,199646,720,0,0,1500,185652,0
200000,-1,-1,-1,-1,-2,-1,5059,0,16556,0,0,47140,0,16556,0,0,47140,0,0
200000,-1,-1,-1,-1,-1,-2,1543,1109,1048,1294,0,0,1109,1048,1294,0,0,0,0
200000,-1,-1,-1,-1,-1,-2,2603,11381,0,1000,0,0,11381,0,1000,0,0,0,0
200000,-1,-1,-1,-1,-1,-1,105,271,588,111,305,432,271,588,111,305,432,0,1
200000,-1,-1,-1,-1,-1,-1,188,2210,2451,3043,1542,0,2215,2451,3043,1542,0,0,0
200000,-1,-1,-1,-1,-1,-1,390,390,390,561,390,390,390,390,561,390,390,390,0
200000,-1,-1,-1,-1,-1,-1,390,394,388,822,386,540,400,390,830,400,550,310,0
200000,-1,-1,-1,-1,-1,-1,467,2628,287,9471,985,4489,2700,1000,9500,1000,4500,1301,0
200000,-1,-1,-1,-1,-1,-1,780,0,780,387,-3,4540,0,780,387,0,4543,1386,0
200000,-1,-1,-1,-1,-1,-1,909,2708,3514,2297,928,0,2711,3514,2297,928,0,2308,0
200000,-1,-1,-1,-1,-1,-1,1126,390,390,390,540,770,390,390,390,540,770,13993,0
200000,-1,-1,-1,-1,-1,-1,1269,3784,5755,2255,8014,3635,3789,5860,2282,8042,3640,4850,0
200000,-1,-1,-1,-1,-1,-1,1377,528,216,1311,2842,0,792,216,1311,2842,0,623,1
200000,-1,-1,-1,-1,-1,-1,2353,2957,738,4152,2866,1414,3011,747,4164,2874,1418,2148,0
200000,-1,-1,-1,-1,-1,-1,2444,1301,3207,3284,1111,8349,1301,3210,3284,1111,8349,4249,0
200000,-1,-1,-1,-1,-1,-1,3353,5341,5966,3348,5051,7128,5341,5966,3348,5061,7128,4722,0
200000,-1,-1,-1,-1,-1,-1,3540,2914,3601,1717,30616,22849,3028,3919,1726,30802,22963,1335,0
200000,-1,-1,-1,-1,-1,-1,3824,6115,11950,7311,18517,6787,6115,11950,7311,18567,6787,6653,0
200000,-1,-1,-1,-1,-1,-1,4138,790,1230,390,390,390,790,1230,390,390,390,390,1
200000,-1,-1,-1,-1,-1,-1,4735,3668,21602,3760,2925,16751,3679,21666,4971,2933,16759,5010,0
200000,-1,-1,-1,-1,-1,-1,4800,2040,5961,1829,1652,584,2040,5961,1829,1652,584,5430,0
200000,-1,-1,-1,-1,-1,-1,4891,28258,14712,5216,6317,6207,28258,14712,5229,6317,6207,5464,0
200000,-1,-1,-1,-1,-1,-1,4938,2277,1209,0,1440,0,2286,2712,0,1440,0,0,0
200000,-1,-1,-1,-1,-1,-1,9754,55904,8720,4410,1186,28679,56243,8860,4410,1186,28679,0,1
200000,-1,-1,-1,-1,-1,-1,10687,18021,3275,5430,6683,7790,18031,3275,5430,6871,7790,8901,0
200000,-1,-1,-1,-1,-1,-1,10755,9981,7843,6335,4616,7956,10120,7852,6336,4622,7956,5499,0
200000,-1,-1,-1,-1,-1,-1,14753,3670,5865,1303,4579,1107,3670,5865,1303,4579,1107,2109,0
200000,-1,-1,-1,-1,-1,-1,15140,18028,16456,15370,14966,16230,18044,16474,15392,14972,16240,14960,0
200000,-1,-1,-1,-1,-1,-1,15456,46620,22935,8335,971,4278,46722,22985,8346,971,4296,21767,0
200000,-1,-1,-1,-1,-1,-1,16964,317,1169,3175,153,0,317,1169,3178,153,0,0,0
200000,-1,-1,-1,-1,-1,-1,22413,890,1649,2121,0,51110,890,1649,2121,0,51110,1053,0
200000,-1,-1,-1,-1,-1,0,170,1512,-15,1067,2176,3378,1525,0,1082,2179,2013,165,1
200000,-1,-1,-1,-1,-1,0,8028,3729,-19,3920,4452,685,3747,0,3939,4470,3,1064,0
200000,-1,-1,-1,-1,0,-1,1992,8287,9427,2040,16338,2076,8290,9427,2240,16000,2076,833,0
200000,-1,-1,-1,-1,0,-1,4640,17950,13056,2500,500,500,18116,13113,2522,0,500,500,0
200000,-1,-1,-1,-1,0,-1,10118,2105,483,5452,389,389,2106,486,6175,1,390,390,0
200000,-1,-1,-1,-1,0,-1,11418,2541,10599,13865,6177,5519,2541,10599,13865,0,5519,2358,0
200000,-1,-1,-1,-1,0,0,2104,998,846,12319,19206,17034,1003,848,12323,8026,3083,6424,0
200000,-1,-1,-1,-1,0,0,3450,12113,16152,19443,19189,13947,12174,16239,19446,529,400,277,0
200000,-1,-1,-1,-1,0,0,5392,1938,4819,13074,2070,0,1938,4819,13074,0,0,790,0
200000,-1,-1,-1,-1,0,0,8177,1989,382,10383,7030,0,2453,382,10383,0,3036,0,0
200000,-1,-1,-1,-1,0,0,11399,395,5094,9204,9403,4602,400,9500,9250,5000,0,5000,0
200000,-1,-1,-1,0,0,-1,389,389,1167,778,389,389,390,1168,1,1,390,778,0
200000,-1,-1,-1,0,0,-1,1662,2482,19272,22388,21105,3471,2482,19272,10004,10000,3471,13754,0
200000,-1,-1,-1,0,0,-1,11715,5209,10634,10982,1966,4883,5289,10641,2011,9,4890,15,0
200000,-1,-1,-1,0,0,-1,14279,3904,24274,5196,4996,16890,3904,24277,4996,0,16890,6077,0
200000,-1,-1,-1,0,0,0,871,665,960,4242,4084,7414,665,960,3908,1014,3500,2880,0
200000,-1,-1,-1,0,0,0,4935,-200,11463,11751,11772,5318,0,11663,9363,3232,3000,1000,0
200000,-1,-1,-1,2,2,-2,4571,0,2983,2780,0,0,0,2983,0,0,0,3125,0
200000,-1,-1,0,-1,-1,-1,3877,11496,5935,295,1867,0,11496,1011,297,2923,0,0,0
200000,-1,-1,0,0,-2,-1,73032,12928,88930,30000,67861,18929,12928,79365,30000,37861,18929,15004,0
200000,-1,-1,0,0,0,-1,1041,1053,3042,1381,1381,27106,2000,2011,0,0,27106,35200,0
200000,-1,-1,0,0,0,0,528,13921,14943,14692,14733,14820,13921,1528,500,528,655,284,0
200000,-1,-1,0,0,0,0,1801,9483,60571,57990,9568,82,9556,60025,5032,5054,5000,3000,0
200000,-1,-1,2,-1,-1,-1,38783,62793,1286,1117,1117,0,26286,0,1117,1117,0,1128,0
200000,-1,-1,2,0,0,-1,780,390,1170,780,0,390,390,780,0,0,390,780,0
200000,-1,0,-1,0,-1,-1,8143,39869,38685,22125,17778,24354,39100,38759,102,17868,25125,35031,0
200000,-1,0,0,0,0,0,154875,140376,129962,124282,118956,121449,5216,8000,20000,15653,3793,10000,0
200000,-1,2,-1,-1,-1,-1,1626,730,3049,700,2423,2210,233,3049,700,2423,2210,1233,0
200000,-1,2,-1,-1,-1,-1,3850,2025,1926,3263,1580,16874,6,1931,3267,7,17894,2508,0
200000,-1,2,2,-1,0,-1,2070,3250,0,1500,750,750,2500,0,2250,0,750,845,0
200000,-1,2,2,2,0,0,8934,5264,6769,2487,1857,0,0,2491,0,0,0,4313,0
200000,0,0,-2,-2,-2,-2,61650,0,0,0,0,0,0,0,0,0,0,0,1
200000,0,0,-2,-2,-2,-2,98700,0,0,0,0,-3500,0,1000,0,0,0,3976,0
200000,0,0,-2,-2,-2,-2,120869,0,0,0,0,0,0,0,0,0,0,0,0
200000,0,0,-2,-2,-2,-2,156786,179,1443,1443,1443,871,179,1443,1443,1443,871,2015,0
200000,0,0,-2,-2,-2,-2,205150,0,0,0,0,0,0,0,0,0,0,0,0
200000,0,0,-2,-2,-2,-2,205150,0,0,0,0,0,0,0,0,0,0,0,0
200000,0,0,-2,-2,-2,-2,205150,0,0,0,0,0,0,0,0,0,0,0,0
200000,0,0,-2,-1,-1,-2,2893,0,230,2059,0,0,0,230,2059,0,0,0,0
200000,0,0,-1,0,0,-2,205277,127,3627,6303,73,-63,269,3700,3000,390,128,90000,0
200000,0,0,-1,2,2,2,26465,20435,8475,8162,10962,7350,1000,8475,0,3000,0,7505,0
200000,0,0,0,-2,-2,-2,19252,10000,0,0,0,0,1000,0,0,0,0,0,0
200000,0,0,0,-1,-1,0,97645,99894,97400,4283,145769,143712,3952,4500,4283,148192,5133,5108,0
200000,0,0,0,0,-2,-2,8350,4750,5134,245,56,167,2001,1001,501,201,501,501,0
200000,0,0,0,0,-2,-2,193097,199873,205150,0,0,0,10000,10000,0,0,0,0,0
200000,0,0,0,0,-1,-1,87035,79529,67675,56519,11884,14343,2915,2646,2208,12503,14869,0,0
200000,0,0,0,0,-1,0,21111,25562,8603,28692,29019,43308,5000,5000,20089,30000,15093,15051,0
200000,0,0,0,0,-1,2,73494,82253,179964,-36,5654,804,10000,100000,0,5690,0,4421,0
200000,0,0,0,0,0,-2,19326,20330,21362,22000,2000,950,1330,1362,1000,2000,950,0,0
200000,0,0,0,0,0,-2,25483,31537,34114,29982,-18,-18,6541,5351,200,0,0,0,0
200000,0,0,0,0,0,-1,1698,2751,3665,4665,6665,150,1086,1000,1000,2000,150,776,0
200000,0,0,0,0,0,0,5481,6430,4494,4771,9454,8595,1068,1140,1000,5000,3000,3000,0
200000,0,0,0,0,0,0,14956,9023,4963,5418,5131,5741,5000,1155,1000,103,1000,109,0
200000,0,0,0,0,0,0,15126,14633,14918,16992,8967,8494,3000,2000,5000,2000,1000,2000,0
200000,0,0,0,0,0,0,18564,77518,82794,80248,64174,51204,60000,20000,20248,45000,40000,54600,0
200000,0,0,0,0,0,0,18630,15996,16304,14973,20542,15810,1502,1200,300,7000,8000,4000,0
200000,0,0,0,0,0,0,21464,22065,23382,21522,8815,4280,2000,2000,1128,4280,0,0,0
200000,0,0,0,0,0,0,22065,23382,21522,8815,4280,0,2000,1128,4280,0,0,0,0
200000,0,0,0,0,0,0,34760,37871,39879,42946,46141,46305,4000,3000,4000,4000,3000,3000,0
200000,0,0,0,0,0,0,38540,38898,39669,40167,37162,36557,1928,1699,1557,1279,962,2178,0
200000,0,0,0,0,0,0,38564,38246,32253,30384,30900,0,5000,1485,1956,1500,0,2102,0
200000,0,0,0,0,0,0,38616,40612,32801,14664,17092,18820,3040,1306,3400,3000,2000,0,0
200000,0,0,0,0,0,0,39723,40586,44233,45124,46252,47207,1353,4000,1267,1500,1500,1500,0
200000,0,0,0,0,0,0,47517,8219,9000,10000,11340,0,1219,1000,1000,1340,0,0,0
200000,0,0,0,0,0,0,50925,51519,53693,55506,63261,52979,2455,2629,2442,10000,1502,1517,0
200000,0,0,0,0,0,0,51024,27254,36052,38440,40555,49699,10000,10021,5000,6000,10000,10000,0
200000,0,0,0,0,0,0,52935,51971,51341,49090,50009,51076,2500,2200,2500,3500,3000,3000,0
200000,0,0,0,0,0,0,53643,54300,55039,55712,56421,57203,1765,1828,1811,1816,1880,4123,0
200000,0,0,0,0,0,0,59373,55040,54414,53504,53670,45539,6002,3008,2006,2045,1346,1196,0
200000,0,0,0,0,0,0,60068,50636,41265,49072,11314,11816,2500,2626,9412,500,1000,500,0
200000,0,0,0,0,0,0,62574,63814,65265,66234,62356,55080,2278,2473,2161,2075,1973,2000,0
200000,0,0,0,0,0,0,63314,64699,66029,66836,68390,69800,3000,3000,2500,2632,2700,3500,0
200000,0,0,0,0,0,0,64195,65565,66870,68752,70485,71887,3000,3000,3000,3000,2575,3000,0
200000,0,0,0,0,0,0,66012,68099,70387,71929,58133,40500,2500,2700,2242,2093,1300,0,0
200000,0,0,0,0,0,0,66052,68994,70825,73902,74943,76996,3800,3300,4000,2600,3000,3000,0
200000,0,0,0,0,0,0,66471,67010,67627,68085,69445,71242,2387,2485,2414,2434,2863,3000,0
200000,0,0,0,0,0,0,67002,76429,94564,95859,99593,101834,10000,18900,3000,4524,3084,3242,0
200000,0,0,0,0,0,0,69106,70393,73220,74419,76078,77822,3000,4000,3000,3000,3000,3000,0
200000,0,0,0,0,0,0,69817,71272,76740,67480,68843,70266,2049,6104,1839,1862,1918,2149,0
200000,0,0,0,0,0,0,72853,73688,56073,57790,58356,60135,2933,2100,2659,2100,2700,2599,0
200000,0,0,0,0,0,0,75014,77044,80096,82269,85093,86870,3190,4195,4300,5000,3196,3231,0
200000,0,0,0,0,0,0,75811,77554,79418,80608,81297,83602,4001,3501,3501,3001,4001,4001,0
200000,0,0,0,0,0,0,78201,80895,82692,86305,88961,92513,4000,4000,5000,5000,5000,5000,0
200000,0,0,0,0,0,0,91415,79928,23532,23632,12852,5799,20387,2023,5060,1549,3029,8419,0
200000,0,0,0,0,0,0,97584,75187,72556,63524,49914,18068,3600,2500,3000,2000,2000,2000,0
200000,0,0,0,0,0,0,99483,97546,98897,94943,96967,99016,4841,4300,3300,3361,3500,3206,1
200000,0,0,0,0,0,0,103138,94638,88227,82087,75285,78872,3929,4000,4000,3000,13000,13000,0
200000,0,0,0,0,0,0,105729,106296,110031,112410,128894,131588,3806,5449,5694,20000,4774,5101,0
200000,0,0,0,0,0,0,107001,108619,110149,110333,85201,84809,5000,5000,5000,3000,5000,10000,1
200000,0,0,0,0,0,0,108174,111378,113751,110828,110592,103734,5000,4200,3820,4000,3760,4006,1
200000,0,0,0,0,0,0,110006,76950,63834,56768,58826,67577,5000,2183,2059,3000,9751,3000,0
200000,0,0,0,0,0,0,110778,111431,96867,77140,81849,78046,3796,4262,2645,5834,2771,2945,1
200000,0,0,0,0,0,0,111664,113884,116545,120396,121486,121518,4080,4500,5800,4500,5000,5000,0
200000,0,0,0,0,0,0,112133,116017,119576,121954,124517,127441,5693,7000,4362,4525,5000,5000,0
200000,0,0,0,0,0,0,116070,111996,88327,73717,56921,48160,5096,2700,4017,7921,10160,5594,0
200000,0,0,0,0,0,0,125854,127843,131352,130884,132142,118084,4775,6579,4734,4368,4183,4227,0
200000,0,0,0,0,0,0,132436,133530,137837,140609,141896,151082,4780,6459,6550,5106,11500,0,1
200000,0,0,0,0,0,0,136264,138994,142744,146363,149920,153107,5000,6000,6000,6000,6000,6000,0
200000,0,0,0,0,0,0,143994,102211,54762,55858,56338,57360,4767,2573,2604,1997,2228,2094,0
200000,0,0,0,0,0,0,146206,150404,154977,157166,160870,164101,5404,5854,5000,5000,4600,5000,0
200000,0,0,0,0,0,0,148646,132606,136183,127438,124816,92037,5000,8500,3500,3000,25000,70000,0
200000,0,0,0,0,0,0,151819,154914,157776,160520,163878,167872,6000,5769,5411,5603,6367,4500,0
200000,0,0,0,0,0,0,157222,160320,162140,165431,168726,172430,7200,5888,5990,6031,6415,6301,0
200000,0,0,0,0,0,0,173103,176817,180416,184018,188151,199766,6500,6546,6600,7100,15000,0,0
200000,0,0,0,0,0,0,180680,184436,188181,190775,196449,192085,8155,8302,7225,10153,6987,5262,0
200000,0,0,0,0,0,0,181532,179645,180615,180127,166755,167416,8218,7912,6284,6313,6200,6419,0
200000,0,0,0,0,0,0,183464,184391,169311,165686,162639,165627,7197,7035,7032,6008,7002,6523,0
200000,0,0,0,0,0,0,184697,186660,77221,110294,68214,72103,8001,5000,35000,6000,5000,5000,0
200000,0,0,0,0,0,0,189740,194328,196018,189865,193703,199154,6450,6600,5350,5500,7100,5500,0
200000,0,0,0,0,0,0,190123,194059,194464,76223,77822,80598,8487,5105,3000,2828,4073,1794,0
200000,0,0,0,0,0,0,192698,196484,177001,100908,98873,95548,8135,7163,3783,3766,3500,4000,0
200000,0,0,0,0,0,0,192743,196031,196143,189524,167163,146975,9003,7300,7108,7680,6200,5000,0
200000,0,0,0,0,0,0,192821,196113,202774,176737,147151,148866,8000,10120,6500,5500,7000,6000,0
200000,0,0,0,0,0,0,194283,196485,197597,152670,134645,141557,7520,6700,5130,4800,9000,5150,0
200000,0,0,0,0,0,0,195456,199692,171784,175197,179069,189686,8007,6300,6276,6701,13800,0,0
200000,0,0,0,0,0,0,196845,189104,183255,147612,148088,99985,8990,7000,5500,6000,4220,3610,0
200000,0,0,0,0,0,0,197142,198367,96731,67431,60690,60442,9197,3700,6478,2114,2337,2401,0
200000,0,0,0,0,0,0,199649,202127,198168,189696,192462,194025,7263,7266,7000,7940,7009,7000,0
200000,0,0,0,0,0,0,199891,198608,115177,116226,139737,187728,8500,6000,4000,25000,50000,70000,1
200000,0,0,0,0,0,0,201598,198373,152601,105588,73886,198487,10100,6700,5500,4500,127600,7500,0
200000,0,0,0,0,0,2,7468,34399,36792,49648,33498,30895,30035,10008,15011,5010,153,14100,0
200000,0,0,0,0,0,2,132589,135286,139725,142605,149894,153054,4900,6600,6700,11200,5700,5900,1
200000,0,0,0,0,0,2,184505,182475,180103,180647,76236,71415,8000,7512,8034,5600,0,2700,0
200000,0,0,0,0,2,0,219146,212111,206307,204787,195475,191626,7950,7700,11800,4000,10000,10000,0
200000,0,0,0,2,0,0,120515,117292,24612,19527,16471,13408,3030,4452,0,708,656,1000,0
200000,0,0,0,2,2,0,105433,108408,116094,116289,112011,106313,5498,11084,3800,0,4005,2911,0
200000,0,0,2,0,0,0,24720,20982,20398,19888,22713,19405,3000,0,8000,5000,3000,0,0
200000,0,0,2,0,0,0,25334,26203,25652,25162,24995,23901,2204,1004,1004,1013,2018,4,0
200000,0,0,2,2,2,2,145090,151564,115836,122359,122588,119266,12000,0,10000,5000,0,6000,0
200000,0,0,2,2,2,2,159215,172029,167856,179126,174748,179337,15500,0,14100,0,7400,13000,1
200000,0,0,3,2,2,2,154090,172516,168401,164199,174420,178485,21000,0,0,13000,7000,1170,1
200000,1,-2,-2,-2,-2,-2,-768,-768,-768,-768,-768,-768,0,0,0,0,0,1536,0
200000,1,-2,-2,-2,-2,-2,-40,-40,-40,-40,-40,-40,0,0,0,0,0,0,0
200000,1,-2,-2,-2,-2,-2,0,0,0,0,0,0,0,0,0,0,0,246,1
200000,1,-2,-2,-2,-2,-2,0,0,0,0,0,0,0,0,0,0,0,1433,0
200000,1,-2,-2,-2,-2,-2,736,736,736,736,736,316,736,736,736,736,316,1156,0
200000,1,-2,-2,-2,-2,-1,0,0,0,0,0,688,0,0,0,0,688,0,0
200000,1,-2,-2,-2,-2,-1,0,0,0,0,0,900,0,0,0,0,900,880,0
200000,1,-2,-2,-2,-1,2,-390,-390,-390,-391,710,321,0,0,0,1101,1,13988,0
200000,1,-2,-2,-1,0,-1,-95,-95,-95,5,1005,21,0,0,100,1000,500,0,0
200000,1,-2,-2,-1,0,0,0,0,0,1517,48669,49635,0,0,1517,48000,1775,1992,1
200000,1,-2,-1,-1,-2,-2,-58,-58,2786,0,116,0,0,2844,0,116,0,0,0
200000,1,-2,-1,-1,-2,-1,-14386,-13543,3432,-3684,0,1386,10118,47015,0,4000,100000,10000,0
200000,1,-2,-1,-1,-2,-1,0,0,650,0,0,89,0,650,0,0,89,0,0
200000,1,-2,-1,-1,-1,-2,0,0,3614,714,0,0,0,3614,721,0,0,6728,1
200000,1,-2,-1,-1,-1,-1,0,0,1000,34614,749,0,0,1000,34614,749,0,0,0
200000,1,-2,-1,-1,-1,-1,0,0,6372,1957,0,596,0,6372,1957,0,596,789,0
200000,1,-2,-1,-1,-1,-1,12099,0,1540,0,3045,0,0,1540,0,3045,0,0,0
200000,1,-2,-1,0,-1,-1,0,0,6331,6460,630,500,0,6331,129,630,500,0,0
200000,1,-2,-1,0,0,0,26223,-137,73284,65428,65820,2859,0,73421,1309,392,2859,1250,0
200000,1,-1,-1,-2,-2,-1,0,2920,0,0,0,6753,2920,0,0,0,6753,0,1
200000,1,-1,-1,-1,-1,-1,-186,846,1350,13524,570,2622,1032,1350,13534,570,2622,1050,0
200000,1,-1,-1,-1,-1,-1,-2,758,998,668,9815,36870,760,1000,670,9852,40063,1049,0
200000,1,-1,-1,-1,-1,-1,0,1870,1000,0,1275,543,1870,1000,0,1275,543,0,0
200000,1,-1,-1,-1,-1,-1,0,35000,5000,4000,22800,5716,35000,5000,4000,22800,5716,0,0
200000,1,-1,-1,-1,-1,0,777,14893,5635,7518,13226,13845,15103,5652,7529,13226,4906,4666,0
200000,1,-1,-1,-1,0,0,2500,9814,0,4379,1699,0,9814,0,4379,0,0,0,1
200000,1,-1,-1,0,-1,-1,-5,3465,3191,1873,90687,4577,3470,3191,0,90729,0,6266,0
200000,1,-1,-1,2,0,0,59466,2970,1085,769,453,137,7970,1100,0,0,0,0,0
200000,1,-1,0,0,-1,-1,0,928,1280,1675,97,138,928,1000,1000,97,138,0,0
200000,1,-1,0,0,0,0,-7082,12270,29787,32040,7773,12681,21179,20000,3000,1000,5000,500,0
200000,1,-1,2,-1,2,2,-400,163,163,2231,2048,4732,563,0,2250,0,2732,0,0
200000,1,2,-1,-1,-1,-1,18354,9000,9306,9306,9000,9000,0,9306,9306,9000,9000,9300,0
200000,1,2,0,0,0,0,14460,12825,13810,14815,16347,17531,0,1502,2000,2000,1513,1504,0
200000,1,2,0,0,0,0,119432,116014,119576,123551,129486,133262,0,5000,5000,7000,5000,5000,1
200000,1,2,0,0,0,0,124652,109401,63518,14607,16399,18026,6,5000,2000,2000,2000,20000,0
200000,1,2,0,0,0,0,204212,186635,137983,82191,83964,86067,0,4075,3000,3100,4400,2930,0
200000,1,2,0,0,0,0,204441,198879,202466,168015,169799,171981,0,8555,10000,6500,7103,6000,0
200000,1,2,0,0,2,2,16198,14320,15439,14757,14275,13680,0,5000,1000,0,2000,0,0
200000,1,2,2,0,0,0,203108,206084,187747,159746,140632,143092,7500,0,6014,5000,6000,5000,1
200000,1,2,2,2,0,0,185471,189921,193731,189136,191335,202780,9000,8300,0,6800,14500,0,0
200000,1,2,2,2,2,2,18726,18141,20838,20217,22896,22400,0,3000,0,3000,0,3000,1
200000,1,2,2,2,2,2,73459,76308,78669,75995,79781,81533,4500,4000,0,5500,3000,0,0
200000,1,2,2,2,2,2,182499,184632,180260,192260,187714,195702,6600,0,15000,0,11013,5549,1
200000,1,2,2,3,2,2,182307,186128,197509,193046,194368,182903,8300,15900,200,6100,7000,0,1
200000,1,2,3,2,3,2,133797,144095,140383,146531,142795,136981,14000,0,10000,0,0,5100,1
200000,2,-1,-1,-1,-2,-2,7300,3238,2655,2200,0,0,3238,2655,0,0,0,1966,1
200000,2,-1,-1,-1,-1,-1,1810,3388,-12,1081,1884,2089,3405,0,1093,1893,2097,7132,0
200000,2,0,0,0,-2,-2,43272,21546,4397,0,0,0,2000,2000,0,0,0,0,1
200000,2,0,0,0,0,0,58118,205712,194265,139360,82750,0,150000,7673,5000,5000,0,0,0
200000,2,0,0,0,0,0,159398,156955,132144,119136,122211,125021,6163,4530,4500,5000,5000,5000,1
200000,2,0,0,0,0,0,188553,192100,126343,125700,126448,81008,8011,5203,4000,5000,3001,3000,0
200000,2,0,0,0,0,0,194281,188638,190824,133233,115882,117534,7332,5818,4451,4472,3850,3602,0
200000,2,0,0,0,0,0,203340,205172,198577,141141,144216,144027,8064,9474,4944,5240,5214,10314,0
200000,2,2,2,0,0,0,191406,201756,197185,146021,147473,147669,15100,3028,5169,5400,5306,5232,1
200000,2,2,2,2,-1,-1,150,150,150,150,2500,0,0,0,0,2500,0,0,1
200000,2,2,2,2,2,2,76308,78669,75995,79781,81533,80243,4000,0,5500,3000,0,6100,1
200000,2,2,2,2,2,2,91140,93011,90634,95464,99894,98171,4200,0,7260,6100,0,3800,1
200000,2,2,2,2,2,2,168289,172001,175281,177895,180078,184048,8000,7500,7000,6600,7000,7100,0
200000,2,2,2,2,2,2,199436,202947,193936,196186,200162,189915,8214,7000,6800,7134,0,6836,1
200000,2,2,4,4,4,4,2500,2500,2500,2500,2500,2500,0,0,0,0,0,0,1
200000,2,2,7,7,7,7,2443,2443,2443,2443,2443,2443,0,0,0,0,0,0,1
200000,3,2,2,2,2,2,2500,2500,2500,2500,2500,2500,0,0,0,0,0,0,1
200000,3,2,2,2,2,2,2500,2500,2500,2500,2500,2500,0,0,0,0,0,0,1
200000,3,2,2,2,2,2,2500,2500,2500,2500,2500,2500,0,0,0,0,0,0,1
200000,3,2,2,2,2,2,5000,5000,5000,5000,5000,5000,0,0,0,0,0,0,1
200000,3,2,2,7,7,7,2443,2443,2443,2443,2443,2443,0,0,0,0,0,0,1
210000,-2,-2,-2,-2,-2,-2,-200,-200,-200,0,2000,0,0,0,200,2000,0,0,0
210000,-2,-2,-2,-2,-2,-2,0,70,24329,780,0,1615,70,24259,780,0,1615,8198,0
210000,-2,-2,-2,-2,-2,-2,0,8333,0,0,0,0,8333,0,0,0,0,0,0
210000,-2,-2,-2,-2,-2,-2,191,376,569,378,378,378,376,569,378,378,378,378,0
210000,-2,-2,-2,-2,-2,-2,245,245,141,-104,-104,-104,245,141,88,0,0,0,0
210000,-2,-2,-2,-2,-2,-2,467,2050,416,416,416,416,2050,416,416,416,416,416,0
210000,-2,-2,-2,-2,-2,-2,524,4581,248,1448,398,150,4581,300,1448,398,150,2043,0
210000,-2,-2,-2,-2,-2,-2,1662,13877,7600,5546,1241,1801,13934,7735,5551,1241,1801,1359,0
210000,-2,-2,-2,-2,-2,-2,2361,652,401,63,684,0,652,401,63,684,0,0,0
210000,-2,-2,-2,-2,-2,-2,4065,0,4160,2540,1055,0,0,4160,2540,1055,0,408,0
210000,-2,-2,-2,-2,-2,-2,7542,-78,15611,502,781,754,0,15689,504,784,757,2005,0
210000,-2,-2,-2,-2,-2,-2,28435,7615,0,0,0,0,7637,0,0,0,0,14263,0
210000,-2,-1,-1,-1,-1,-1,1649,1000,0,1761,675,752,1000,0,1761,675,752,1104,0
210000,-1,-1,-2,-2,-2,-1,280,0,0,0,0,14202,0,0,0,0,14202,2903,0
210000,-1,-1,-2,-1,0,0,3857,0,0,95438,96317,98400,0,0,95438,3393,3580,3998,0
210000,-1,-1,-1,-2,-1,-1,194,6479,-200,-200,23560,0,6479,0,0,23760,0,0,1
210000,-1,-1,-1,-2,-1,-1,300878,2250,0,0,692,1560,2250,0,0,692,1560,1838,0
210000,-1,-1,-1,-1,-2,-2,2501,639,699,0,0,0,639,699,0,0,0,0,1
210000,-1,-1,-1,-1,-1,-1,90,90,90,90,180,90,90,90,90,180,0,90,1
210000,-1,-1,-1,-1,-1,-1,190,-310,1527,1901,0,2706,0,3054,2189,0,2706,0,0
210000,-1,-1,-1,-1,-1,-1,291,291,291,291,441,291,291,291,291,441,291,291,0
210000,-1,-1,-1,-1,-1,-1,396,396,396,396,1911,396,396,396,396,1911,396,396,0
210000,-1,-1,-1,-1,-1,-1,1154,1368,1080,1567,788,0,1368,1080,1567,788,0,1638,1
210000,-1,-1,-1,-1,-1,-1,1582,326,3632,1967,3952,10330,326,3632,1967,3985,10330,8000,1
210000,-1,-1,-1,-1,-1,-1,1729,1262,6867,2271,1054,1197,1315,6867,2271,1054,1197,701,0
210000,-1,-1,-1,-1,-1,-1,1792,4339,4049,345,650,3217,4369,4049,348,650,3217,3912,1
210000,-1,-1,-1,-1,-1,-1,2201,3571,987,2467,3319,5387,3571,987,2469,3319,5387,1607,0
210000,-1,-1,-1,-1,-1,-1,3088,5045,8024,1292,1000,3340,5056,8042,1292,1000,3340,7941,0
210000,-1,-1,-1,-1,-1,-1,3094,565,1188,2667,546,578,565,1188,2667,546,578,2769,0
210000,-1,-1,-1,-1,-1,-1,3096,5260,3298,2972,975,3441,5260,3298,2972,975,3441,1666,0
210000,-1,-1,-1,-1,-1,-1,4137,390,390,4962,0,780,390,390,4962,0,780,6668,1
210000,-1,-1,-1,-1,-1,-1,4341,402,11305,1368,2684,1397,402,11401,1368,2684,1397,0,0
210000,-1,-1,-1,-1,-1,-1,7655,1644,2258,8241,428,3537,1644,2261,11008,428,3537,0,0
210000,-1,-1,-1,-1,-1,-1,10240,-660,117,4890,-356,4644,0,5000,5000,0,5000,1000,0
210000,-1,-1,-1,-1,-1,-1,10635,9921,2570,14722,11220,14800,10046,2570,14722,11220,14800,7250,0
210000,-1,-1,-1,-1,-1,-1,12555,560,5287,2000,900,406,560,5287,2000,900,406,900,0
210000,-1,-1,-1,-1,-1,-1,110346,41986,21874,20076,16171,586,41986,21874,20076,16171,586,19777,0
210000,-1,-1,-1,-1,-1,0,326,326,326,326,652,326,326,326,326,652,0,326,1
210000,-1,-1,-1,-1,-1,0,390,390,390,390,980,590,390,390,390,980,0,1288,0
210000,-1,-1,-1,-1,0,-1,349,10128,19631,23906,373,3073,10152,19631,23906,0,3073,7418,1
210000,-1,-1,-1,-1,2,-1,27371,871,871,2042,1021,1666,871,871,2042,0,1666,316,0
210000,-1,-1,-1,0,-1,-1,1631,1024,1520,916,586,1466,1024,1520,0,586,1466,427,0
210000,-1,-1,-1,0,-1,-1,6808,4954,8739,5420,4450,4064,4960,8747,8,4450,4064,3870,0
210000,-1,-1,-1,0,0,-2,1888,320,1403,418,-16,-342,320,1409,0,0,0,2108,1
210000,-1,-1,-1,0,0,-1,836,4247,17162,12949,12023,7324,4278,17213,6015,2083,7360,12142,0
210000,-1,-1,-1,0,0,0,22861,6437,61813,59024,63483,58991,6536,72037,5015,12000,5000,5000,0
210000,-1,-1,-1,0,0,0,25650,1360,31793,32943,30019,30657,1360,31793,1943,819,763,2280,0
210000,-1,-1,-1,2,-1,0,1890,3037,2429,823,1089,1451,3037,1200,0,1089,1201,1031,0
210000,-1,-1,0,0,0,0,5130,15266,11423,9329,12329,10039,15266,2500,1200,3000,1077,2104,0
210000,-1,-1,2,-1,-1,-1,1748,2488,740,2048,740,740,2488,0,2048,740,740,740,0
210000,-1,-1,2,-1,-1,-1,8817,23634,21776,9631,1561,1990,23776,0,9631,1561,1990,7967,1
210000,-1,-1,2,0,-1,-1,576,3578,34,10734,30367,8193,3578,0,10700,30367,19644,4431,0
210000,-1,-1,2,2,-1,-1,2360,4707,4465,0,9306,5855,4465,0,0,9306,5855,9840,0
210000,-1,0,-1,-1,-1,0,23375,21829,11057,26520,27894,18772,20000,12000,27000,30000,10000,21000,0
210000,-1,0,0,0,0,0,47718,233289,227143,221126,215358,163444,199000,7613,7116,6980,5813,5762,0
210000,-1,0,0,0,0,0,103591,104103,70449,66311,26802,25029,3831,3357,2098,610,763,1131,0
210000,-1,2,-1,-1,-1,0,780,390,390,390,780,390,0,780,390,780,0,390,1
210000,-1,2,2,-1,-1,-1,970,2273,1303,5385,1814,0,1303,3,5387,1814,0,0,0
210000,0,0,-2,-2,-1,-1,2960,0,0,0,198,0,0,0,0,198,0,0,0
210000,0,0,-1,-1,-1,-1,24547,48302,4549,3085,7300,6583,4519,9098,3085,7300,6583,5060,1
210000,0,0,-1,-1,-1,0,25806,5861,1666,1010,300,300,1035,1666,1010,300,0,4817,0
210000,0,0,0,-2,-2,-2,81582,82768,654,628,302,476,4000,1584,300,0,500,476,0
210000,0,0,0,-1,-1,-1,44933,38542,39332,11140,8463,10406,1793,8242,12000,8534,11000,7500,0
210000,0,0,0,-1,-1,0,145499,107712,-564,4270,143607,144505,4751,0,6000,143754,5000,5314,0
210000,0,0,0,0,-2,-2,179248,21612,5259,-243,-243,-243,3151,2000,0,0,0,0,0
210000,0,0,0,0,-1,-1,9899,6000,4100,0,10790,7373,1008,1000,0,10790,7373,0,0
210000,0,0,0,0,-1,0,149092,153941,157358,3561,34600,32581,7000,7600,1019,36500,3000,3000,0
210000,0,0,0,0,0,-1,206446,202462,173236,84302,25876,140066,8139,10007,5609,2000,151139,6000,1
210000,0,0,0,0,0,0,7788,8801,9825,10838,12652,13060,1149,1173,1186,2000,1000,1000,0
210000,0,0,0,0,0,0,10968,12480,16919,11775,13275,24901,2000,6016,1000,1500,13000,500,0
210000,0,0,0,0,0,0,15637,17560,16765,18641,18654,16229,3017,3023,5014,5012,2012,2010,0
210000,0,0,0,0,0,0,18896,19777,20803,21816,22250,22716,1500,1350,1363,797,825,829,0
210000,0,0,0,0,0,0,26847,26883,27180,27035,27390,28045,1500,1500,1000,1500,2000,1000,0
210000,0,0,0,0,0,0,40236,29230,24717,26563,22812,13620,2200,1854,2700,0,0,0,0
210000,0,0,0,0,0,0,40985,41028,42041,42842,43757,45403,1987,2000,1800,1757,2533,2030,1
210000,0,0,0,0,0,0,45685,29287,19689,20629,21193,21484,1609,1362,1302,866,742,1000,0
210000,0,0,0,0,0,0,48540,38410,40291,31869,32186,25554,4000,5013,4000,5000,5000,5000,0
210000,0,0,0,0,0,0,52143,53182,54331,55827,57295,58571,2500,2600,3000,3000,2200,2300,0
210000,0,0,0,0,0,0,54717,55522,54929,55696,54773,51616,2017,1900,1900,1925,1845,1886,0
210000,0,0,0,0,0,0,69937,71906,43308,44584,47842,49888,3500,3000,2000,4000,3000,10000,0
210000,0,0,0,0,0,0,73329,74261,75602,76062,76287,76971,2700,3500,3300,3000,3000,3000,0
210000,0,0,0,0,0,0,73415,76188,78276,81246,78971,80359,4002,4000,4323,3501,3000,2700,0
210000,0,0,0,0,0,0,78632,49707,37998,32062,27056,15955,2000,2200,2008,2000,5000,5000,0
210000,0,0,0,0,0,0,79453,61742,65068,73934,74752,82638,3000,5000,10000,2800,10000,5000,1
210000,0,0,0,0,0,0,79662,25442,26823,32032,37457,43814,3000,1791,6000,6000,7000,5000,0
210000,0,0,0,0,0,0,87292,89534,89173,91489,93463,95021,4600,3789,3811,3465,3186,4389,0
210000,0,0,0,0,0,0,87909,86769,85001,83811,82399,81434,4100,3500,3113,3000,3331,2546,0
210000,0,0,0,0,0,0,88309,89755,90031,70660,71172,71844,4500,3600,3100,2900,2600,2700,0
210000,0,0,0,0,0,0,88498,168938,79989,69800,54256,48256,3555,2253,1404,1085,1652,5595,0
210000,0,0,0,0,0,0,89519,50144,52148,50723,43200,17556,20033,10000,5012,1251,2007,10125,0
210000,0,0,0,0,0,0,104701,106134,108423,91143,82733,74125,4002,5000,3500,3000,2700,5000,0
210000,0,0,0,0,0,0,107539,103234,47363,45810,42093,36587,3000,3018,2000,1500,1500,2000,0
210000,0,0,0,0,0,0,121697,120133,118496,116033,114617,108328,5000,5000,4036,5000,4000,4000,0
210000,0,0,0,0,0,0,131956,134755,139089,140488,143649,146834,5000,6507,5200,5500,5500,5510,0
210000,0,0,0,0,0,0,132082,131015,133815,134585,127282,125338,6500,6500,4400,5000,7000,6000,0
210000,0,0,0,0,0,0,140272,115922,105875,97873,90872,72969,6018,6029,3000,3500,3000,3000,0
210000,0,0,0,0,0,0,154714,150011,139854,138054,136674,136196,4830,4700,4515,4426,4436,4765,0
210000,0,0,0,0,0,0,157544,160437,129247,119579,120318,107122,7505,7072,4009,8000,10000,12000,0
210000,0,0,0,0,0,0,160161,156015,150349,147788,145958,145667,5500,7000,6693,5307,5441,5463,0
210000,0,0,0,0,0,0,177492,179951,171135,166199,144060,132326,10000,10000,10000,10000,10000,10000,0
210000,0,0,0,0,0,0,186004,169351,163576,115854,111606,120885,8100,7000,4000,5000,105015,4100,0
210000,0,0,0,0,0,0,187191,140417,107768,84505,81796,52453,4700,4500,3100,3016,2000,2000,0
210000,0,0,0,0,0,0,194358,185907,180618,184110,189134,194966,8000,10000,8000,8000,9000,8000,0
210000,0,0,0,0,0,0,199851,190551,192717,195700,150525,137565,7000,7791,7000,5254,5400,5380,1
210000,0,0,0,0,0,0,202064,206107,174581,176527,181127,172851,6000,6000,4000,5000,4000,0,0
210000,0,0,0,0,0,0,204157,211065,206043,181945,52712,3574,10059,10120,8256,5000,4036,153904,0
210000,0,0,0,0,0,0,204824,209873,214775,111893,107697,105578,10000,10000,5000,4000,4000,4000,0
210000,0,0,0,0,0,0,206803,207471,152365,146625,146163,146180,7876,5400,6000,6000,6000,10000,0
210000,0,0,0,0,0,0,209396,136809,139411,138991,140886,143721,6510,6450,5103,5500,5307,5011,0
210000,0,0,0,0,0,0,209802,208421,190737,142271,137171,130687,8800,8023,4809,5001,5000,5000,0
210000,0,0,0,0,2,-1,14682,1220,4048,1871,1320,257,1075,3923,1723,5,257,10843,1
210000,0,0,0,0,2,0,23764,21911,23204,19709,14418,13366,1367,1777,1577,0,1366,3130,0
210000,0,0,0,0,2,2,26770,28001,31202,36968,32141,35018,2000,5000,8000,0,5000,0,0
210000,0,0,0,2,0,0,85988,88410,93234,90571,94653,142549,5000,7500,0,6000,50000,0,1
210000,0,0,0,2,0,0,107948,107525,108971,96011,87644,82077,5407,9145,12,3004,3000,4370,0
210000,0,0,0,2,2,2,159715,163060,168218,169726,173687,176510,6000,8000,6000,7000,6000,20000,0
210000,0,0,2,0,0,2,130868,138909,135322,136339,143681,140425,11760,0,4546,9524,2,4756,0
210000,1,-2,-2,-2,-2,-2,-36,-18,-18,-18,-18,-18,0,0,0,0,0,0,0
210000,1,-2,-2,-2,-2,-1,-325,-721,-1117,-1513,-1909,59017,0,0,0,0,61982,2200,0
210000,1,-2,-2,-2,-2,-1,0,0,0,0,0,484,0,0,0,0,484,0,0
210000,1,-2,-2,-2,-2,-1,0,0,0,0,0,8270,0,0,0,0,8270,0,0
210000,1,-2,-2,-2,-1,-1,652,0,326,321,1435,8480,0,326,326,1440,8521,9592,0
210000,1,-2,-2,-2,-1,0,0,0,212,3066,13206,10583,0,212,3066,13206,212,0,0
210000,1,-2,-2,-1,-1,0,0,0,0,486,836,836,0,0,486,836,0,0,1
210000,1,-2,-2,-1,0,0,0,0,0,6622,6506,6511,0,0,6622,298,1000,1179,0
210000,1,-2,-1,-1,-2,-2,0,0,1008,0,0,0,0,1008,0,0,0,1114,0
210000,1,-2,-1,-1,-1,-1,0,0,3104,4056,565,960,0,3104,4056,565,960,1958,1
210000,1,-2,-1,0,-1,-1,-9,-9,1739,1739,475,475,0,1748,0,800,475,975,1
210000,1,-2,-1,0,0,0,-200,-200,199672,199272,199272,0,0,199872,0,0,0,0,0
210000,1,-1,-1,-2,-2,-1,0,1422,0,0,0,478,1422,0,0,0,478,0,0
210000,1,-1,-1,-1,-1,-1,0,732,873,148,129,292,732,873,148,129,292,0,1
210000,1,-1,-1,-1,-1,-1,0,1690,0,5619,4090,581,1690,0,5619,4090,581,0,0
210000,1,-1,-1,-1,-1,-1,15207,16529,16915,16266,571,18827,16529,16920,16266,0,19136,0,0
210000,1,-1,0,0,0,0,0,202,4202,5152,5444,5786,202,4000,1208,500,400,5380,0
210000,1,2,0,0,0,0,149343,145319,86335,69670,59502,119494,0,5000,3600,2000,2000,5000,0
210000,1,2,2,-1,-1,-2,3824,2045,0,322,150,546,0,0,322,150,546,0,1
210000,2,0,0,0,0,0,196426,194724,193397,195027,199236,203241,8405,8495,7800,7378,7800,6900,1
210000,2,2,0,0,0,0,174134,167095,161573,122362,116243,108414,16,6800,3800,5134,4000,4000,1
210000,3,2,2,2,2,2,2500,2500,2500,2500,2500,2500,0,0,0,0,0,0,1
220000,-2,-2,-2,-2,-2,-2,0,0,0,0,0,0,0,0,0,0,0,0,0
220000,-2,-2,-2,-2,-2,-2,0,0,0,0,0,0,0,0,0,0,0,0,0
220000,-2,-2,-2,-2,-2,-2,0,0,0,0,0,0,0,0,0,0,0,0,1
220000,-2,-2,-2,-2,-2,-2,2956,2968,3054,4701,2869,3654,2968,3054,4701,2869,3654,2754,0
220000,-2,-2,-2,-2,-2,-2,5785,4164,8553,11652,14968,7898,4183,8603,11709,15823,7937,5302,0
220000,-2,-2,-2,-2,-2,-2,7625,8325,1497,0,0,7625,8334,1497,0,0,7625,2226,0
220000,-2,-2,-2,-2,-2,-2,7695,2701,98376,3874,5226,14973,2725,98875,3893,5252,15047,3980,0
220000,-2,-2,-2,-2,-2,-2,14298,100606,11202,21683,10860,12534,101405,11202,21778,10860,12534,7923,0
220000,-2,-2,-2,-2,-2,-2,15872,19053,19303,19867,12826,19847,20066,20063,20057,12863,20061,13191,0
220000,-2,-2,-2,-1,-1,-1,1526,1122,-11,12597,44375,0,1122,0,12608,44375,0,0,0
220000,-2,-2,-1,-1,-1,0,44253,1966,6189,1850,6938,5034,1966,6203,1850,6938,101,2932,0
220000,-2,-1,-1,-2,-2,-2,0,2500,0,0,0,0,2500,0,0,0,0,0,0
220000,-1,-1,-2,-2,-2,-2,3467,3327,839,-3,1856,1528,3340,840,3,1859,2134,1648,0
220000,-1,-1,-1,-1,-1,-1,184,1709,919,47545,2398,3338,1709,919,47545,2398,5178,12448,0
220000,-1,-1,-1,-1,-1,-1,265,4786,2367,2873,11768,7484,4786,2367,2888,11768,7484,13062,0
220000,-1,-1,-1,-1,-1,-1,326,326,326,326,326,322,326,326,326,326,322,646,0
220000,-1,-1,-1,-1,-1,-1,757,757,3257,757,757,757,757,3257,757,757,757,907,0
220000,-1,-1,-1,-1,-1,-1,1193,1525,3067,1771,2326,390,1525,3470,1771,2333,390,2361,0
220000,-1,-1,-1,-1,-1,-1,1410,580,1386,-14,6160,1307,580,1386,0,6174,1307,1341,0
220000,-1,-1,-1,-1,-1,-1,2300,1000,11289,4887,3083,9401,1000,11289,4887,3083,10020,6473,0
220000,-1,-1,-1,-1,-1,-1,3352,3352,3352,3352,3352,3352,3352,3352,3352,3352,3352,3352,1
220000,-1,-1,-1,-1,-1,-1,3489,6246,29390,8460,19000,13550,6261,29390,8489,19000,13550,2969,0
220000,-1,-1,-1,-1,-1,-1,8939,316,541,4188,3473,7653,316,541,4188,3473,7653,2280,0
220000,-1,-1,-1,-1,-1,-1,13654,12312,23031,7229,3942,2132,12312,23031,7234,3942,2132,5809,0
220000,-1,-1,-1,-1,-1,-1,22145,5529,4688,1621,8522,4149,5575,4716,1632,8559,4164,10626,1
220000,-1,-1,-1,-1,-1,0,990,990,990,990,5538,5687,990,990,990,5538,1206,1204,0
220000,-1,-1,-1,-1,0,-1,1051,735,419,1470,1154,735,735,419,1470,0,735,2205,1
220000,-1,-1,-1,-1,0,0,1129,227,0,13137,13637,9744,227,0,13137,1500,214,0,0
220000,-1,-1,-1,2,-1,0,941,911,9743,7480,22880,880,920,9752,0,22880,0,7270,1
220000,-1,-1,0,-1,-1,-1,996,4102,4111,1057,990,1324,4102,1111,1057,990,1324,1039,0
220000,-1,-1,0,-1,-1,2,17039,7113,9574,1727,4201,622,7540,9571,1739,4918,0,24037,0
220000,-1,-1,0,0,0,0,3553,15696,17257,21624,26246,30781,15696,5000,5000,5000,5000,5000,0
220000,-1,-1,2,-1,2,2,776,1552,776,221876,223986,204957,1552,0,221876,7500,4,10000,1
220000,-1,0,0,-1,-1,-1,2742,3131,2664,891,1927,4250,1500,1500,891,1927,4250,3000,0
220000,0,0,-1,-1,-1,-1,35258,17740,4698,5036,8269,3681,1066,4723,5051,8293,3692,3087,0
220000,0,0,-1,-1,-1,-1,44177,25736,19292,18900,13580,33150,1006,32906,18900,13580,33150,0,0
220000,0,0,-1,-1,-1,-1,112460,29300,8500,0,8500,8535,8500,8500,0,8500,8535,177000,0
220000,0,0,-1,-1,-1,0,14588,6689,4664,9530,118206,112206,5021,4674,9530,120000,0,0,0
220000,0,0,0,-2,-2,-1,22599,23875,0,0,0,52884,1875,0,0,0,52884,105660,0
220000,0,0,0,0,0,-1,72546,74618,62379,37137,-669,14069,5206,30176,10258,14000,15070,6029,0
220000,0,0,0,0,0,0,4438,7211,9948,10528,12412,13745,3000,3000,1000,2000,1500,0,0
220000,0,0,0,0,0,0,5005,9880,10542,10903,10981,9931,5000,1147,508,374,384,1008,0
220000,0,0,0,0,0,0,11636,11004,8392,10887,16542,10164,3004,3392,4000,6542,5000,3909,0
220000,0,0,0,0,0,0,18598,24781,22901,23815,37748,16657,10000,2015,5000,20000,3000,1210,0
220000,0,0,0,0,0,0,29549,28267,29708,25407,25109,23320,2000,3000,800,5000,5000,2000,0
220000,0,0,0,0,0,0,36106,33494,29518,29569,28587,21201,3000,3000,6000,5000,1136,10000,1
220000,0,0,0,0,0,0,36242,38320,39700,40737,42743,44052,3000,2000,2000,3000,2000,3000,0
220000,0,0,0,0,0,0,45739,46975,48211,47418,48657,48129,2000,2000,2000,2000,2000,2000,0
220000,0,0,0,0,0,0,51908,53087,54167,55267,56586,57993,2017,1965,2000,2210,2500,2339,0
220000,0,0,0,0,0,0,59247,60200,60360,61168,57287,62208,6000,3037,4000,4000,15000,3000,0
220000,0,0,0,0,0,0,64792,65463,66834,68221,69576,71035,2344,2427,2500,2490,2580,2593,0
220000,0,0,0,0,0,0,75451,78094,80680,81944,83963,85930,4000,4000,3000,3000,3000,3000,0
220000,0,0,0,0,0,0,79226,78693,78297,78980,77817,77569,3900,3500,4000,2700,3000,10000,0
220000,0,0,0,0,0,0,84942,56366,4252,6129,6423,7208,2500,1500,2000,500,1000,1000,0
220000,0,0,0,0,0,0,91178,99541,74718,64087,72992,74646,10128,10000,5000,10000,3000,10000,0
220000,0,0,0,0,0,0,93682,96466,99009,100462,102614,104806,4337,5000,4000,3824,4000,4000,0
220000,0,0,0,0,0,0,100226,102103,103701,103673,99429,93487,5200,5500,4700,4000,4000,4000,0
220000,0,0,0,0,0,0,109815,91363,93091,91706,91748,93261,3634,3566,3394,3659,3700,3183,0
220000,0,0,0,0,0,0,126532,90013,91191,86139,83743,78555,4500,4006,3000,3000,3000,6000,0
220000,0,0,0,0,0,0,127021,132595,102667,108998,117186,121062,28500,5000,9604,10000,6000,14000,0
220000,0,0,0,0,0,0,127624,125718,125917,124683,127890,131520,6046,5600,5000,8000,6000,3736,0
220000,0,0,0,0,0,0,136269,138972,141900,144764,147657,150749,4967,5160,5233,5278,5464,6121,0
220000,0,0,0,0,0,0,136556,139453,142295,145127,148159,151462,5100,5163,5196,5372,5761,5396,0
220000,0,0,0,0,0,0,142818,141540,131810,118866,115256,97161,5042,5042,3687,3660,3528,3314,0
220000,0,0,0,0,0,0,144544,137465,134420,132066,131319,130478,6500,4700,5000,5000,5000,10000,0
220000,0,0,0,0,0,0,147048,137560,131090,121259,117003,116902,6364,5892,5000,4369,4178,5000,0
220000,0,0,0,0,0,0,157980,163974,140964,105353,100750,85261,11024,5198,6006,10362,5000,4000,0
220000,0,0,0,0,0,0,158494,156004,149677,152724,142064,142649,7000,7000,7100,5000,5400,5600,0
220000,0,0,0,0,0,0,167390,123981,250982,129905,131248,139420,6000,5000,6500,5000,10500,5200,1
220000,0,0,0,0,0,0,204052,207977,214117,216712,194521,198246,7600,10000,8255,7200,7500,8500,0
220000,0,0,0,0,0,0,204491,176733,174680,61523,61415,61982,7000,7500,2369,2000,2078,2500,0
220000,0,0,0,0,0,0,208009,212271,166288,168146,172345,177151,8200,8000,6108,7000,7743,7700,0
220000,0,0,0,0,0,0,218796,178554,126132,120827,119823,119460,5539,7449,3005,2400,21577,10000,0
220000,0,0,0,0,0,0,220588,218136,177720,131874,118918,110338,9000,7500,4500,5000,5000,3000,0
220000,0,0,0,0,0,0,221268,219545,216317,181012,181435,183283,8700,8500,6300,6700,7200,5300,1
220000,0,0,0,0,0,0,223022,215787,220680,219459,177765,175238,7750,8397,7349,6518,7000,7000,0
220000,0,0,0,0,0,0,224852,224416,173565,176156,175745,160362,10235,8000,7000,7000,7000,7000,0
220000,0,0,0,0,0,2,15746,17537,14856,35705,25649,5018,16780,14469,35278,4647,19,8438,0
220000,0,0,0,0,0,2,171182,175334,179024,183050,207481,204082,7000,6500,7000,27640,0,16000,0
220000,1,-2,-1,-1,-1,-1,0,0,788,0,349,600,0,788,0,349,600,0,0
220000,1,-1,0,-1,0,-1,0,6010,7069,43957,30693,13264,6010,1229,43957,614,13264,700,0
220000,1,2,-1,-1,-1,-1,6516,194,3619,7069,4092,0,0,3655,7069,4092,0,0,0
220000,1,2,0,0,0,0,4949,4724,6478,7412,7886,8358,0,2000,1200,600,600,600,0
220000,1,2,0,0,0,0,59932,57477,54788,54468,51920,49016,0,2421,1964,2000,2000,1600,0
220000,1,2,0,0,0,0,222737,216397,207870,172612,166705,166192,0,7109,6050,6000,9111,6171,0
220000,1,2,2,2,2,2,105348,106432,102996,100198,100357,95471,4268,3251,2900,5000,0,105300,1
220000,2,0,-1,-1,0,0,2345,2572,15,947,631,715,1007,16,1578,0,400,1,1
220000,2,0,0,0,0,0,84630,87604,89687,90889,91892,93815,5000,5000,4200,4000,4000,5000,0
220000,2,2,0,0,0,0,222418,206473,208464,175407,175170,174726,4,8027,6218,6220,6316,6504,0
220000,2,2,2,0,0,0,165665,163494,162360,134989,124915,84959,2008,6000,6000,4000,2852,9000,1
220000,2,2,2,2,0,0,182176,176797,187033,171021,167789,168417,0,14179,0,7000,10000,12000,1
220000,2,2,2,2,2,2,124820,126740,121910,89608,53535,36312,6300,0,6000,2500,0,1500,1
220000,2,2,2,2,2,2,175808,179399,183039,185541,187984,191837,8000,8000,7000,7000,7000,0,1
220000,2,3,2,2,2,0,184761,178939,183158,183890,179764,181627,0,10000,6300,0,6118,6097,1
220000,3,2,0,0,0,2,184140,187089,189680,193561,205161,205477,7500,7100,7203,15000,3500,4500,1
220000,5,6,5,4,3,2,216435,219973,215959,210438,207114,210491,8355,1000,0,0,6800,97,1
230000,-2,-2,-2,-2,-2,-2,-96,2935,2889,17978,9462,8134,3031,2889,17993,9468,8949,3915,0
230000,-2,-2,-2,-2,-2,-2,-18,-18,-18,-18,-18,-18,18,0,0,0,0,0,1
230000,-2,-2,-2,-2,-2,-2,-7,6785,0,147,0,0,6792,0,147,0,0,176,0
230000,-2,-2,-2,-2,-2,-2,0,0,0,0,0,0,0,0,0,0,0,0,0
230000,-2,-2,-2,-2,-2,-2,0,0,0,0,0,0,0,0,0,0,0,0,0
230000,-2,-2,-2,-2,-2,-2,0,0,0,0,0,0,0,0,0,0,0,0,0
230000,-2,-2,-2,-2,-2,-2,0,0,0,0,0,0,0,0,0,0,0,0,0
230000,-2,-2,-2,-2,-2,-2,0,0,0,0,0,0,0,0,0,0,0,0,0
230000,-2,-2,-2,-2,-2,-2,0,0,0,0,0,0,0,0,0,0,0,0,1
230000,-2,-2,-2,-2,-2,-2,0,0,0,0,0,0,0,0,0,0,0,0,0
230000,-2,-2,-2,-2,-2,-2,0,0,0,0,0,0,0,0,0,0,0,0,0
230000,-2,-2,-2,-2,-2,-2,0,0,0,0,0,0,0,0,0,0,0,0,1
230000,-2,-2,-2,-2,-2,-2,0,0,0,0,0,0,0,0,0,0,0,0,1
230000,-2,-2,-2,-2,-2,-2,0,0,0,0,0,0,0,0,0,0,0,0,1
230000,-2,-2,-2,-2,-2,-2,0,0,0,0,0,0,0,0,0,0,0,0,0
230000,-2,-2,-2,-2,-2,-2,0,0,0,0,0,0,0,0,0,0,0,83,0
230000,-2,-2,-2,-2,-2,-2,0,1663,4777,1755,2442,2724,1663,4777,1763,2445,2727,17136,0
230000,-2,-2,-2,-2,-2,-2,0,13371,9420,16639,600,0,13371,9420,16688,606,0,0,0
230000,-2,-2,-2,-2,-2,-2,200,840,0,3458,499,5180,840,0,3458,499,5180,0,0
230000,-2,-2,-2,-2,-2,-2,266,0,0,0,0,300,0,0,0,0,300,0,0
230000,-2,-2,-2,-2,-2,-2,326,326,326,326,326,326,326,326,326,326,326,326,0
230000,-2,-2,-2,-2,-2,-2,761,300,399,665,576,613,300,399,665,576,613,520,0
230000,-2,-2,-2,-2,-2,-2,1168,698,2371,4524,299,395,698,2371,4524,299,395,0,0
230000,-2,-2,-2,-2,-2,-2,1716,1518,909,-1307,-3237,-5459,1518,1000,0,0,0,0,0
230000,-2,-2,-2,-2,-2,-2,1876,1876,1876,2848,1876,4634,1876,1876,2848,1876,4634,1876,0
230000,-2,-2,-2,-2,-2,-2,1985,7150,20123,1671,1244,0,8075,20200,1671,1244,0,809,0
230000,-2,-2,-2,-2,-2,-2,2132,1520,3543,3351,-4,3267,1531,3553,3351,4,3271,4649,0
230000,-2,-2,-2,-2,-2,-2,2283,50815,0,0,299,338,51315,0,0,299,338,0,0
230000,-2,-2,-2,-2,-2,-2,2329,1894,2528,1865,1496,1873,1894,2532,1865,1496,1873,0,0
230000,-2,-2,-2,-2,-2,-2,4533,0,510,0,162,0,0,510,0,162,0,0,0
230000,-2,-2,-2,-2,-2,-2,4649,3985,2234,-1,-1,-1,4004,2245,0,0,0,279,0
230000,-2,-2,-2,-2,-2,-2,6514,7882,162,-868,-868,-868,7882,162,0,0,0,0,1
230000,-2,-2,-2,-2,-2,-2,49279,4646,5419,4379,2455,34517,4674,5449,4407,2455,34517,8495,0
230000,-2,-2,-2,-2,-2,-1,0,0,0,0,0,150,0,0,0,0,150,150,0
230000,-2,-2,-2,-1,-1,-1,0,0,196,533,1238,957,0,196,533,1238,957,1187,0
230000,-2,-2,-2,-1,0,0,0,0,0,1360,680,600,0,0,1360,0,600,0,0
230000,-2,-2,-1,-1,0,0,0,0,150,1528,3028,4117,0,150,1528,1500,1500,4000,0
230000,-2,-1,-1,-1,-1,-1,5419,3288,806,1467,9192,4388,3306,806,1500,9216,4388,0,0
230000,-2,-1,-1,0,0,0,865,221,16601,17833,15708,10013,221,16601,1513,1000,350,500,0
230000,-2,-1,2,-1,-1,-1,3764,10943,6588,4571,2526,5375,11142,1430,4571,2526,5375,3133,0
230000,-1,-1,-1,-2,-2,-2,9360,9650,0,0,0,0,9650,0,0,0,0,0,0
230000,-1,-1,-1,-1,-2,-2,7338,-15,4685,1925,2347,0,15,4700,1925,2347,0,0,0
230000,-1,-1,-1,-1,-1,-2,390,390,0,780,0,0,390,0,780,0,0,0,1
230000,-1,-1,-1,-1,-1,-1,326,326,326,326,326,326,652,326,326,326,326,326,0
230000,-1,-1,-1,-1,-1,-1,476,476,476,476,476,4145,476,476,476,476,4145,476,0
230000,-1,-1,-1,-1,-1,-1,2078,380,2100,530,2282,1390,380,2100,530,2282,1390,380,0
230000,-1,-1,-1,-1,-1,-1,2781,12515,3090,1879,30467,4460,12540,3099,1884,30468,4473,5635,0
230000,-1,-1,-1,-1,-1,-1,3257,1816,1816,1806,764,3368,1816,1816,1806,774,3368,1027,0
230000,-1,-1,-1,-1,-1,-1,5652,7652,2062,2007,2104,394,7662,2066,2007,2108,394,3214,0
230000,-1,-1,-1,-1,-1,-1,8681,8681,8888,4932,10986,5081,8681,8888,4932,10986,5081,4321,0
230000,-1,-1,-1,-1,-1,-1,8916,318,725,2586,3198,4260,318,725,2592,3198,4260,4944,0
230000,-1,-1,-1,-1,-1,0,326,326,326,326,677,351,326,326,326,677,0,514,0
230000,-1,-1,-1,-1,-1,2,326,326,326,1458,952,476,326,326,1458,952,0,326,0
230000,-1,-1,-1,-1,-1,3,3245,1855,5776,1332,5342,3162,1867,5816,1340,5342,4,0,1
230000,-1,-1,-1,-1,0,-1,2521,-1000,12009,5627,215,3039,0,13009,8018,0,3039,2000,0
230000,-1,-1,-1,-1,0,-1,6294,1935,-74,926,426,926,1945,0,1500,0,1000,0,0
230000,-1,-1,-1,-1,0,0,416,568,1427,14947,13255,8226,568,1427,14947,437,1000,900,1
230000,-1,-1,-1,-1,0,0,483,0,342,955,957,1407,0,342,955,2,1511,4373,0
230000,-1,-1,-1,0,-1,-1,1886,8013,3962,1410,1410,1410,8034,4007,0,1410,1410,1410,0
230000,-1,-1,-1,0,0,-1,1243,113,7978,2831,3518,846,113,8178,500,1000,846,0,0
230000,-1,-1,-1,0,0,0,550,0,13013,14265,13659,0,0,13013,1252,3659,0,0,0
230000,-1,-1,-1,0,0,0,1215,225,5703,6560,11560,0,525,5703,1000,5000,0,7790,0
230000,-1,-1,0,0,-1,-1,3394,8338,11744,9359,19002,8443,8338,9359,0,19002,8740,0,0
230000,-1,-1,0,0,0,0,170,2217,5167,8552,12552,10596,2217,3167,3552,5000,3000,2518,0
230000,-1,-1,0,0,0,0,399,1560,1766,2720,3720,0,1560,1046,1000,1000,0,0,0
230000,-1,-1,0,0,0,0,400,20123,20590,20029,17198,5177,20123,1256,1000,1000,500,801,0
230000,-1,-1,0,0,0,0,2212,17402,32450,17285,9766,9981,17402,20013,346,5000,8000,5000,1
230000,-1,-1,0,0,0,0,2873,29488,65868,58171,56033,47192,29525,50014,8242,7032,5030,8007,0
230000,-1,-1,0,0,0,0,10190,49777,49159,43668,42352,43099,49777,3002,1388,1511,5000,1600,0
230000,-1,-1,0,0,0,0,23396,25723,49223,66006,47412,29290,25748,30029,27417,1016,640,260,0
230000,-1,-1,2,-1,-1,0,2155,2010,165,5908,283,283,2010,0,5908,283,133,0,0
230000,-1,-1,2,2,2,0,3872,5376,3878,4824,2720,1526,2000,397,2720,0,1000,435,0
230000,-1,0,-1,-1,-1,-1,441,28641,713,1344,3786,6571,28200,720,1344,4674,6571,1814,0
230000,-1,0,0,0,0,0,79872,85538,77063,40102,52454,12314,10033,5010,5,45000,8000,35660,0
230000,-1,0,0,0,0,0,183500,147525,147391,149904,151816,103443,7000,5500,7000,6066,4000,5000,1
230000,-1,2,-1,-1,0,-1,6155,5650,3004,4200,1400,4222,500,3004,4200,0,4222,4649,1
230000,0,-1,-1,-1,-1,-1,7990,13450,56729,-1310,6734,87161,13450,56729,0,8044,87161,5000,0
230000,0,0,-2,-2,-2,-2,24510,0,0,0,0,0,0,0,0,0,0,0,0
230000,0,0,-2,-2,-2,-2,26574,-26,-26,90624,92624,-89,26,0,90650,2000,89,0,0
230000,0,0,-1,-1,0,0,12394,12105,2439,5185,9893,11567,2102,3000,6000,5000,2000,2000,0
230000,0,0,0,-2,-1,-1,26361,18826,1100,2100,767,6173,1710,1100,1000,767,6173,1000,1
230000,0,0,0,0,0,-1,7865,12377,12543,13713,17960,650,5000,2000,1500,5000,650,0,0
230000,0,0,0,0,0,-1,22472,20911,24408,8747,-1231,4771,1330,5000,3060,91,6002,0,0
230000,0,0,0,0,0,0,5504,4782,3864,3242,1428,2358,2000,2000,2000,300,2000,1400,0
230000,0,0,0,0,0,0,7806,8392,8967,8729,10816,15893,1295,1300,468,2816,5893,5977,0
230000,0,0,0,0,0,0,12218,17667,20345,39945,41352,11032,6000,3500,20000,2000,1500,8000,0
230000,0,0,0,0,0,0,16302,15849,16884,17620,18353,18901,1265,1300,1001,1000,1000,1000,0
230000,0,0,0,0,0,0,18835,22319,18732,11986,13596,7469,10005,8737,4000,8000,3000,5891,0
230000,0,0,0,0,0,0,20307,19864,17789,14416,14445,14452,2000,2263,2000,2000,2000,2000,0
230000,0,0,0,0,0,0,21374,23695,25996,28240,30450,31798,3000,3000,3000,3000,2000,3000,0
230000,0,0,0,0,0,0,23063,14024,11825,14765,12383,10008,2000,2000,5000,1000,2000,1000,0
230000,0,0,0,0,0,0,24901,26071,27937,28774,29202,29683,1500,2200,2000,1100,1000,980,0
230000,0,0,0,0,0,0,33057,33698,36652,38421,37459,54778,1500,4767,3000,3092,17411,5000,0
230000,0,0,0,0,0,0,35289,27678,13800,10238,6968,4704,1646,1017,214,406,412,1420,0
230000,0,0,0,0,0,0,41435,42106,43532,44504,44267,45564,1674,3000,2011,1574,2000,2000,0
230000,0,0,0,0,0,0,44734,47178,29582,38426,42500,43531,10120,20000,10000,5000,5000,5000,0
230000,0,0,0,0,0,0,45405,41630,38940,37150,36306,33563,2500,3013,4000,5006,3000,3000,0
230000,0,0,0,0,0,0,47520,46256,32029,31397,27834,28153,2000,2500,1200,2000,18000,5000,0
230000,0,0,0,0,0,0,56754,57171,56150,57074,50670,50652,3000,2100,2300,2000,2000,2000,0
230000,0,0,0,0,0,0,64489,58611,54463,53008,52835,40015,3100,5000,5000,10000,3000,5000,0
230000,0,0,0,0,0,0,69158,73712,68831,61534,25914,36313,8149,2214,5904,5542,15502,5000,0
230000,0,0,0,0,0,0,71149,71922,77500,72851,72860,48758,3000,11261,10000,2100,5000,5000,0
230000,0,0,0,0,0,0,72742,73256,66321,66271,62401,61510,5000,4023,5000,5000,5267,3000,0
230000,0,0,0,0,0,0,84821,87055,87601,89762,92735,95768,4293,4162,5000,5000,5000,5000,0
230000,0,0,0,0,0,0,92129,92690,93596,79320,64268,65193,3510,3998,2431,1697,1971,2046,0
230000,0,0,0,0,0,0,100074,107085,115039,117144,117429,117560,9000,10000,6000,3405,3000,1286,0
230000,0,0,0,0,0,0,101832,92396,84297,49681,46224,44800,5000,4000,2029,2000,2500,1300,0
230000,0,0,0,0,0,0,105217,107857,110177,60137,62035,64034,4326,4533,2337,3035,3034,3101,0
230000,0,0,0,0,0,0,112402,116273,118467,108826,100862,92481,6000,6000,4000,4000,3500,4000,0
230000,0,0,0,0,0,0,120113,112301,104587,98333,88909,78872,4501,4585,3328,3500,2872,3000,0
230000,0,0,0,0,0,0,123436,127873,129832,133273,139818,65649,7000,6000,6000,10000,30000,3044,0
230000,0,0,0,0,0,0,131550,132114,133281,123958,124474,120570,6057,4845,4291,4115,4274,4054,0
230000,0,0,0,0,0,0,145959,94798,70299,40299,33112,18009,3551,3000,1284,1000,1000,1000,0
230000,0,0,0,0,0,0,149697,155697,165978,170563,173697,179697,6000,10281,8866,6000,6000,6000,0
230000,0,0,0,0,0,0,160879,161797,165107,105508,108101,110094,7000,6607,3773,4290,4164,2000,0
230000,0,0,0,0,0,0,164634,166134,142049,106677,88091,60929,7326,10000,10000,3000,2000,2000,0
230000,0,0,0,0,0,0,167635,170085,172204,173045,176163,179625,6474,7726,5601,6100,6427,6000,0
230000,0,0,0,0,0,0,172567,174987,133263,114889,117139,120252,7000,6000,4500,4000,5000,4500,0
230000,0,0,0,0,0,0,198704,202217,204255,207347,51134,50222,10000,10000,10000,50000,2000,2000,0
230000,0,0,0,0,0,0,205938,209941,173679,92937,94552,76849,8476,6593,2966,3135,2956,2040,0
230000,0,0,0,0,0,0,214423,214585,170063,176893,183699,188700,10000,10000,10000,10000,10000,9000,0
230000,0,0,0,0,0,0,220706,227741,183268,186989,159345,162695,11200,6200,6237,7000,6000,6100,0
230000,0,0,0,0,0,0,230101,224517,223544,147971,61570,80279,10125,12966,5506,1623,80000,105451,0
230000,0,0,0,0,0,0,233314,222220,210778,211132,179564,176949,8005,10002,15037,6500,16002,8002,0
230000,0,0,0,0,0,0,234328,234211,157345,155335,153427,150514,8913,5449,5339,5370,4435,4432,1
230000,0,0,0,0,0,0,273094,341657,344026,160377,85681,-371,135034,10806,20266,15120,343,100014,0
230000,0,0,0,0,0,2,3472,4053,4503,4964,4400,3979,1061,1275,1000,200,0,227,0
230000,0,0,0,2,0,0,79108,70757,76049,68989,54450,39862,3187,7100,0,2700,2000,1572,0
230000,0,0,2,2,0,0,41154,44121,43286,39215,39814,40437,4000,2500,0,3000,3000,5000,0
230000,1,-2,-2,-2,-2,-2,0,0,0,0,0,0,0,0,0,0,0,142,1
230000,1,-2,-2,-2,-1,0,-2,-2,-2,-2,794,796,0,0,0,796,2,0,0
230000,1,-2,-1,-1,-2,-1,-9,-9,986,0,0,900,0,995,0,0,900,0,0
230000,1,-1,-1,-1,-1,-1,0,211,3546,0,1490,0,211,3546,0,1490,0,890,0
230000,1,-1,-1,-1,0,-1,-22,227,3480,3555,1850,1580,249,3480,3555,0,1580,520,1
230000,1,-1,-1,0,-1,-1,328,1593,2015,1077,1479,3104,1621,2015,10,1479,3104,1152,0
230000,1,-1,2,0,0,-1,-430,16659,1982,1982,991,5400,18675,0,991,0,5400,0,0
230000,1,2,0,0,-1,-1,73757,69748,23266,13565,80,0,0,1200,1027,80,0,0,0
230000,1,2,0,0,0,0,113218,114665,115898,112930,115743,118933,4800,4600,4300,4700,5124,4110,0
230000,1,2,0,0,0,2,19451,13716,14718,13524,15529,12936,1017,5028,5003,3012,3,3898,0
230000,1,2,2,2,2,2,237332,236068,236702,236309,237399,229421,8000,10000,9000,9000,0,9100,0
230000,1,3,2,2,2,2,5263,5021,3579,31053,30334,38203,3,8,30334,0,8507,14,0
230000,2,0,0,0,0,0,306836,295324,303082,307038,116506,19085,9062,10978,10361,2507,490,308,0
230000,2,2,-2,-2,-2,-2,2500,0,0,0,0,0,0,0,0,0,0,0,1
230000,2,2,2,2,0,0,221691,226696,223872,98219,100276,102263,10000,3600,0,3628,3643,3929,0
230000,2,2,2,2,2,2,186163,190784,195724,198707,201634,205949,9000,9300,7500,7500,7500,7500,1
230000,2,2,2,2,2,2,189567,189023,187521,182671,174794,182160,9000,6300,6200,500,12500,0,1
240000,-2,-2,-2,-2,-2,-2,0,249,913,0,0,0,249,913,0,0,0,0,0
240000,-2,-2,-2,-2,-2,-2,92,92,92,0,92,0,92,92,0,92,0,1883,0
240000,-2,-2,-2,-2,-2,-2,316,21359,2762,10264,316,9801,21359,2762,10318,316,17677,31600,0
240000,-2,-2,-2,-2,-2,-2,489,4006,696,696,696,696,4006,696,696,696,696,1542,0
240000,-2,-2,-2,-2,-2,-2,660,31187,1280,7623,0,11353,31187,1280,7643,0,11353,2576,0
240000,-2,-2,-2,-2,-2,-2,664,1086,7041,12208,790,2009,1086,7041,12208,1109,2009,1077,0
240000,-2,-2,-2,-2,-2,-2,2007,21790,17102,13367,22659,22707,21817,1120,13434,22772,22820,8050,0
240000,-2,-2,-2,-2,-2,-2,4081,7608,154353,9617,11360,3842,7644,155142,9661,11489,3870,3539,0
240000,-2,-2,-2,-2,-2,-2,5731,0,0,0,0,0,0,0,0,0,0,0,0
240000,-2,-2,-2,-2,-2,-2,103344,0,0,0,0,0,0,0,0,0,0,73826,0
240000,-2,-2,-2,-2,-1,-1,15432,10835,22134,32823,1897,5627,10851,22258,20076,2099,5827,0,0
240000,-2,-2,-1,-1,-2,-1,-3,-3,1130,3525,0,2116,0,1133,3525,0,2116,7442,0
240000,-2,-1,-1,-2,-2,-2,597,6449,626,626,626,626,6507,626,626,626,626,626,0
240000,-2,-1,0,0,0,0,15220,7549,127494,102825,99867,99410,7575,125335,3358,2784,2833,2806,0
240000,-1,-1,-2,-2,-2,-2,101,0,0,0,0,0,0,0,0,0,0,0,1
240000,-1,-1,-2,-2,-2,-2,238,0,0,0,0,0,0,0,0,0,0,0,1
240000,-1,-1,-2,-1,-1,-1,5010,1188,3513,11380,1777,190,1188,3513,11794,1785,190,0,0
240000,-1,-1,-1,-2,-1,-1,35117,17330,58422,54755,43605,26293,11051,116904,54762,43705,26293,13011,0
240000,-1,-1,-1,-1,-1,-1,291,291,291,291,291,291,291,291,291,291,291,291,1
240000,-1,-1,-1,-1,-1,-1,358,176,0,540,100,2600,176,0,540,100,2600,704,0
240000,-1,-1,-1,-1,-1,-1,632,0,316,632,0,316,0,316,632,0,316,948,0
240000,-1,-1,-1,-1,-1,-1,1051,475,1051,671,291,671,475,1051,671,291,671,671,0
240000,-1,-1,-1,-1,-1,-1,2688,2688,2688,2688,2688,2688,2688,2688,2688,2688,2688,2688,0
240000,-1,-1,-1,-1,-1,-1,4101,7101,5500,5500,5500,5463,8500,5500,5500,5500,5463,5500,0
240000,-1,-1,-1,-1,-1,-1,4882,5205,2747,4594,4092,4361,5220,2773,4614,4104,4374,2443,1
240000,-1,-1,-1,-1,-1,-1,7414,2020,-9032,13756,0,3138,2020,1000,23724,0,3138,367,0
240000,-1,-1,-1,-1,-1,-1,7994,20487,27770,22920,4779,7640,20487,27783,22920,4952,7640,14003,0
240000,-1,-1,-1,-1,-1,-1,19365,1928,4879,11650,12614,7922,5534,4879,11650,12614,7922,6980,0
240000,-1,-1,-1,-1,-1,0,3376,0,4649,1528,7378,682,0,4649,1533,7378,0,0,0
240000,-1,-1,-1,-1,-1,0,8590,6398,16271,27825,14489,37137,6398,16312,27829,14503,33633,10982,0
240000,-1,-1,-1,-1,0,0,374,1823,1788,6229,15829,20785,1823,1788,6229,10000,10000,5640,0
240000,-1,-1,-1,0,-1,-1,2024,2007,21790,17102,13367,22659,2017,21817,1120,13434,22772,22820,0
240000,-1,-1,-1,0,0,-1,8213,20000,44384,28734,13200,43791,20000,44384,750,2000,81800,1050,0
240000,-1,-1,-1,0,0,0,5024,17181,28395,24582,10715,9346,17267,28473,12069,21,2978,25895,0
240000,-1,-1,0,0,0,0,3087,10839,16665,13039,9439,11378,10839,10000,3500,0,5000,5000,0
240000,-1,-1,2,2,2,2,2690,2500,2500,2500,2500,0,2500,0,0,0,0,0,1
240000,-1,0,0,-2,-2,-1,80199,82300,0,0,0,21585,3900,0,0,0,21585,0,0
240000,-1,0,0,0,0,0,10839,16665,13039,9439,11378,13046,10000,3500,0,5000,5000,5000,0
240000,-1,0,0,0,0,0,30380,15579,20496,15296,24332,23896,10023,10000,5000,15000,15000,5000,0
240000,-1,0,0,0,0,0,30973,32008,32889,33410,34327,34500,1537,1418,939,1193,690,0,0
240000,-1,2,-1,-1,-1,-1,528,264,264,264,264,414,0,264,264,264,414,264,1
240000,-1,2,-1,-1,-1,0,1769,842,14015,0,1317,566,0,14015,0,1317,0,0,0
240000,0,-1,-1,-1,-1,0,8936,1649,2999,2840,4114,5923,1658,3010,2840,4114,3923,3673,0
240000,0,-1,0,0,0,0,35380,64013,51380,25438,19376,12889,64013,1651,1705,564,2093,144734,0
240000,0,0,-2,-2,-2,-2,24640,0,0,0,0,0,1700,0,0,0,0,0,0
240000,0,0,-1,-1,-2,-2,22334,13842,1425,10591,1793,1509,3851,1467,10594,1802,1516,1193,0
240000,0,0,-1,-1,-1,-1,66394,63650,7117,2898,5530,67010,1273,7117,2905,5530,46275,17446,0
240000,0,0,0,0,-1,-1,205495,236484,243567,44351,193283,21682,34700,11005,8006,202000,8505,377000,0
240000,0,0,0,0,-1,0,77126,59832,45054,39245,75742,39389,5005,2116,1200,75742,0,62282,0
240000,0,0,0,0,0,-2,3093,2322,8186,3980,0,0,2000,2020,2500,0,0,85,0
240000,0,0,0,0,0,-2,167686,108246,111397,61650,0,0,3977,5000,3000,0,0,111200,0
240000,0,0,0,0,0,0,7283,5266,5113,7113,7113,4178,1263,1000,2000,2500,2000,5000,0
240000,0,0,0,0,0,0,11278,14070,15535,17734,19734,8561,3000,2000,3000,2000,2000,0,0
240000,0,0,0,0,0,0,21643,19743,20298,15475,15852,16208,1400,1300,1000,1000,1000,1000,0
240000,0,0,0,0,0,0,21909,15420,40861,34146,30937,27164,2420,34000,2500,5937,5164,5387,0
240000,0,0,0,0,0,0,22165,21292,16469,13737,9071,177268,7002,3002,5002,3009,177004,5452,1
240000,0,0,0,0,0,0,47379,49274,51171,52716,54229,56191,3000,3000,3000,3000,3000,3000,0
240000,0,0,0,0,0,0,48502,49001,47026,45827,39527,40868,2200,1923,1682,2000,2000,1300,0
240000,0,0,0,0,0,0,52771,54522,55634,56628,58228,59985,3000,2400,2300,2300,2500,2100,0
240000,0,0,0,0,0,0,99938,92104,85194,83021,78556,78495,3500,4200,3600,3000,3000,3000,0
240000,0,0,0,0,0,0,121386,123877,127344,125050,126479,130266,6000,7000,6500,5000,6000,6000,0
240000,0,0,0,0,0,0,123704,125133,128856,131620,134413,137188,4905,5800,4900,4900,5000,4515,0
240000,0,0,0,0,0,0,129776,126395,129371,132218,136003,139798,5000,5000,5000,6000,6000,5098,0
240000,0,0,0,0,0,0,132090,143966,155632,162379,156655,157536,20030,20000,10070,10037,13137,10052,0
240000,0,0,0,0,0,0,136760,193321,189572,194799,52599,51487,90000,7170,9000,3000,3000,2367,0
240000,0,0,0,0,0,0,150886,141315,128940,124226,113133,113966,6537,6349,5834,3870,4000,3825,0
240000,0,0,0,0,0,0,173677,176304,355496,176402,174440,172806,8000,9500,12448,6155,6453,6390,1
240000,0,0,0,0,0,0,175976,149257,93689,81226,71547,72794,6600,3711,3100,2500,3019,45200,0
240000,0,0,0,0,0,0,176829,174143,165755,166291,141380,130742,7058,6800,4050,6084,8028,4267,0
240000,0,0,0,0,0,0,177795,167091,161691,165177,132478,138979,8576,8200,9009,5000,10500,0,0
240000,0,0,0,0,0,0,179662,180787,181379,170318,128076,64634,7003,8000,8000,2500,2400,2600,0
240000,0,0,0,0,0,0,188983,190556,189914,190434,179424,183299,7106,12014,6075,5900,5900,5500,0
240000,0,0,0,0,0,0,203850,203979,204712,205344,152992,140128,7500,8000,8400,6000,5200,5000,0
240000,0,0,0,0,0,0,218435,205981,187258,189435,145032,147370,5778,17020,5268,4179,4903,4236,0
240000,0,0,0,0,0,0,227346,231891,240146,245552,91382,93177,8308,12000,10373,3403,4000,4000,0
240000,0,0,0,0,0,0,227819,222299,227281,195027,199186,203475,8200,8800,7000,7200,7500,7800,1
240000,0,0,0,0,0,0,230184,228640,227399,200357,197198,186551,9000,9000,7000,7000,6512,6000,1
240000,0,0,0,0,0,0,231990,202714,199711,203767,208015,220109,10028,7711,7767,8015,15829,9000,0
240000,0,0,0,0,0,0,232943,236437,133385,136654,136639,123951,9700,5000,5500,5500,5000,5000,0
240000,0,0,0,0,0,0,233161,238187,243554,211924,216395,231767,8900,9500,8000,8000,19000,10000,0
240000,0,0,0,0,0,0,234304,229519,229676,234928,160765,158184,7888,8522,9260,5700,5475,5520,0
240000,0,0,0,0,0,0,234312,231407,233781,220150,190170,194018,9454,10128,8012,6500,7000,7000,1
240000,0,0,0,0,0,0,236229,222103,221963,181559,173023,156115,8019,7218,10060,5893,7008,25043,0
240000,0,0,0,0,0,0,236238,225318,202513,198720,192574,195682,8763,7539,8267,7012,8010,8499,0
240000,0,0,0,0,0,0,236470,242059,235353,240001,190904,193710,9560,9000,8790,8013,8125,8000,0
240000,0,0,0,0,0,0,244103,240733,236553,241215,230480,234610,9102,8602,9013,8195,8202,7902,1
240000,0,0,0,0,0,0,246310,250252,250169,249495,192368,196585,10500,9900,10907,7000,8000,7535,0
240000,0,0,0,0,0,2,138785,141894,143270,201082,215709,204302,6500,5000,60000,17464,6516,20002,0
240000,0,0,0,0,2,0,60381,64395,66323,70422,69170,71018,5000,3000,5200,0,3000,5400,0
240000,0,0,2,-1,-1,0,30851,40286,38008,9497,9124,7128,10000,14,9497,9124,2000,1200,0
240000,0,0,2,2,0,0,125055,133825,136232,132569,135007,34036,12400,6000,0,5806,2198,1207,0
240000,1,-2,-2,-2,-2,-2,-946,-946,-946,-946,-946,-946,0,0,0,0,0,0,1
240000,1,-2,-2,-2,-2,-2,-10,-10,-10,-10,-10,-10,0,0,0,0,0,0,0
240000,1,-2,-2,-2,-2,-2,0,0,0,0,0,0,0,0,0,0,0,150,1
240000,1,-2,-2,-2,-1,-1,-28,-28,-28,-28,1522,6820,0,0,0,1550,6900,4100,0
240000,1,-2,-2,-2,-1,0,0,0,0,0,27670,28252,0,0,0,27670,920,920,0
240000,1,-2,-2,-1,-1,-2,-2,-2,-2,968,-2,-2,0,0,970,0,0,0,1
240000,1,-2,-2,-1,0,0,-40,-40,-40,1160,1160,0,0,0,1200,0,0,0,0
240000,1,-2,-1,-1,-1,-1,-55,-55,3545,1338,1075,1744,0,3600,1338,1075,1744,0,0
240000,1,-2,-1,-1,-1,-1,0,0,1522,2141,590,176,0,1522,2141,590,176,1720,0
240000,1,-2,-1,-1,0,0,0,0,402,14350,14129,10222,0,402,14350,1129,1222,204,0
240000,1,-2,-1,2,-1,-1,0,0,7124,6860,2959,6000,0,7124,21,2959,6000,0,1
240000,1,-1,-1,-1,-1,-2,0,1263,-13,1667,-300,-300,1263,0,1680,0,0,1442,0
240000,1,-1,-1,-1,-1,-1,0,40529,3211,9795,11756,12522,40529,3211,9795,11756,12522,6199,0
240000,1,-1,-1,-1,2,0,-608,1966,4421,8521,8323,16620,5000,5000,10112,0,13000,10000,0
240000,1,2,-1,-1,0,0,40286,38008,9497,9124,7128,2745,14,9497,9124,2000,1200,1000,0
240000,1,2,0,0,0,0,137327,133724,136539,137487,141291,20143,0,6702,5000,6019,6099,14762,1
240000,2,0,-1,2,2,-1,60511,41296,2181,1175,-13,2487,2300,2185,4,0,2500,0,1
240000,2,0,0,0,0,0,5488,1788,2840,3750,4750,-10,1700,1090,1000,1000,0,0,1
240000,2,0,0,0,0,0,133954,138785,141894,143270,201082,215709,8500,6500,5000,60000,17464,6516,0
240000,2,0,0,0,0,0,179483,183151,185490,189351,193115,197445,8151,6790,6951,6915,7445,7248,1
240000,2,0,0,0,0,2,183360,187637,191846,194485,206747,203388,8600,8700,7200,15500,0,8000,0
240000,2,2,0,0,0,0,247477,241976,242629,239438,203445,203585,11,10949,9419,7461,7601,7501,0
240000,2,2,2,2,-2,-2,2500,2500,2500,0,0,0,0,0,0,0,0,0,1
250000,-2,-2,-2,-2,-2,-2,0,0,0,0,0,0,0,0,0,0,0,0,1
250000,-2,-2,-2,-2,-2,-2,0,0,0,0,0,0,0,0,0,0,0,0,0
250000,-2,-2,-2,-2,-2,-2,0,0,0,0,0,0,0,0,0,0,0,0,1
250000,-2,-2,-2,-2,-2,-2,1385,4843,2942,1054,1708,3014,4843,2942,1057,1708,3014,3037,0
250000,-2,-2,-2,-2,-2,-2,2508,3978,6560,4438,4309,816,3978,6560,4438,4311,816,9165,0
250000,-2,-2,-2,-2,-2,-2,22839,7745,12035,33604,0,1190,7783,12046,33718,0,1190,590,0
250000,-2,-2,-2,-2,-2,-2,34200,0,110801,0,18805,0,0,110801,0,18805,0,0,0
250000,-2,-2,-2,-1,-1,-1,2200,0,0,124832,7984,1500,0,0,124832,7984,1500,12674,0
250000,-1,-1,-2,-1,0,0,16317,0,0,188841,194321,198156,0,0,188841,8500,8000,7080,0
250000,-1,-1,-1,-1,-1,-1,390,390,390,1130,1683,2587,390,390,1130,1683,2587,0,1
250000,-1,-1,-1,-1,-1,-1,396,396,396,396,396,396,396,396,396,396,396,109,0
250000,-1,-1,-1,-1,-1,-1,396,396,396,3160,396,396,396,396,3160,396,396,396,0
250000,-1,-1,-1,-1,-1,-1,484,0,242,28932,0,100000,0,242,28932,0,100000,0,0
250000,-1,-1,-1,-1,-1,-1,3264,2395,2986,24971,500,2162,2395,2991,25185,500,2162,0,0
250000,-1,-1,-1,-1,-1,-1,5211,5211,6282,4140,5211,5211,5211,6282,4140,5211,5211,5211,0
250000,-1,-1,-1,-1,-1,-1,8040,8099,45964,6496,11108,3321,8099,46224,6496,11108,3321,7154,0
250000,-1,-1,-1,-1,-1,0,73,2244,3119,1860,10094,4896,2265,3119,1943,10094,2896,5074,0
250000,-1,-1,-1,-1,-1,0,3704,5303,25959,6354,2994,5360,5319,26036,6373,3000,4376,3609,0
250000,-1,-1,-1,-1,0,0,5992,0,1400,79181,29172,14816,0,1400,79181,10000,0,4176,1
250000,-1,-1,-1,0,0,-1,956,1339,2617,1817,975,1141,1339,2617,0,0,1141,1720,1
250000,-1,-1,-1,0,0,0,2177,2000,12327,10538,8712,3002,2000,12327,211,174,2228,5642,0
250000,-1,-1,2,-1,-1,-1,17582,600,600,9375,8765,3649,1200,0,9375,8765,3649,95417,0
250000,-1,0,0,0,-1,-1,3233,13244,12462,8977,1503,96834,12716,12158,8777,1503,96834,2204,0
250000,-1,0,0,0,0,0,44242,58876,73068,102311,75543,88283,25000,24000,30000,25000,30000,25000,0
250000,-1,0,0,0,0,0,377399,78416,64479,33404,11259,11007,10045,3194,1104,10015,5005,2033,0
250000,-1,2,-1,-1,-1,-2,5379,992,12738,2310,0,0,0,12738,2310,0,0,840,0
250000,0,0,-2,-2,-2,-2,39936,16666,16998,17504,0,0,8666,16998,17504,0,0,0,0
250000,0,0,-2,-2,-2,-2,41300,0,0,0,0,0,0,0,0,0,0,0,0
250000,0,0,0,-1,0,0,1635,2491,-60,600,600,0,1025,0,660,0,0,0,0
250000,0,0,0,0,-1,-1,33323,30090,21218,10875,3328,1460,2038,2065,52,3336,1460,1000,0
250000,0,0,0,0,0,0,18376,20070,21428,22757,24382,28768,2000,2000,2000,2000,5000,4000,0
250000,0,0,0,0,0,0,18761,10656,7099,11758,17047,16483,4662,2101,7227,7865,8485,5777,0
250000,0,0,0,0,0,0,24920,26456,24196,22408,20610,17978,2000,1790,1250,700,644,1000,0
250000,0,0,0,0,0,0,50122,44742,43194,41381,33246,32948,2027,2020,1510,1000,1000,7000,0
250000,0,0,0,0,0,0,62131,63238,51547,48483,49553,49683,2741,1741,1824,1942,2100,1366,0
250000,0,0,0,0,0,0,71012,60816,59328,57692,52811,49067,2200,3003,2800,1834,1850,3000,0
250000,0,0,0,0,0,0,73215,70284,70375,65085,54986,50848,7009,5023,5069,10037,5184,15011,0
250000,0,0,0,0,0,0,76412,80024,83952,87147,91191,94220,5000,5000,5000,5000,4000,5000,0
250000,0,0,0,0,0,0,98925,103213,87836,90577,65268,63019,9000,7000,9000,8000,8000,8000,0
250000,0,0,0,0,0,0,111204,114954,116608,120564,121477,124115,5600,5000,5900,4400,4600,5100,0
250000,0,0,0,0,0,0,123148,135439,42090,61558,80894,93938,15447,12004,21558,20894,15000,20000,0
250000,0,0,0,0,0,0,126751,129559,132714,135829,138959,140779,4559,5000,5000,5000,3779,4709,0
250000,0,0,0,0,0,0,127786,60663,49181,34072,33419,33925,3729,1600,2000,1000,1100,900,0
250000,0,0,0,0,0,0,130360,133799,137119,141367,133174,136481,5000,5000,5847,5000,5000,5018,0
250000,0,0,0,0,0,0,144807,162326,168186,175369,178156,189259,20000,10000,10000,7200,14000,7200,0
250000,0,0,0,0,0,0,171006,167192,46332,40974,26683,26887,5004,3330,2000,2000,2000,3000,0
250000,0,0,0,0,0,0,176925,179079,186166,189786,195130,198147,7000,10000,10000,10000,7300,8000,1
250000,0,0,0,0,0,0,177484,177946,159849,145461,141487,147705,6243,5446,4721,4385,7805,200,0
250000,0,0,0,0,0,0,188526,188454,176634,159655,139273,117986,7002,6500,6000,5500,4000,3847,0
250000,0,0,0,0,0,0,211084,211577,202346,203132,201230,199820,6934,7000,8975,7043,8000,10000,0
250000,0,0,0,0,0,0,214000,90010,78886,79845,79323,77788,3188,3282,2698,2752,2843,2511,0
250000,0,0,0,0,0,0,214301,211762,214629,204093,150752,150863,8972,9700,8960,5630,5777,5459,0
250000,0,0,0,0,0,0,215316,198490,169014,167776,168110,168505,6845,5945,5919,6000,6059,5837,0
250000,0,0,0,0,0,0,240725,200603,150035,145876,100971,50333,10022,7004,5414,2500,1010,48440,0
250000,0,0,0,0,0,0,242971,244628,243223,245031,247911,247353,8310,7938,8101,8430,8808,7820,0
250000,0,0,0,0,0,3,25823,26114,27446,28371,4715,4358,1500,1575,1500,1000,0,0,0
250000,0,0,0,0,2,2,195044,198294,202571,226423,221296,234762,8000,7478,27349,0,17000,0,0
250000,0,0,0,2,2,0,149678,152704,163101,164953,160805,164411,7000,14400,6000,0,6200,6200,0
250000,0,0,0,2,2,2,195126,199972,205635,212608,207919,205377,9500,10800,12018,3000,5000,12000,0
250000,0,0,2,0,0,0,141223,156858,151841,152803,155997,160220,17994,0,5469,5656,6811,3920,0
250000,0,0,2,0,0,0,177537,198017,192962,156134,161603,166631,25000,0,7000,8000,8000,5000,0
250000,0,0,2,2,2,0,6107,8837,8535,10647,10352,12788,3000,0,3000,0,3000,3000,0
250000,1,-2,-1,-1,-1,-1,0,0,191,2160,0,900,0,191,2160,0,900,2000,0
250000,1,-1,-1,-1,-1,-1,0,645,3490,0,4789,0,645,3490,0,4789,0,0,0
250000,1,2,2,-2,-2,-1,7067,998,0,0,0,1604,4,0,0,0,1604,0,0
250000,1,2,2,0,0,0,260260,262132,240448,186817,185488,184091,13000,0,6672,7000,7000,9000,0
250000,1,3,2,0,0,-1,4649,3964,3281,934,467,12871,0,10,0,0,12871,0,0
250000,2,0,0,0,0,0,69770,70954,70681,69497,41367,17004,3562,1914,1517,2000,8001,295,1
250000,2,2,2,0,0,0,170489,181700,177530,181147,184784,195574,13926,0,6408,6478,13629,0,0
250000,2,2,2,2,0,0,29860,29086,33288,32459,34600,36539,0,5000,0,3000,2500,2500,1
250000,3,2,2,-2,-2,-2,2500,2500,0,0,0,0,0,0,0,0,0,0,1
260000,-2,-2,-2,-2,-2,-2,-5684,211466,200304,2735,316,305,217773,200304,2759,316,305,2596,0
260000,-2,-2,-2,-2,-2,-2,-28,5735,693,1557,685,11625,5763,703,1564,688,11683,6997,0
260000,-2,-2,-2,-2,-2,-2,-7,-7,2493,2290,432,0,0,2507,2297,432,0,649,0
260000,-2,-2,-2,-2,-2,-2,-6,-6,1302,2752,1114,2212,0,1308,2765,1119,2218,625,0
260000,-2,-2,-2,-2,-2,-2,-2,-2,725,2074,0,585,0,727,2074,0,585,0,0
260000,-2,-2,-2,-2,-2,-2,0,0,0,0,0,0,0,0,0,0,0,0,1
260000,-2,-2,-2,-2,-2,-2,0,0,0,0,0,0,0,0,0,0,0,0,0
260000,-2,-2,-2,-2,-2,-2,0,0,0,0,0,0,0,0,0,0,0,0,0
260000,-2,-2,-2,-2,-2,-2,0,0,0,0,0,0,0,0,0,0,0,0,1
260000,-2,-2,-2,-2,-2,-2,0,0,0,0,0,0,0,0,0,0,0,0,1
260000,-2,-2,-2,-2,-2,-2,0,0,0,0,0,1150,0,0,0,0,1150,0,1
260000,-2,-2,-2,-2,-2,-2,825,650,825,644,819,1294,650,1000,644,1000,1300,825,0
260000,-2,-2,-2,-2,-2,-2,893,2778,4052,977,977,452,2946,4052,977,977,452,2097,1
260000,-2,-2,-2,-2,-2,-2,1249,0,0,0,1178,1692,0,0,0,1178,1692,810,1
260000,-2,-2,-2,-2,-2,-2,4456,177,1406,1006,436,5860,177,1406,1006,440,5860,1306,0
260000,-2,-2,-2,-2,-2,-2,5237,0,0,0,3982,0,0,0,0,3982,0,0,0
260000,-2,-2,-2,-2,-2,-2,5912,3768,1444,2402,2040,3172,3786,1451,2424,2050,3187,1972,1
260000,-2,-2,-2,-2,-2,-2,8154,1365,717,717,2325,1117,1365,717,717,2325,1117,891,0
260000,-2,-2,-2,-2,-2,-1,6000,4856,4328,15711,0,127395,4570,4353,17767,23209,127395,0,0
260000,-2,-2,-1,0,0,0,1086,2853,38836,45087,47201,46199,3552,38836,20000,15000,15000,10000,0
260000,-2,-1,-1,-1,-1,-1,3821,1316,2609,1017,1012,959,1316,2609,1017,1012,959,935,0
260000,-2,-1,-1,-1,0,0,0,204,-810,2190,810,0,204,0,3000,0,0,0,0
260000,-1,-1,-2,-2,-2,-2,3814,2688,500,2870,1141,679,2861,500,2870,1141,679,0,0
260000,-1,-1,-2,-2,-2,-2,9760,5465,2504,15809,3756,9560,5484,2504,16593,3764,11092,963,0
260000,-1,-1,-2,-2,-1,-1,1350,0,0,0,760,0,0,0,0,760,0,935,0
260000,-1,-1,-2,-1,-1,-1,470,0,0,550,880,1287,0,0,550,880,1287,925,1
260000,-1,-1,-2,-1,0,-1,6062,-900,-900,1905,897,4641,0,0,2805,2,4654,3661,0
260000,-1,-1,-1,-2,-2,-2,449,1340,0,0,0,0,1340,0,0,0,0,3250,0
260000,-1,-1,-1,-2,-2,-2,5877,427,-73,-73,-73,-73,10000,0,0,0,0,0,0
260000,-1,-1,-1,-1,-1,-2,11506,973,1183,2270,0,0,975,1186,2287,0,0,2580,0
260000,-1,-1,-1,-1,-1,-1,76,773,0,1703,329,248,826,0,1703,329,248,702,0
260000,-1,-1,-1,-1,-1,-1,228,340,352,364,376,388,500,400,400,400,400,284,0
260000,-1,-1,-1,-1,-1,-1,316,316,316,316,316,466,316,316,316,316,466,316,0
260000,-1,-1,-1,-1,-1,-1,316,316,4866,316,316,4843,316,4866,316,316,4843,316,0
260000,-1,-1,-1,-1,-1,-1,326,326,326,326,476,326,326,326,326,476,326,326,0
260000,-1,-1,-1,-1,-1,-1,500,0,832,0,284,463,0,832,0,284,463,0,1
260000,-1,-1,-1,-1,-1,-1,1267,553,0,202,11990,3359,553,0,202,11990,3359,1035,0
260000,-1,-1,-1,-1,-1,-1,2224,1996,1497,-3,2138,900,2007,1501,0,2141,902,197,0
260000,-1,-1,-1,-1,-1,-1,3469,1579,879,697,396,3635,1579,879,697,396,3635,5964,0
260000,-1,-1,-1,-1,-1,-1,6776,3198,2123,11774,6166,3583,3222,2125,11892,6192,3601,3403,0
260000,-1,-1,-1,-1,-1,0,582,0,582,291,4471,5394,0,582,291,4471,1000,1000,0
260000,-1,-1,-1,-1,-1,0,2335,1432,718,500,5306,2091,1432,718,500,5306,0,770,0
260000,-1,-1,-1,-1,-1,0,5188,12357,28656,7497,7685,15434,13000,29022,7500,27769,12000,6200,1
260000,-1,-1,-1,-1,-1,6,465,460,0,3600,2250,1650,460,0,3600,2250,0,0,0
260000,-1,-1,-1,-1,0,-1,213,213,203,2571,187,5469,214,204,2582,1,5496,427,0
260000,-1,-1,-1,-1,0,-1,399,399,399,798,399,399,399,399,798,0,399,399,0
260000,-1,-1,-1,-1,0,-1,868,1317,1757,31741,3842,2450,1320,1770,31744,1,2606,291,0
260000,-1,-1,-1,-1,0,0,892,2955,10319,4078,749,1040,2955,10319,4078,0,1040,1724,0
260000,-1,-1,-1,0,-1,-1,711,711,5514,1989,711,8503,711,5514,0,711,8503,3011,0
260000,-1,-1,-1,0,0,-1,496,496,992,992,496,1488,496,992,496,0,1488,496,0
260000,-1,-1,-1,0,0,-1,3382,2403,1161,772,383,1661,2519,1201,1,1,1668,2507,0
260000,-1,-1,-1,0,0,0,8046,2184,15475,10981,8566,4741,2184,15482,2000,3000,1000,5125,1
260000,-1,-1,-1,0,0,0,37003,1105,2490,17445,1795,278,1305,2690,15650,0,278,2500,0
260000,-1,-1,2,-1,-1,-1,598,2268,2268,1732,718,165,2268,0,1732,718,165,3735,0
260000,-1,-1,2,2,-1,2,263,511,248,-15,3526,263,512,1,1,3805,1,527,0
260000,-1,0,0,0,0,0,75841,69490,67107,28081,12767,4200,3008,2005,3036,5000,2200,1000,0
260000,-1,2,-1,-1,-1,-1,7559,4860,1350,4645,4625,12209,0,1350,4645,4625,12209,4365,0
260000,-1,2,2,-2,-1,2,8832,1528,0,0,5987,5837,15,0,0,5987,0,27887,1
260000,-1,3,2,2,2,0,82274,80426,78536,94069,92447,95925,0,0,17000,0,5015,4293,0
260000,0,-1,-1,0,0,0,2472,8160,4549,5502,3487,5416,8160,4549,1056,139,2000,381,1
260000,0,0,-2,-1,-1,-1,60587,-83,-83,458,-7941,156600,0,0,541,4538,166000,6000,0
260000,0,0,-1,-1,0,-1,16827,8606,3856,12996,8788,15104,1500,3856,13000,0,15104,16764,0
260000,0,0,-1,-1,0,0,2229,3140,2740,107139,105188,104418,1000,2740,107139,4000,4000,4696,0
260000,0,0,-1,0,0,0,9286,7926,33379,35877,21946,32150,2036,33393,6094,3530,12357,20060,0
260000,0,0,-1,0,0,0,78341,44155,27779,27738,27923,28143,10000,30150,2000,3000,2000,2000,0
260000,0,0,0,-2,-2,-2,71864,54050,0,0,0,0,3090,0,0,0,0,141516,0
260000,0,0,0,0,-1,-1,8161,10086,12985,0,560,0,2000,3000,0,560,0,0,0
260000,0,0,0,0,-1,0,16373,15249,15018,15520,3491,5651,5006,5000,5000,3491,3000,2000,1
260000,0,0,0,0,-1,0,200716,203751,205530,-170000,171696,174151,8812,9158,0,497000,10000,7000,0
260000,0,0,0,0,-1,0,251811,256753,143240,150000,14098,28736,9388,5000,10000,14098,15000,15000,0
260000,0,0,0,0,0,-1,115937,118957,119649,122448,-3353,123939,5800,6000,8000,40000,127292,6000,0
260000,0,0,0,0,0,0,9801,11115,11930,12954,14246,15733,1485,1300,1229,1521,1728,1610,0
260000,0,0,0,0,0,0,19674,17810,19753,21550,21032,19979,2000,3000,3000,3000,3000,3000,0
260000,0,0,0,0,0,0,21480,25791,31654,35784,40726,45923,5000,6781,5000,6452,6696,6892,0
260000,0,0,0,0,0,0,23820,23873,14856,17022,20032,11144,10000,3000,4000,5000,3000,6000,0
260000,0,0,0,0,0,0,33078,42056,43986,45879,54264,59872,10000,10000,10390,10009,10000,10000,0
260000,0,0,0,0,0,0,36664,22228,39330,39880,78787,52790,1690,19342,15000,53787,22790,3217,0
260000,0,0,0,0,0,0,52079,52083,46703,47500,45030,48249,6000,5000,5000,4000,5000,5000,0
260000,0,0,0,0,0,0,56380,40882,214941,196242,193177,161731,4121,196000,6020,6330,6032,5000,0
260000,0,0,0,0,0,0,59127,60344,61641,60715,57116,58318,2200,2300,2200,2060,2119,2293,0
260000,0,0,0,0,0,0,69343,70585,71430,73837,73271,74266,4000,4000,4007,13990,2056,2623,0
260000,0,0,0,0,0,0,73223,66672,64075,63922,60089,53326,2001,2048,2129,1660,1568,1997,0
260000,0,0,0,0,0,0,85666,92286,93742,93369,82476,73789,10005,4026,3481,141,20074,60308,0
260000,0,0,0,0,0,0,87281,96870,115398,146597,159844,145729,15000,20084,50029,20139,15147,12025,0
260000,0,0,0,0,0,0,99176,63497,51524,52681,53852,55967,2259,2000,2000,2000,3000,1681,0
260000,0,0,0,0,0,0,113872,118281,119564,68707,39517,33842,6302,5300,2600,2500,5000,15000,0
260000,0,0,0,0,0,0,120108,107696,103745,90818,92640,94338,4224,3650,5000,3640,3500,3500,0
260000,0,0,0,0,0,0,131211,132175,133289,134642,137065,108328,4001,4215,4101,4000,3300,3300,0
260000,0,0,0,0,0,0,135489,138509,138076,110044,111906,104073,5007,5003,5004,4052,4010,3835,0
260000,0,0,0,0,0,0,138834,143518,146714,148787,152306,155690,7000,7000,6000,6001,6000,6000,0
260000,0,0,0,0,0,0,144112,144619,142380,141746,112938,110346,5033,5046,4573,4000,3800,4000,0
260000,0,0,0,0,0,0,146033,108405,108396,110249,112119,114136,4160,4000,3984,4001,4128,4200,0
260000,0,0,0,0,0,0,152735,149672,140068,140367,141710,146578,6627,7000,7000,5000,7000,5000,0
260000,0,0,0,0,0,0,156882,160246,159988,158114,158762,159108,10000,8000,6000,7000,7000,6000,0
260000,0,0,0,0,0,0,174591,175093,176088,155624,141976,141305,10000,10000,7619,7000,8000,7000,0
260000,0,0,0,0,0,0,185441,190942,194161,197287,172561,165409,10000,8000,7150,7057,7396,4060,0
260000,0,0,0,0,0,0,187581,184144,140829,117445,114581,111726,7299,5375,4227,4052,3941,3626,1
260000,0,0,0,0,0,0,193000,149410,138021,98578,84967,83224,5072,4439,3079,3020,3036,4554,0
260000,0,0,0,0,0,0,203755,210668,182863,166437,184000,146518,15000,10000,15000,20000,5000,20000,0
260000,0,0,0,0,0,0,205599,151040,150917,152447,123771,126472,6000,7500,6000,4300,4500,4500,0
260000,0,0,0,0,0,0,238110,244368,245186,254614,176211,180845,10368,15186,14614,7211,7850,6912,0
260000,0,0,0,0,0,0,238896,244419,250051,247271,250327,253355,11000,11065,9500,9000,9100,9500,0
260000,0,0,0,0,0,0,239206,212271,191813,193555,197090,200841,9029,9000,7100,7509,8000,6888,1
260000,0,0,0,0,0,0,243952,224426,193708,163477,139993,133197,15521,10005,7000,5500,5000,4000,0
260000,0,0,0,0,0,0,244736,249018,253704,255353,175022,130299,10000,10000,5000,5000,5000,3200,1
260000,0,0,0,0,0,0,252107,222195,209496,215317,220727,218750,12004,15000,15000,12000,10000,10000,0
260000,0,0,0,0,0,0,252582,253302,254767,190432,105466,2312,9725,10617,8555,4722,2146,199485,1
260000,0,0,0,0,0,0,256324,250666,245741,240132,234520,227149,10000,9000,10340,11500,8042,14000,0
260000,0,0,0,0,0,0,256503,254732,244860,245165,236120,237705,9248,9021,8767,8317,8736,10025,1
260000,0,0,0,0,0,0,257920,256117,232981,202190,202800,202490,10036,8185,6715,7033,6728,6882,0
260000,0,0,0,0,0,0,258885,261183,262546,238614,195149,195771,10000,11000,13067,10003,8000,11488,0
260000,0,0,0,0,0,0,259394,264334,263431,253596,258387,259118,9876,10020,9900,9331,9307,9676,0
260000,0,0,0,0,0,0,266762,268508,266858,194413,189687,162473,11500,10000,5731,5654,5275,4000,0
260000,0,0,0,0,0,0,434442,443629,452727,48238,19335,7093,10000,10031,2141,3074,3000,3000,0
260000,0,0,0,2,0,0,98560,100980,222102,108724,68500,69174,4000,11900,207,2003,2003,2003,0
260000,0,0,2,0,0,0,131971,139305,89200,79702,79025,79997,10000,0,3012,3000,3000,4000,0
260000,0,0,2,2,0,0,258364,279322,282092,255409,257913,262004,45446,9000,0,9394,9628,8539,0
260000,1,-2,-2,-2,-2,-2,-200,-200,-200,6682,1718,1512,0,0,6882,1734,1512,0,0
260000,1,-2,-2,-2,-2,-2,0,0,0,0,0,0,0,0,0,0,0,4012,0
260000,1,-2,-2,-2,-2,-2,0,0,0,0,0,36150,0,0,0,0,36150,0,0
260000,1,-2,-2,-1,-1,-1,0,0,0,8500,2890,210,0,0,8500,2890,210,48000,0
260000,1,-2,-2,-1,-1,2,0,990,0,1930,4304,150,990,0,1930,4304,0,150,1
260000,1,-2,-2,-1,0,-1,0,-416,-1248,832,416,1398,0,0,2080,0,1398,0,0
260000,1,2,0,0,0,0,263943,258331,261518,194791,198894,197564,0,7700,6000,6130,7500,6500,1
260000,1,2,0,0,2,0,149124,145333,148332,160810,155683,158771,0,6910,16502,0,5847,5873,1
260000,1,2,2,2,2,2,118107,121763,133107,133107,148107,148107,3656,15000,0,15000,0,15000,1
260000,2,0,0,2,0,0,228443,233958,252615,186443,190345,193739,10698,24799,0,7035,7078,7221,1
260000,2,2,-2,-1,0,0,1013,0,0,6895,3718,0,0,0,6895,0,0,0,1
260000,3,2,2,-2,-2,-2,2500,2500,0,0,0,0,0,0,0,0,0,0,1
270000,-2,-2,-2,-2,-2,-2,-1404,73596,49800,1514,41072,23500,75000,49800,1514,41072,23500,29702,0
270000,-2,-2,-2,-2,-2,-2,1526,0,0,0,0,0,0,0,0,0,0,0,0
270000,-2,-2,-2,-2,-2,-2,3291,0,0,0,0,0,0,0,0,0,0,0,0
270000,-2,-2,-2,-2,-2,-2,14352,1843,9190,2072,637,238,1859,9190,2072,637,238,0,0
270000,-2,-2,-2,-2,-2,-2,72364,65094,30704,12383,143874,15081,65140,30773,12383,144570,20081,112791,0
270000,-1,-1,-2,-1,-1,0,2769,0,0,1074,3292,2106,0,0,1074,3292,0,508,0
270000,-1,-1,-1,-1,-1,-1,1363,0,6098,3500,7324,9466,0,6098,3500,7324,9466,2296,0
270000,-1,-1,-1,-1,-1,-1,3458,3833,9791,10532,6559,500,3833,9791,10532,6559,500,961,0
270000,-1,-1,-1,0,0,0,9658,8714,6425,10116,15953,19556,8781,6425,6000,8000,6000,6000,0
270000,-1,-1,0,0,0,0,1481,3952,25237,44395,44741,45209,3952,22438,20000,1587,2000,4000,0
270000,-1,-1,0,0,0,0,1576,199973,192008,166364,141918,141984,199973,8000,7800,5000,5500,5000,0
270000,-1,0,0,0,0,0,9213,2283,3203,1144,1144,1144,1080,1000,1121,0,0,0,0
270000,-1,2,-1,0,-1,-1,832,416,832,416,566,416,0,832,0,566,416,416,0
270000,0,-1,-1,-1,0,0,10000,10000,10000,123693,116843,110059,10000,10000,222750,5000,5008,5026,0
270000,0,0,0,0,-1,-1,14728,20865,24812,12674,9486,2460,10000,5000,3900,9486,2460,0,0
270000,0,0,0,0,0,-1,25343,40414,39956,39827,9456,386,20000,5000,5000,1000,386,0,0
270000,0,0,0,0,0,0,9526,10418,6436,7196,7137,5587,1116,1500,2000,1000,194,1005,0
270000,0,0,0,0,0,0,15194,16934,18533,8855,3140,5140,2000,2000,2000,1000,2000,2000,0
270000,0,0,0,0,0,0,21256,19819,19200,18527,18413,18010,1618,1569,631,652,637,541,0
270000,0,0,0,0,0,0,26183,24181,19543,17160,14818,12702,1826,1469,514,581,612,312,1
270000,0,0,0,0,0,0,38875,38589,27846,21787,16429,5488,6000,2000,1200,330,2000,8258,0
270000,0,0,0,0,0,0,39004,28963,23021,17934,13650,12864,1520,1719,1200,1000,2000,3022,0
270000,0,0,0,0,0,0,46107,42151,40546,36822,31700,29133,1700,1700,1500,1100,1200,1200,0
270000,0,0,0,0,0,0,54914,55423,57875,57456,33334,31723,3000,5000,3300,1337,1500,1000,0
270000,0,0,0,0,0,0,62599,59368,57856,49804,47310,42812,5000,5000,5000,5000,5240,5000,0
270000,0,0,0,0,0,0,68589,58751,53401,51401,36177,29209,6000,2028,5010,5000,5000,3000,0
270000,0,0,0,0,0,0,73953,68207,55382,46629,28115,12847,5168,5010,2005,2000,2000,2000,0
270000,0,0,0,0,0,0,106600,109383,113480,114432,112124,114885,4500,5800,4300,5000,4500,4500,0
270000,0,0,0,0,0,0,110593,102486,94362,86861,78538,70158,4500,3500,4000,3000,3000,2200,0
270000,0,0,0,0,0,0,116168,118661,121106,118269,120737,123227,4173,4275,4054,4191,4302,4567,0
270000,0,0,0,0,0,0,125120,102046,91426,93262,96104,98374,4000,2969,3000,4000,3500,3450,0
270000,0,0,0,0,0,0,156346,159223,165480,76144,77944,76577,7000,9000,5000,3000,3000,3000,1
270000,0,0,0,0,0,0,160006,163338,166672,170000,173547,177013,5420,5532,5572,5763,5804,5996,0
270000,0,0,0,0,0,0,161999,165303,168837,172281,175705,179582,6000,6200,6254,6290,6710,8250,0
270000,0,0,0,0,0,0,165303,168837,172281,175705,179582,184650,6200,6254,6290,6710,8250,0,0
270000,0,0,0,0,0,0,200750,204418,197854,173743,149095,145068,9500,8929,7265,5400,5300,5100,0
270000,0,0,0,0,0,0,218116,207533,204532,196061,180142,185838,10041,10064,9238,6000,8044,7030,0
270000,0,0,0,0,0,0,227479,181629,185614,189524,193971,199763,7000,7000,7000,7500,9000,10000,0
270000,0,0,0,0,0,0,280435,276971,225836,219426,210514,180129,13600,8000,7000,10000,7000,10000,0
270000,0,0,0,2,0,0,24769,22546,21345,14852,18669,25175,4000,5000,0,10000,7000,2000,0
270000,1,-2,-1,-1,-2,-2,0,0,6336,0,0,0,0,6336,0,0,0,0,0
270000,1,-1,-1,-1,-2,-1,-9,3265,6125,0,0,29961,3274,6129,0,0,29961,6216,0
270000,1,-1,-1,-1,-1,-1,0,2900,2000,2000,0,4759,2900,2000,2000,0,4759,0,0
270000,2,0,0,0,0,0,56376,56911,56758,26872,23660,12053,2680,1420,15,42,2476,0,0
270000,2,0,0,0,0,0,275572,277585,232661,150298,134808,129645,10332,10000,18021,8026,6011,5000,1
270000,2,2,2,0,0,0,9220,14050,13539,15005,16438,17021,5000,0,2000,2000,1000,1000,1
270000,2,2,2,2,2,2,258442,263195,268769,263144,273783,239278,10350,11000,0,16002,111,8100,1
280000,-2,-2,-2,-2,-2,-2,0,0,0,679,3047,5742,0,0,679,3047,5742,440,0
280000,-2,-2,-2,-2,-2,-2,0,0,320,2139,0,0,0,320,2139,0,0,0,0
280000,-2,-2,-2,-2,-2,-2,1397,0,136,0,0,350,0,136,0,0,350,297,0
280000,-2,-2,-2,-2,-2,-2,1558,0,940,0,699,0,0,940,0,699,0,399,0
280000,-2,-2,-2,-2,-2,-2,1616,1198,494,698,1233,5080,1198,494,698,1233,5080,17095,0
280000,-2,-2,-2,-2,-2,-2,2158,0,0,0,0,0,0,0,0,0,0,0,0
280000,-2,-2,-2,-2,-2,-2,2180,251,4250,1000,5507,5348,251,4250,1000,5507,5348,433,0
280000,-2,-2,-2,-2,-2,-2,2533,2997,14059,2693,697,5776,2997,14059,2693,697,5776,2671,0
280000,-2,-2,-2,-2,-2,-2,2624,-26,5214,17187,2848,5287,0,5240,17273,2861,5313,0,0
280000,-2,-2,-2,-2,-2,-2,3981,1350,3735,13956,5911,1356,1355,3754,14025,12820,1362,5274,0
280000,-2,-2,-2,-2,-2,-2,4320,4789,9957,12492,3464,3936,4811,9957,12492,3469,3936,3845,0
280000,-2,-2,-2,-2,-2,-2,5374,12360,20721,0,0,17131,12360,20721,0,0,17131,2681,1
280000,-2,-2,-2,-2,-2,-2,5819,14656,8971,5747,11927,40170,3683,9059,5787,11985,40370,8314,0
280000,-2,-2,-2,-2,-2,-2,26573,17597,22284,20232,17567,20027,18388,22302,20274,17567,20027,17025,0
280000,-2,-2,-2,-2,-2,-1,101259,7224,11169,2300,0,10551,7259,11055,2311,0,10551,15000,1
280000,-2,-1,-1,-2,-2,-2,2035,11009,9360,7480,4402,3646,11009,9370,7486,4402,3646,6059,0
280000,-2,-1,2,-1,-1,-1,-5,4609,1351,1108,1288,3552,4614,1,1109,1290,3561,3279,0
280000,-1,-1,-1,-1,-2,-2,886,0,930,0,0,0,0,930,0,0,0,0,0
280000,-1,-1,-1,-1,-1,-2,1451,9152,335,2300,0,0,9152,335,2322,0,0,9436,0
280000,-1,-1,-1,-1,-1,-2,4480,2120,1627,2649,0,0,2120,1627,2649,0,0,0,1
280000,-1,-1,-1,-1,-1,-1,390,390,390,390,390,150,390,390,390,390,150,780,0
280000,-1,-1,-1,-1,-1,-1,1695,5827,10190,2355,3612,586,6644,10200,2355,3612,4248,0,0
280000,-1,-1,-1,-1,-1,-1,2187,1461,53603,976,20825,1159,1469,53871,981,20929,1164,0,0
280000,-1,-1,-1,-1,-1,-1,2712,4450,9754,0,8142,6997,4494,9754,0,8142,6997,0,0
280000,-1,-1,-1,-1,-1,-1,3510,-32,4628,2589,3120,4334,0,4660,2601,3135,4354,3027,0
280000,-1,-1,-1,-1,-1,-1,5924,5174,980,3058,3158,9530,5174,1078,3058,3158,9530,0,0
280000,-1,-1,-1,-1,-1,-1,9713,264,252,2632,5410,5834,264,252,2656,5410,5834,0,0
280000,-1,-1,-1,-1,-1,-1,14697,4492,1415,15251,316,316,4501,2343,15289,316,316,3179,0
280000,-1,-1,-1,-1,-1,-1,17913,380,5118,380,380,380,380,5118,380,380,380,380,0
280000,-1,-1,-1,-1,-1,0,688,2384,696,696,1392,696,2400,696,696,1392,0,696,0
280000,-1,-1,-1,-1,-1,0,33210,526,9252,21254,1608,407,726,9298,21360,1614,2,4069,0
280000,-1,-1,-1,-1,-1,2,415,415,415,565,830,415,415,415,565,830,0,415,0
280000,-1,-1,-1,-1,0,-1,503,694,695,10639,13158,768,694,695,10639,3158,768,517,0
280000,-1,-1,-1,0,0,-1,3678,1829,10002,13476,23572,14603,3658,10020,10000,11000,14603,3819,0
280000,-1,-1,0,0,0,0,1152,49293,44707,39607,37542,34812,49349,3045,5028,5034,5024,5002,0
280000,-1,-1,2,-1,-1,-1,4591,38854,15287,14201,26133,4504,38979,16,14201,26133,4504,10748,0
280000,-1,0,0,0,0,0,33687,21575,23926,23102,22734,29434,5000,3000,10000,10000,16934,10234,0
280000,-1,2,-1,-1,-1,-1,2560,2343,4689,2289,1700,803,0,4689,2300,1725,803,129,1
280000,-1,2,-1,-1,-1,0,832,416,416,416,59211,416,0,416,416,59211,0,378,0
280000,0,-1,0,0,0,0,255527,256675,253682,260274,153516,156830,273844,13000,11000,8000,5866,8000,0
280000,0,0,-2,-1,0,-1,20650,0,0,4533,5533,65607,0,0,4533,1000,65607,2000,0
280000,0,0,-1,0,0,0,170678,26031,191493,136249,111454,96425,7000,208141,5003,5002,5000,3000,0
280000,0,0,0,-2,-2,-2,4821,3469,0,0,0,1047,1017,0,0,0,1047,56970,0
280000,0,0,0,-1,-1,-1,286469,293875,296257,232,-94,143864,8024,8034,232,94,145935,5000,0
280000,0,0,0,0,-1,-1,61282,53394,17644,0,5468,0,7900,4157,0,5468,0,330,0
280000,0,0,0,0,0,-1,8868,14766,16272,10496,6876,34574,10006,10018,7011,6000,37000,10000,0
280000,0,0,0,0,0,-1,39664,28033,27292,16567,7021,10171,9022,10006,6000,1000,10200,7900,0
280000,0,0,0,0,0,-1,231181,26610,24910,20133,5821,143866,1610,1910,1133,821,155681,4785,0
280000,0,0,0,0,0,0,31248,32081,32897,33350,34047,34525,1527,1541,1192,1233,1239,1273,0
280000,0,0,0,0,0,0,34433,34763,25048,24116,50483,47056,1383,1647,1004,41551,2056,1670,0
280000,0,0,0,0,0,0,36395,35945,36381,36594,37010,36334,1700,1600,1300,1500,2000,99334,0
280000,0,0,0,0,0,0,50415,59538,67642,39396,26096,34104,10000,10000,36432,0,10000,28580,0
280000,0,0,0,0,0,0,56144,58180,34855,36000,37684,22478,5000,5000,2000,2000,2000,2000,0
280000,0,0,0,0,0,0,92095,173354,193994,195250,204850,86279,83959,28869,13000,10000,5279,6160,0
280000,0,0,0,0,0,0,94451,96041,98301,74624,75173,77419,4000,4033,3000,3300,3500,6259,0
280000,0,0,0,0,0,0,96590,99755,81244,81193,82470,49630,5000,3000,3007,5000,2000,1700,0
280000,0,0,0,0,0,0,97694,89690,86812,87813,88267,89676,4014,4300,4153,2900,2500,2600,0
280000,0,0,0,0,0,0,99755,81244,81193,82470,49630,46517,3000,3007,5000,2000,1700,2000,0
280000,0,0,0,0,0,0,100740,104055,106380,112596,114235,117232,5000,4000,8000,5000,5000,18000,0
280000,0,0,0,0,0,0,119587,122015,130286,130705,132964,136400,4411,10282,3006,2659,3436,1000,0
280000,0,0,0,0,0,0,126305,128888,123909,124078,124489,114110,4728,4700,4210,4455,4109,4000,1
280000,0,0,0,0,0,0,148186,150724,153762,155242,143679,145615,5000,5006,4408,4117,4600,4600,0
280000,0,0,0,0,0,0,148363,148432,151310,141937,144990,147911,6900,6867,5500,5500,5500,5600,0
280000,0,0,0,0,0,0,149312,152323,155568,158775,162035,165522,5500,5700,5800,5900,6100,6100,0
280000,0,0,0,0,0,0,157480,155362,156387,159584,163009,161769,6400,6100,5600,5805,7007,5400,0
280000,0,0,0,0,0,0,166037,166291,162992,134154,161057,167490,12126,39102,5000,30000,10000,10000,0
280000,0,0,0,0,0,0,173092,160948,146106,97334,91671,81030,5853,4422,3138,2817,2927,2334,1
280000,0,0,0,0,0,0,183797,168402,161474,152092,145229,148602,6083,5913,5293,5126,5640,5119,0
280000,0,0,0,0,0,0,188698,353481,152132,138990,136778,137641,6337,6000,4974,5041,5215,7000,0
280000,0,0,0,0,0,0,202260,102097,104596,106950,87706,88396,4000,4000,4000,3000,3600,3100,0
280000,0,0,0,0,0,0,210465,200959,146652,132527,70421,60235,10299,7200,5886,3000,5000,5000,0
280000,0,0,0,0,0,0,212617,207478,211850,209651,214520,213520,7297,7584,7416,8000,7639,7312,0
280000,0,0,0,0,0,0,212968,312960,373419,232919,228387,235187,237000,150000,10000,150000,10572,7313,0
280000,0,0,0,0,0,0,230931,235635,197003,198808,187425,177340,8634,7665,6497,5555,5027,5065,0
280000,0,0,0,0,0,0,235461,196894,168463,149816,128721,130406,8900,8100,7200,5000,5000,4700,0
280000,0,0,0,0,0,0,236168,242865,243515,215853,189911,161830,11000,10500,8010,7000,6000,4600,0
280000,0,0,0,0,0,0,237821,223180,237301,201226,207802,219281,11000,20000,10000,10000,15000,10000,0
280000,0,0,0,0,0,0,251486,245307,218043,196016,195307,168946,9352,8077,7171,8014,6235,4445,0
280000,0,0,0,0,0,0,259637,259593,261595,267359,236734,231064,10028,12500,13106,231064,15004,8004,0
280000,0,0,0,0,0,0,266030,264176,267668,262905,260296,254023,12000,12001,12000,9510,10002,10000,0
280000,0,0,0,0,0,0,269124,266163,215177,184270,130954,92215,11268,8196,6281,4403,3532,3510,0
280000,0,0,0,0,0,0,271276,275970,280276,188923,192333,195774,16991,10447,6006,6006,6147,5001,1
280000,0,0,0,0,0,0,272190,266459,228907,234179,180684,184319,9910,9000,9329,7000,6511,5500,0
280000,0,0,0,0,0,0,280323,284176,283680,273446,279458,269333,10505,10424,10047,10683,10073,9084,1
280000,0,0,0,0,0,0,281424,232826,195621,96843,99232,102620,9604,53459,4000,4000,5000,4000,0
280000,0,0,0,0,0,0,281604,283292,281327,189287,185398,184414,10000,10059,5201,5211,5500,5500,0
280000,0,0,0,0,0,0,286706,272243,203744,203520,207878,211812,10480,8041,7200,7500,7093,5702,0
280000,0,0,0,0,2,2,245969,251120,254735,270486,276026,271408,10600,9300,20000,10000,0,11000,0
280000,0,0,0,2,2,0,255317,259137,276794,281455,276403,234607,9439,22000,10694,0,8475,9266,1
280000,0,0,2,2,2,2,109392,128447,131053,132418,134038,136939,21000,6150,5000,5300,5200,5250,0
280000,1,-2,-2,-2,-2,-2,-10,-10,-10,-10,-10,-10,0,0,0,0,0,0,0
280000,1,-2,-2,-2,-1,-1,0,0,0,0,710,7611,0,0,0,710,7611,4750,0
280000,1,-2,-2,-2,-1,-1,0,0,0,0,5360,251,0,0,0,5360,251,5360,0
280000,1,-2,-2,-1,-1,-1,0,0,0,539,94,3582,0,0,539,0,3582,392,0
280000,1,-2,-1,0,0,-1,0,0,11905,8350,2428,4662,0,11905,200,49,4662,6278,0
280000,1,-1,-1,-1,0,0,0,230,0,327,168,168,230,0,327,0,0,0,1
280000,1,-1,0,0,0,0,-1312,35918,37297,37154,32581,33316,38621,2000,1130,922,1011,5000,1
280000,1,2,0,0,0,2,285249,276229,277026,280771,270992,111885,5,10031,10021,7111,34,171574,0
280000,2,-1,0,0,0,0,9511,35852,36875,75016,38304,27383,35852,1467,1200,1792,15137,0,1
280000,2,0,0,-1,0,0,278510,279845,0,189841,193313,192742,6996,0,189841,6022,6078,5300,1
280000,2,2,2,0,0,0,28788,31315,30529,33562,34557,35600,3315,0,3562,1557,1600,3175,0
290000,-2,-2,-2,-2,-2,-2,-68,-68,-68,675,-6,2168,0,0,743,0,2174,972,0
290000,-2,-2,-2,-2,-2,-2,-17,3465,10069,4225,-4,871,3482,10194,4276,0,875,3852,0
290000,-2,-2,-2,-2,-2,-2,-4,-4,798,-2,494,-6,0,802,0,496,0,1292,0
290000,-2,-2,-2,-2,-2,-2,346,0,2765,6116,10462,1052,0,2765,6200,10479,1052,1481,1
290000,-2,-2,-2,-2,-2,-2,1961,3144,500,0,0,0,3148,501,0,0,0,0,0
290000,-2,-2,-2,-2,-2,-2,4603,2698,6401,1864,5156,3277,2699,6491,1864,5157,3277,4883,0
290000,-2,-2,-2,-2,-2,-2,5307,4739,11495,11214,4084,6348,4739,11527,15537,4873,26348,2306,0
290000,-2,-2,-2,-2,-2,-2,24709,291,6161,6200,3892,4072,291,6170,6216,3892,4072,4382,0
290000,-2,-2,-1,-1,0,0,2348,10421,566,12008,19820,17135,10421,566,12008,8012,343,2630,0
290000,-1,-1,-2,-2,-2,-2,636,6732,0,3692,0,1957,6732,0,3692,0,1957,0,1
290000,-1,-1,-2,-1,-1,-1,1597,-2002,-1001,3999,0,4483,0,0,5000,0,4483,1209,0
290000,-1,-1,-1,-1,-2,-2,1757,3555,2256,2830,1682,1235,3579,2262,2830,1682,1235,1280,0
290000,-1,-1,-1,-1,-1,-1,264,264,264,264,264,264,264,264,264,264,264,264,0
290000,-1,-1,-1,-1,-1,-1,316,316,316,316,316,297,316,316,316,316,297,2828,0
290000,-1,-1,-1,-1,-1,-1,550,550,550,550,550,550,550,550,550,550,550,0,0
290000,-1,-1,-1,-1,-1,-1,1994,390,390,390,390,780,390,390,390,390,780,568,0
290000,-1,-1,-1,-1,-1,-1,3412,1573,11859,2483,1170,20328,1573,11886,2485,1170,20328,375,0
290000,-1,-1,-1,-1,-1,-1,6959,6891,980,4059,2473,3332,6891,980,4059,2473,3332,3203,0
290000,-1,-1,-1,-1,-1,-1,30365,32571,36918,37063,11566,32057,32575,36982,37063,11566,32057,1501,0
290000,-1,-1,-1,-1,-1,-1,31386,31394,1369,15010,3280,0,31401,1369,15010,3280,0,3357,0
290000,-1,-1,-1,-1,-1,0,2615,0,679,3390,5784,5784,0,679,3390,5784,0,150,0
290000,-1,-1,-1,0,0,0,8452,7718,237648,236463,146420,148600,7728,237648,8900,5300,5541,4700,0
290000,-1,-1,2,-1,-1,-2,4479,8025,3499,3264,-550,-550,15499,0,3302,0,0,1250,0
290000,-1,-1,3,2,-1,-1,792,264,264,264,260,4738,264,0,0,260,4746,53902,0
290000,0,0,-1,-1,0,-1,22681,25980,10409,118253,111765,13294,20246,10460,118299,2794,13358,14705,0
290000,0,0,0,0,-1,0,41435,30229,9020,-77,8123,210989,1690,3000,0,8200,205000,6000,0
290000,0,0,0,0,-1,0,48978,58858,36129,20369,29521,59219,20078,5017,509,29526,35000,93600,0
290000,0,0,0,0,0,-2,42065,10800,9653,4374,179758,180125,1100,1087,1002,179768,5800,6258,0
290000,0,0,0,0,0,-1,7874,9236,10326,11000,11000,11417,1500,1400,1000,0,11417,500,0
290000,0,0,0,0,0,-1,44193,15950,15315,14199,9681,162,1380,1212,284,5000,162,380,0
290000,0,0,0,0,0,0,14543,12190,14483,16589,18306,22204,2000,3000,3000,3000,5000,3000,0
290000,0,0,0,0,0,0,18359,18985,17742,17530,8135,7559,1500,1500,1021,185,387,2000,0
290000,0,0,0,0,0,0,21372,25278,29127,32901,36634,40460,5000,5000,5000,5000,5000,5000,0
290000,0,0,0,0,0,0,41879,42882,43992,45061,46998,51046,2000,2100,2100,3000,5000,2050,0
290000,0,0,0,0,0,0,46041,47039,48047,51395,52332,416,2000,2300,5000,2600,0,416,0
290000,0,0,0,0,0,0,62029,46716,39340,22587,24219,26647,3000,2000,2000,2000,3000,2000,0
290000,0,0,0,0,0,0,65369,67270,65357,66893,69740,56411,3360,3000,3000,4000,2500,8000,0
290000,0,0,0,0,0,0,76063,72418,65814,60861,60901,53023,4434,3814,2861,1901,2023,3719,0
290000,0,0,0,0,0,0,78200,79726,80890,81615,75661,77012,3700,3600,3000,3000,3000,3000,0
290000,0,0,0,0,0,0,78928,73380,67146,68063,63910,73553,8000,10000,5005,8000,15000,10000,0
290000,0,0,0,0,0,0,81022,59327,102180,58554,59358,45266,2121,48345,1689,1516,1240,1211,0
290000,0,0,0,0,0,0,88713,79214,81301,84033,86513,90056,3459,4000,5000,4000,5000,5000,0
290000,0,0,0,0,0,0,98709,106341,107325,108805,105375,105710,10000,3286,3133,2822,3212,3073,0
290000,0,0,0,0,0,0,144160,147451,150617,153351,156213,158938,6000,6010,5600,5700,5700,6000,0
290000,0,0,0,0,0,0,161623,166345,167924,170227,164584,161912,11200,6000,6000,6000,6700,5000,0
290000,0,0,0,0,0,0,165563,128747,120469,78892,81561,83687,7000,10009,5000,5000,5000,10000,0
290000,0,0,0,0,0,0,169108,170419,142264,101952,103174,105464,7118,5800,3792,4010,4276,3655,0
290000,0,0,0,0,0,0,192432,192512,193999,157500,147150,146936,8000,9008,6000,5000,5200,5100,0
290000,0,0,0,0,0,0,194301,199451,198684,87700,88621,53243,10744,6000,1573,1629,3129,105423,0
290000,0,0,0,0,0,0,222000,226917,415700,232732,220460,224780,10013,8501,15018,10001,7997,7624,0
290000,0,0,0,0,0,0,262518,180499,138326,128721,95657,90210,6500,5300,4000,5000,3000,2974,1
290000,0,0,0,0,0,0,272799,261286,246740,224260,233251,226100,10109,10126,7095,30227,40213,40211,0
290000,0,0,0,0,0,0,284054,283149,284434,275889,218834,220695,10222,11019,9019,8010,8002,8001,0
290000,0,0,0,0,0,0,294475,295310,290951,237255,241778,236917,12021,11212,8503,9047,9003,10014,0
290000,0,0,0,0,0,0,305781,310403,315048,314085,317631,315820,12012,12012,12012,11016,11088,12031,0
290000,0,0,0,0,0,0,310403,315048,314085,317631,315820,305498,12012,12012,11016,11088,12031,12031,0
290000,0,0,0,0,0,2,183800,187658,193030,195356,207180,211614,6820,8500,7020,15000,8000,0,1
290000,1,-2,-1,-1,-1,2,0,166,2462,-150,1134,777,166,2462,150,1833,0,500,1
290000,1,-2,-1,0,-1,-1,0,0,3786,3786,2881,2430,0,3786,0,2881,2430,0,0
290000,1,-1,-1,-1,0,0,0,1839,1750,19117,12693,28468,1839,1750,19117,400,2000,3496,0
290000,1,2,0,0,0,0,296437,192441,194158,197590,187134,180887,25,10013,9526,6549,6373,6781,0
290000,1,2,2,2,2,0,170422,173840,169476,177186,161057,163338,7594,0,12000,0,6818,5182,1
290000,1,2,2,2,2,0,173564,176233,171993,183510,179061,182891,7000,0,14367,0,6700,7000,0
290000,2,0,0,0,0,0,97531,99413,96194,96089,92505,74760,4429,5000,2928,3097,2033,1051,1
300000,-2,-2,-2,-2,-2,-2,-5478,-8584,-14998,10980,1123,4665,1220,33,30044,12,11493,4983,0
300000,-2,-2,-2,-2,-2,-2,-3,-3,-3,329,0,0,0,0,332,0,0,0,0
300000,-2,-2,-2,-2,-2,-2,230,469,899,0,0,0,469,899,0,0,0,1051,0
300000,-2,-2,-2,-2,-2,-2,920,1592,0,0,0,0,1592,0,0,0,0,0,0
300000,-2,-2,-2,-2,-2,-2,2022,537,142,656,620,502,537,142,656,620,502,142,0
300000,-2,-2,-2,-2,-2,-2,15876,4347,0,2208,2475,7580,4347,0,2208,2475,7580,0,0
300000,-2,-2,-2,-2,-2,-2,161772,111664,123854,0,0,0,114402,127180,0,0,0,0,0
300000,-2,-2,-1,-1,0,0,-1244,3751,54478,10424,13762,11428,6425,54478,10424,3762,229,1423,0
300000,-1,-1,-2,-2,-2,-2,4370,0,0,0,0,0,0,0,0,0,0,0,0
300000,-1,-1,-2,-2,-2,-2,5770,0,0,0,0,0,0,0,0,0,0,0,0
300000,-1,-1,-2,-2,-2,-1,5345,0,0,0,0,477,0,0,0,0,477,348,0
300000,-1,-1,-2,-1,-1,-1,21670,-5,-5,1578,1307,0,0,0,1583,1307,0,179,0
300000,-1,-1,-2,-1,2,2,274750,0,0,411,261,8561,0,0,411,0,8300,0,1
300000,-1,-1,-1,-2,-1,-1,440,452,0,0,3427,1098,452,0,0,3427,1098,0,0
300000,-1,-1,-1,-1,-2,-2,56,0,849,0,0,112,0,849,0,0,112,550,0
300000,-1,-1,-1,-1,-2,-1,1326,0,256,0,0,126,0,256,0,0,126,0,0
300000,-1,-1,-1,-1,-1,-2,2884,1706,2960,579,0,0,1706,2964,579,0,0,2937,1
300000,-1,-1,-1,-1,-1,-1,514,2392,148,148,148,0,2392,148,148,148,0,747,1
300000,-1,-1,-1,-1,-1,-1,729,0,236,766,227,0,0,236,800,227,0,0,0
300000,-1,-1,-1,-1,-1,-1,1890,1570,390,390,390,390,1570,390,390,390,390,1890,0
300000,-1,-1,-1,-1,-1,-1,3863,4242,5090,309,2700,7593,5021,5134,322,5013,7611,8059,0
300000,-1,-1,-1,-1,-1,-1,6192,4784,6462,456,-2056,5251,4790,6462,456,0,14447,9196,1
300000,-1,-1,-1,-1,-1,-1,7834,1086,316,316,316,316,1093,316,316,316,316,316,1
300000,-1,-1,-1,-1,-1,2,4984,752,3737,1433,5522,3233,756,3753,1433,5522,0,27232,0
300000,-1,-1,-1,-1,0,-1,1386,25051,9505,91527,80780,2694,25125,9565,91559,252,2694,1000,0
300000,-1,-1,-1,-1,0,-1,41051,70951,18911,15982,2665,57096,71277,19003,16050,2659,54394,52000,0
300000,-1,-1,-1,-1,0,0,2566,4658,197,10767,26117,15800,4725,197,10770,15350,5000,424,0
300000,-1,-1,-1,-1,2,-1,2186,0,290,707,161,7705,0,290,1209,0,7705,3798,0
300000,-1,-1,-1,0,0,-2,6349,668,9737,367,-23,-413,668,9800,0,0,0,0,0
300000,-1,-1,-1,0,0,-1,374,1685,1485,990,495,495,2000,1485,0,0,495,495,1
300000,-1,-1,-1,0,0,0,8924,3131,117497,110680,104016,109839,3131,121715,4000,5000,9000,5000,0
300000,-1,0,0,-1,-1,-1,15536,17923,27007,360,257,21140,10000,10140,360,257,21346,360,0
300000,-1,0,0,-1,0,0,11973,61834,25145,37666,19453,10492,20979,5000,37676,8808,2000,2709,1
300000,-1,0,0,0,0,0,15230,16212,17239,18237,18600,17939,1222,1249,1247,610,611,616,0
300000,-1,2,-1,-1,-1,-1,10940,10104,1610,2749,155,3167,0,1610,2768,155,3167,435,0
300000,0,-1,-1,-1,0,-1,26857,9505,8933,14357,24549,3031,9511,8933,14357,15000,3031,20993,0
300000,0,-1,0,0,0,-1,1617,7785,3420,814,-494,8006,7785,3000,0,0,8500,0,0
300000,0,-1,0,0,0,0,1250,940,11240,12137,15937,16437,940,10300,1200,4000,500,6000,0
300000,0,0,0,-2,-2,-1,133115,41300,0,0,0,2538,2300,0,0,0,2538,47473,1
300000,0,0,0,-1,-1,-1,5361,2700,3822,1103,1622,-1,1060,1182,1108,1630,0,0,0
300000,0,0,0,-1,-1,-1,11158,1616,3658,658,662,0,1000,2700,658,662,0,0,0
300000,0,0,0,-1,-1,2,34480,31159,18580,1400,6297,977,1472,1000,1410,6297,0,19480,0
300000,0,0,0,0,-2,-2,293880,242669,76777,34072,11632,15429,11128,47009,34044,11677,15483,6098,0
300000,0,0,0,0,0,-2,8857,8102,12214,27299,0,0,3000,5000,21312,0,0,0,0
300000,0,0,0,0,0,-2,15003,14469,15200,18000,0,0,1469,1200,3000,0,0,0,0
300000,0,0,0,0,0,-2,26575,27062,20111,8738,250,0,1321,9160,1000,250,0,0,0
300000,0,0,0,0,0,-1,15024,12128,9775,7347,4026,4851,1200,1164,1069,81,4851,3333,0
300000,0,0,0,0,0,-1,184164,151244,150727,196467,201425,-8276,7028,6000,50000,10013,9505,175074,0
300000,0,0,0,0,0,0,1257,6467,7655,7507,7659,-574,5600,1500,0,300,0,6600,0
300000,0,0,0,0,0,0,16260,11613,12893,10841,11900,0,1500,1513,1000,1059,0,0,0
300000,0,0,0,0,0,0,23436,22055,18497,8426,11291,14449,1350,2008,301,3000,5000,5000,0
300000,0,0,0,0,0,0,25193,34242,35228,12512,12570,13022,10000,1377,1149,2000,615,9000,0
300000,0,0,0,0,0,0,25492,28048,30582,33059,35498,39902,3000,3000,3000,3000,5000,5000,0
300000,0,0,0,0,0,0,35040,35167,31333,35906,38963,40283,1518,1507,5406,3963,2283,900,0
300000,0,0,0,0,0,0,49833,49831,51818,50244,49484,53472,5000,5000,5000,5000,5000,5000,0
300000,0,0,0,0,0,0,63425,50294,38235,29944,26259,26288,3005,2691,2400,1000,1000,859,0
300000,0,0,0,0,0,0,80928,82690,84462,86263,87238,89176,4000,4000,4100,3300,3500,3500,0
300000,0,0,0,0,0,0,91282,45885,35329,29368,18833,93329,3260,2240,1505,1250,80934,2700,0
300000,0,0,0,0,0,0,93738,84636,88446,76244,67747,70389,3000,5000,2500,2500,3500,87000,1
300000,0,0,0,0,0,0,121603,125098,94769,112777,100323,87009,30000,25000,50007,10000,20000,30363,0
300000,0,0,0,0,0,0,127237,114506,115420,118149,110223,110449,4100,4600,7384,3500,3900,4500,0
300000,0,0,0,0,0,0,147277,149893,152529,152882,113347,114554,7000,7000,6000,4084,4056,4300,0
300000,0,0,0,0,0,0,149893,152529,152882,113347,114554,116357,7000,6000,4084,4056,4300,6609,0
300000,0,0,0,0,0,0,158741,155438,146043,142726,138849,137499,5823,5310,5302,5035,5118,4532,0
300000,0,0,0,0,0,0,248832,255686,262075,276110,279623,285719,11000,12000,20002,10002,11002,26002,0
300000,0,0,0,0,0,0,269781,275773,282818,289012,123239,123812,10001,11001,12001,10001,5001,5001,0
300000,0,0,0,0,0,0,276536,206885,169901,170540,152188,101485,26531,10017,9123,10259,5079,3816,0
300000,0,0,0,0,0,0,281829,285038,291480,298378,131103,128742,10208,12507,15056,5027,5007,5063,0
300000,0,0,0,0,0,0,283552,252308,204975,159596,116322,247931,10000,7009,6000,6100,245000,7600,0
300000,0,0,0,0,0,0,286321,283547,578971,293063,296677,230338,20000,12003,10524,11238,8814,9463,1
300000,0,0,0,0,0,0,295433,301521,308038,306154,295664,290329,13000,13116,11000,11000,12000,9300,0
300000,0,0,0,0,0,0,298072,305851,245210,204845,190840,165498,13636,10633,7016,10058,7125,5035,0
300000,0,0,0,0,0,2,36062,37055,38354,39634,21597,481,1897,2196,2476,3439,0,1248,0
300000,0,0,0,0,2,-1,43610,43280,36156,30305,30155,561,1655,1797,750,0,561,500,0
300000,0,0,2,2,0,0,223211,239061,239874,233894,169520,160385,21000,6000,3662,6000,6000,6000,0
300000,1,-2,-2,-2,-2,-2,0,0,1702,0,0,0,0,1702,0,0,0,0,0
300000,1,-2,-2,-1,2,-1,-78,-78,-78,1222,1072,4689,0,0,1300,0,4689,0,1
300000,1,-2,-1,-1,0,0,43459,26115,26283,16624,6316,8394,26137,26443,16624,6166,8078,25763,0
300000,1,-1,-1,-2,-2,-2,0,1669,0,0,0,0,1669,0,0,0,0,289,0
300000,1,-1,-1,-2,-1,-1,0,11174,0,0,3330,3330,11174,0,0,3330,3330,3330,0
300000,1,-1,-1,-1,-1,-1,-122,22953,3565,19869,26249,1332,23075,3583,19969,26380,1338,0,0
300000,1,-1,-1,-1,-1,-1,0,176,1269,11347,369,860,176,1269,11347,369,860,0,0
300000,1,2,-1,0,0,-1,5602,2700,6300,8100,5400,2700,0,6300,5400,0,2700,7150,0
300000,1,2,0,0,0,0,34085,29305,25945,22318,18636,15374,0,1380,753,630,1000,500,0
300000,1,2,0,0,0,0,240394,239798,242518,224580,179060,154320,10000,10000,8000,8000,10000,3632,0
300000,1,2,2,-1,0,0,10566,11293,12000,3458,56338,56735,1200,1200,9427,55000,2000,2000,0
300000,1,2,2,2,2,2,32643,33427,32591,34943,35536,36403,1600,0,2900,1300,1600,0,0
300000,2,-1,-1,0,0,-2,1314,168,1080,1080,0,0,170,1080,0,0,0,2500,1
300000,2,0,0,2,2,2,36656,37672,40743,41226,40263,42788,1929,4000,1446,0,3179,0,0
300000,2,2,2,0,0,2,273138,279307,273333,277270,284915,286837,12000,0,10000,12180,10000,10817,1
310000,-2,-2,-2,-2,-2,-2,167,-223,780,0,0,291,0,1003,0,0,291,173,0
310000,-2,-2,-2,-2,-2,-2,297,0,0,0,0,0,0,0,0,0,0,0,0
310000,-2,-2,-2,-2,-2,-2,360,360,360,360,360,360,360,360,360,360,360,360,0
310000,-2,-2,-2,-2,-2,-2,2154,359,256,2513,795,250,360,257,2537,798,251,2064,0
310000,-2,-2,-2,-2,-2,-2,4052,6514,-3484,-3484,-3484,13833,6514,0,0,0,17317,0,0
310000,-2,-2,-2,-2,-2,-2,20138,8267,65993,8543,1695,750,8267,66008,8543,1695,750,7350,1
310000,-2,-2,-2,-2,-2,-2,53474,11913,6629,34342,1900,5807,11919,6629,17171,3800,5807,1380,0
310000,-1,-1,-1,-1,-1,-1,530,7233,4158,8408,542,2314,7233,4318,8408,542,2314,648,0
310000,-1,-1,-1,-1,-1,-1,833,323,1083,2134,2474,2097,323,1093,2140,9201,2103,6571,0
310000,-1,-1,-1,-1,-1,-1,1815,3689,20524,7986,1100,9622,3689,20658,7986,1100,9622,0,0
310000,-1,-1,-1,-1,-1,-1,10878,12910,990,0,1715,11936,12910,990,0,1715,11936,277,0
310000,-1,-1,-1,-1,-1,-1,15431,10414,21209,91238,18293,14332,10414,21229,91254,18293,14332,15785,0
310000,-1,-1,-1,-1,-1,-1,23285,1058,0,1312,4836,11795,1058,142,1312,4836,11795,0,0
310000,-1,-1,-1,-1,0,-1,325,4373,26863,7443,4221,8172,4373,26863,7443,0,8172,31362,0
310000,-1,-1,-1,-1,0,-1,1261,1261,1261,1651,390,390,1261,1261,1651,0,390,390,1
310000,-1,-1,-1,0,-1,-1,455,455,1415,883,883,1033,455,1415,0,883,1033,883,1
310000,-1,-1,-1,0,-1,-1,4323,650,10453,10115,600,1788,650,10453,202,1098,1788,200,0
310000,-1,0,0,0,0,0,2257,5202,6495,5781,7754,12315,3000,3000,1000,4000,5000,5000,0
310000,-1,0,0,0,0,0,47330,48947,49738,53602,40510,43742,4000,5000,5052,9950,5000,5000,0
310000,-1,0,0,0,0,0,48931,207890,24113,65010,67144,60592,207000,20000,60126,20000,25000,6000,0
310000,-1,0,0,0,0,0,67423,67729,113788,106919,100656,93846,10000,56000,5000,4000,3300,5000,0
310000,-1,2,-1,-1,-1,0,3640,1094,9445,5202,14589,11673,0,9453,5206,14589,0,16563,0
310000,0,0,-1,-1,-1,-1,4153,2199,5565,4050,4922,15362,1002,5565,4050,4922,15362,12000,0
310000,0,0,-1,0,0,0,112343,25349,21033,19033,9588,5222,3023,21033,1000,192,104,87268,0
310000,0,0,0,0,0,0,3947,5987,7739,8843,12204,14520,2500,2000,2000,3500,2500,1500,0
310000,0,0,0,0,0,0,11566,9532,10687,12754,16105,18823,3010,5002,4008,5000,5000,912,0
310000,0,0,0,0,0,0,14015,15377,16393,14855,12662,9628,2000,1300,1461,1000,2000,2000,0
310000,0,0,0,0,0,0,32782,33587,39572,44598,50570,64916,11406,10773,10819,15766,20645,5000,0
310000,0,0,0,0,0,0,66140,66637,68131,68585,68657,55457,6000,10000,3018,4000,3000,3000,0
310000,0,0,0,0,0,0,103797,91989,87720,76218,72090,71620,4400,4013,3011,3000,3001,2653,0
310000,0,0,0,0,0,0,106468,108955,112374,54762,58189,57170,8000,6000,5000,5000,4000,5000,0
310000,0,0,0,0,0,0,113529,116101,119953,119583,120837,99114,5000,6000,5005,5000,4000,3000,0
310000,0,0,0,0,0,0,140483,141796,145125,148388,152132,155887,4000,4500,4500,5000,5000,5000,0
310000,0,0,0,0,0,0,157173,160555,170288,175252,177855,181846,6000,12398,7814,7000,7000,6597,0
310000,0,0,0,0,0,0,172772,152397,110375,84373,57779,14163,8295,6000,4000,3000,1000,2000,0
310000,0,0,0,0,0,0,191767,185445,188255,187384,184222,183544,6612,8321,7022,6021,6005,6042,0
310000,0,0,0,0,0,0,203519,182513,161002,139275,120762,102598,6373,5600,5000,4500,3500,2816,0
310000,0,0,0,0,0,0,220845,179260,116798,109647,114745,103646,7809,10000,10000,10334,10000,5000,0
310000,0,0,0,0,0,0,263685,190484,178753,166942,140659,145379,8000,6650,6000,6000,7000,6000,0
310000,0,0,0,0,0,0,269832,261818,234621,242570,246073,248376,15327,10000,12000,9019,10024,15040,0
310000,0,0,0,0,0,0,272588,169978,156699,131276,118837,119402,9978,6699,11276,9695,19402,6270,1
310000,0,0,0,0,0,0,296942,302778,299162,305251,262368,254340,12401,13000,13208,10000,9506,10002,0
310000,0,0,0,0,0,0,304091,309627,315544,309272,240119,235799,12805,13567,13203,8765,9643,9035,0
310000,0,0,0,0,0,0,308105,303679,278488,256962,262381,278117,13088,9834,9500,9700,20200,11000,1
310000,0,0,0,0,0,0,313268,278821,283847,290135,293350,300623,10010,11500,11015,11000,12000,23035,0
310000,0,0,0,0,0,0,324628,305869,312567,291153,159545,97438,12000,12124,10300,8168,5500,3081,0
310000,0,0,0,0,2,0,250708,256157,261550,285233,280905,272240,11000,11300,29841,69,9980,9546,1
310000,0,0,2,2,-1,2,11683,9624,9022,-422,6214,2360,3000,0,0,6900,0,1300,0
310000,1,-2,-1,0,0,-2,0,0,326,326,-235,-235,0,326,0,0,0,1200,0
310000,1,-2,-1,0,0,0,0,0,4488,4696,84522,86206,0,4488,264,80000,2950,3055,0
310000,2,0,0,0,0,0,45153,36123,26113,22661,20351,16639,2904,1500,1000,2000,1000,2000,1
310000,2,0,0,0,0,0,266270,273719,235796,188031,170898,68369,11677,8406,6000,5074,3000,3000,1
320000,-2,-2,-2,-2,-2,-2,-1,-1,-1,-1,0,-400,0,0,0,1,400,6083,1
320000,-2,-2,-2,-2,-2,-2,0,0,0,111,0,288,0,0,111,0,288,1200,0
320000,-2,-2,-2,-2,-2,-2,0,200,3663,992,1627,6661,200,3696,997,1635,6694,2508,0
320000,-2,-2,-2,-2,-2,-2,650,2080,218,0,2355,0,2080,218,0,2355,0,0,0
320000,-2,-2,-2,-2,-2,-2,1259,5152,4257,-3,-3,670,5177,4278,0,0,673,11288,0
320000,-2,-2,-2,-2,-2,-2,2555,7065,648,2258,722,15937,7100,651,2269,725,16014,3088,0
320000,-2,-2,-2,-2,-2,-2,2722,11040,9422,0,1200,1150,11040,9422,0,1200,1150,0,0
320000,-2,-2,-2,-2,-2,-2,3903,3609,4615,5256,22760,700,3609,4615,5256,22760,700,1992,0
320000,-2,-2,-2,-2,-2,-2,3916,2872,4704,3382,2575,8097,2886,4732,3398,2588,8137,2474,0
320000,-2,-2,-2,-2,-2,-2,4392,11684,1127,1943,13312,-5,11700,1135,1952,13375,5,0,0
320000,-2,-2,-2,-2,-2,-2,14075,6813,13482,2975,2029,888,6818,13482,2975,2029,888,1332,0
320000,-2,-2,-2,-2,-2,-2,29862,33785,4900,15813,0,0,5000,4905,15873,0,0,21657,1
320000,-2,-2,-2,-2,-2,-2,43528,498,429,14257,5417,2967,500,431,14328,5439,2980,5028,0
320000,-2,-2,-2,-1,-1,-1,15176,24845,12680,5522,44743,18931,24969,12743,5542,44956,19011,8138,0
320000,-2,-1,0,0,0,0,73024,66537,58762,43112,67290,62132,2904,2973,1579,40020,3127,1206,0
320000,-1,-1,-1,-2,-2,-2,2695,500,0,0,0,0,505,368,0,0,0,0,0
320000,-1,-1,-1,-2,-2,-1,500,500,0,0,0,2900,500,0,0,0,2900,0,0
320000,-1,-1,-1,-1,-1,-1,316,316,316,316,316,316,316,316,316,316,316,316,0
320000,-1,-1,-1,-1,-1,-1,744,2291,2197,3934,5541,3141,2297,2203,3957,5557,3150,3056,0
320000,-1,-1,-1,-1,-1,-1,1122,5000,396,1176,396,396,5000,792,1176,396,396,39316,0
320000,-1,-1,-1,-1,-1,-1,1329,4526,11906,14202,6956,4839,4526,11911,14425,7063,4839,6271,0
320000,-1,-1,-1,-1,-1,-1,3077,1651,1060,4070,2695,7544,1661,1060,4070,2700,7544,3563,1
320000,-1,-1,-1,-1,-1,-1,3493,12444,46163,1373,6064,2145,12498,46185,1387,6094,2155,1273,0
320000,-1,-1,-1,-1,-1,-1,24685,27002,82271,5315,33059,908,30161,82271,5315,33059,908,6382,0
320000,-1,-1,-1,-1,-1,0,3065,41679,8275,8275,7606,14611,41679,8344,8275,7606,10000,11010,0
320000,-1,-1,-1,-1,-1,0,8391,2855,1021,953,868,872,2869,1026,957,868,4,954,0
320000,-1,-1,-1,-1,-1,0,22155,10853,33968,86024,232017,15622,10908,34151,86466,232242,3199,7500,0
320000,-1,-1,-1,-1,-1,0,42442,3336,7210,6091,24641,30005,3336,7210,6091,24641,30000,5645,0
320000,-1,-1,-1,-1,0,-1,7806,2944,11755,52566,36658,42332,2944,11768,52592,0,42332,27435,0
320000,-1,-1,-1,-1,0,-1,10853,33968,86024,232017,15622,7463,34151,86466,232242,3199,7500,30,0
320000,-1,-1,-1,-1,0,0,3720,4206,15610,10556,11863,5619,4206,15610,10556,8000,5600,2604,0
320000,-1,-1,-1,0,-1,-1,1043,0,20012,34438,1082,8807,0,20012,15000,1082,8807,787,0
320000,-1,-1,-1,0,-1,-1,7417,7488,24003,10208,22215,7332,8000,25000,0,22500,32516,22000,0
320000,-1,-1,-1,0,-1,-1,44500,51257,54659,35196,71244,35299,51334,54726,103,71404,35448,47699,0
320000,-1,-1,-1,0,0,-1,20488,18607,41195,89714,64646,6103,18615,42067,30014,39515,6110,11611,0
320000,-1,-1,0,0,0,0,54661,183429,303849,299996,307016,308110,183429,203849,22080,10000,10000,0,0
320000,-1,-1,2,0,0,-1,368,10038,8434,7061,1289,365,10550,0,0,0,365,12110,0
320000,-1,0,0,-1,-1,0,67264,67207,0,2615,221073,225361,3231,0,2615,228975,8176,8226,0
320000,-1,0,0,0,0,-2,111710,12484,13917,12125,0,0,1267,1700,243,0,0,220000,0
320000,0,-1,0,0,0,0,10668,44197,36538,34603,31596,30155,44462,12000,2000,1000,1000,5098,0
320000,0,0,-1,-1,0,0,310243,0,189018,131916,258800,96900,0,189018,132846,130400,193800,45313,0
320000,0,0,-1,0,0,0,31989,35554,85376,88585,101546,41685,5001,92586,5001,15001,3011,6001,0
320000,0,0,0,-1,-1,-1,13720,20219,18087,5639,-41,5613,8015,1140,5639,0,5654,0,0
320000,0,0,0,-1,-1,-1,46758,31422,33619,23553,9398,4296,2563,9842,24709,6022,4318,4522,0
320000,0,0,0,0,-1,-1,95322,98787,97996,27996,1712,-216,5000,2000,2000,2000,0,10000,0
320000,0,0,0,0,0,-1,146201,129311,112151,84218,76058,24068,5465,3137,52,2384,25094,30011,0
320000,0,0,0,0,0,0,2419,3193,5127,6871,7751,8623,2000,2000,2000,1000,1000,1000,0
320000,0,0,0,0,0,0,4062,5143,5988,6988,7988,0,1155,1000,1000,1000,0,2500,0
320000,0,0,0,0,0,0,8513,151835,153327,155528,158745,161937,150000,8510,5000,4500,4544,5000,0
320000,0,0,0,0,0,0,19252,21351,20819,20993,19089,16062,4027,5048,10029,10470,7027,10058,0
320000,0,0,0,0,0,0,29026,28179,28695,19370,10155,3788,5000,5018,1000,3000,0,7013,0
320000,0,0,0,0,0,0,34702,76361,58124,70717,78149,70379,50390,20000,20000,15000,40000,40000,0
320000,0,0,0,0,0,0,34818,22718,9398,10222,13791,13498,1690,1500,1000,3628,1041,1006,0
320000,0,0,0,0,0,0,38332,63396,66871,69339,31525,30861,30000,4700,3000,5000,5000,7000,0
320000,0,0,0,0,0,0,40271,91965,86047,82233,72175,77831,60043,5036,5075,5017,10077,3062,0
320000,0,0,0,0,0,0,49889,51151,48449,48948,49967,36697,2825,2961,1600,1579,1692,1068,0
320000,0,0,0,0,0,0,64232,67516,70774,70089,71994,57805,4000,4002,3000,15000,5000,5000,0
320000,0,0,0,0,0,0,66497,68327,68759,69746,70040,71076,3084,3007,3031,2367,2450,2432,0
320000,0,0,0,0,0,0,96225,99606,100704,208794,213025,217400,5000,2704,108794,5123,5255,5333,0
320000,0,0,0,0,0,0,98697,100572,103621,103720,100136,102167,3891,5240,3616,3770,4264,3345,0
320000,0,0,0,0,0,0,101121,86781,74909,55472,53699,46313,5800,9805,5006,3704,12860,13201,0
320000,0,0,0,0,0,0,144648,150320,151365,154025,157082,160217,8000,6000,5671,5700,5741,9900,0
320000,0,0,0,0,0,0,154188,14512,303265,310715,318340,268942,5000,300000,14000,15000,12000,10000,0
320000,0,0,0,0,0,0,158942,155925,126767,114110,109637,95850,5057,4606,5800,3375,3324,2500,0
320000,0,0,0,0,0,0,164511,177809,155421,166507,170930,171359,15000,34000,12000,5000,81000,4100,0
320000,0,0,0,0,0,0,173742,167837,100407,88717,179,-336,8100,6000,7000,2,0,2003,0
320000,0,0,0,0,0,0,181048,186444,188596,192145,195813,198648,8500,7000,6800,7000,6965,7500,0
320000,0,0,0,0,0,0,188373,281060,261698,265703,175925,188982,276698,11020,11000,9486,20000,10000,0
320000,0,0,0,0,0,0,197352,201913,103278,62891,64948,66961,9000,6000,3000,3000,3000,3000,0
320000,0,0,0,0,0,0,198441,202806,207050,201114,190921,191781,10000,10000,10000,10000,7000,10000,0
320000,0,0,0,0,0,0,300598,308931,186223,114605,117159,119733,14227,9334,4106,4405,4678,4527,0
320000,0,0,0,0,0,0,319069,323319,298072,180882,175560,131390,12661,11157,5730,5904,5890,2464,0
320000,0,0,0,0,0,0,325445,202853,57051,161651,182265,0,10000,15000,105000,55000,0,0,0
320000,0,0,0,0,0,0,345408,340055,332945,327229,320032,290003,15004,13004,13004,11120,11004,11010,0
320000,0,0,2,0,0,0,320635,313060,293055,269585,248093,239025,12500,22,11155,9100,8700,9183,1
320000,0,0,2,0,0,2,29943,32751,18262,18157,19043,17759,4300,0,1000,2000,0,1000,0
320000,1,-2,-2,-1,-1,-1,0,0,0,1248,1479,0,0,0,1248,1479,0,0,0
320000,1,-2,-1,-1,0,-1,0,0,2428,990,495,854,0,2428,990,0,854,495,0
320000,1,-1,2,2,-2,-2,0,638,500,0,0,0,638,0,0,0,0,0,1
320000,2,-1,-1,-1,-1,-1,416,416,416,416,1829,1833,416,416,416,1829,1833,2148,0
320000,2,0,0,0,0,0,520651,383123,391741,400196,408503,156881,10000,11000,11000,10800,5992,4967,1
320000,2,2,-2,-2,-2,-2,2500,0,0,0,0,0,0,0,0,0,0,0,1
320000,2,2,2,2,2,2,206732,201932,215392,218370,220977,225021,0,18300,8000,7700,7700,0,1
330000,-2,-2,-2,-2,-2,-2,726,-20,10756,0,442,0,0,10776,0,442,0,297,0
330000,-2,-2,-2,-2,-2,-2,1127,13030,14922,17722,3390,0,13030,2500,3000,3390,0,0,0
330000,-2,-2,-2,-2,-2,-2,4577,8400,626,626,1348,5879,8400,626,626,1348,5879,8954,0
330000,-2,-1,-1,-2,-2,-2,0,2500,0,0,0,0,2500,0,0,0,0,0,0
330000,-1,-1,-2,-2,-2,-2,4122,0,0,0,0,0,0,0,0,0,0,0,0
330000,-1,-1,-1,-1,-1,-1,870,0,870,0,435,435,0,870,0,435,435,435,0
330000,-1,-1,-1,-1,-1,-1,899,7445,0,3899,2707,8000,7448,0,3899,2707,8000,0,0
330000,-1,-1,-1,-1,-1,-1,13204,12500,865,15387,5945,896,12500,865,15500,6000,896,0,1
330000,-1,-1,-1,-1,0,-1,316,310,6994,632,316,38277,310,7006,2000,0,38277,6000,0
330000,-1,-1,-1,-1,0,0,7098,4863,906,46353,2175,30824,4885,906,46789,10,30824,6269,0
330000,-1,-1,-1,-1,0,0,7401,4567,6242,24353,20219,23163,4567,6443,24353,10219,13163,5909,0
330000,-1,-1,-1,0,0,0,730,213,2368,3368,1377,0,213,2368,1000,190,0,0,0
330000,-1,0,-1,-1,-1,-1,1732,1349,1366,1383,1383,1383,1000,1400,1400,1383,1383,851,0
330000,0,-1,-1,-1,-1,-1,16270,140,500,1226,-1121,1879,140,1500,1226,0,3000,3000,0
330000,0,0,0,-1,-1,0,165042,163406,137664,3381,40635,40490,9000,7558,5000,42054,3000,2000,0
330000,0,0,0,0,0,-1,155285,156122,11733,9620,0,4520,10000,10000,2000,0,4520,2500,0
330000,0,0,0,0,0,0,15018,17365,19114,14093,16005,4935,3000,2500,3000,3000,170,2000,0
330000,0,0,0,0,0,0,22285,23111,23622,23253,22525,22419,1700,1700,1700,1000,1000,1211,0
330000,0,0,0,0,0,0,37637,38676,40786,41767,42501,43359,1500,2600,1500,1400,1400,1500,0
330000,0,0,0,0,0,0,43943,41738,37766,37117,30555,13420,5019,1952,2000,814,475,697,0
330000,0,0,0,0,0,0,50999,50055,47398,40334,34443,33898,2000,2007,2000,2000,2000,2000,0
330000,0,0,0,0,0,0,94384,46006,48123,50195,51942,55963,4000,3000,3000,3000,5000,2000,0
330000,0,0,0,0,0,0,130797,112383,79505,80589,76180,61693,20000,3500,19000,15000,3000,2139,0
330000,0,0,0,0,0,0,137974,138692,141674,136790,141469,143453,7000,7000,5000,7004,6015,5012,0
330000,0,0,0,0,0,0,217148,218414,216225,181352,181172,179835,7849,7919,6198,6525,6523,6122,0
330000,0,0,0,0,0,0,227389,228719,229644,227587,227775,228203,8210,8095,8025,8175,8391,8200,0
330000,0,0,0,0,0,0,265362,246735,248541,231534,230309,235992,7500,8001,7000,7000,8000,8000,1
330000,0,0,0,0,0,0,287021,191065,290451,192123,196860,-3140,6802,102428,4100,4937,3140,184036,0
330000,0,0,0,0,0,0,309055,314927,322077,166654,170008,174723,12500,13306,6000,6000,7333,8000,0
330000,0,0,0,0,2,0,46140,45781,48139,51137,39450,25358,2504,4007,5056,74,1023,2566,0
330000,0,0,2,0,0,0,105879,108431,105594,105896,106491,107289,9260,0,3593,4100,15794,0,0
330000,1,-2,-2,-1,2,2,-200,-200,-200,150,150,350,0,0,350,0,200,0,0
330000,1,-1,-1,-1,-1,-1,0,571,0,11942,300,-200,571,0,11942,300,0,0,0
330000,1,-1,2,2,2,2,963,11,11,11,11,11,504,0,0,0,0,0,0
330000,2,0,0,0,0,0,179887,182366,176396,171553,162251,145931,5289,5496,4721,4132,3916,3550,1
340000,-2,-2,-2,-2,-2,-2,0,780,0,0,0,0,780,0,0,0,0,0,1
340000,-2,-2,-2,-2,-2,-2,2732,2183,4103,12950,11372,2434,2183,4142,12950,11372,2434,2222,0
340000,-2,-2,-2,-2,-2,-2,6888,2913,340,2823,13045,14006,2913,340,2823,13062,14016,4513,0
340000,-2,-2,-2,-2,-2,-2,7200,0,0,0,0,0,0,0,0,0,0,0,0
340000,-2,-2,-2,-2,-2,-2,11379,11086,3112,3351,1259,19271,11258,3112,3351,1259,19271,16992,0
340000,-2,-2,-2,-2,-2,-2,30832,33652,35192,30000,10766,33887,33670,35212,30000,10766,33905,30200,1
340000,-2,-2,-2,-2,-2,-2,93767,65758,353,5674,3344,3406,65758,359,5674,3692,3406,2622,0
340000,-1,-1,-2,-2,-2,-2,9054,1868,1135,0,0,0,1868,1144,0,0,0,0,0
340000,-1,-1,-1,-1,-1,-1,317,3074,3002,2613,1806,1989,3074,3002,2613,1806,1989,3370,0
340000,-1,-1,-1,-1,-1,-1,842,2865,-22,7569,797,1211,2873,0,7591,799,1214,18309,0
340000,-1,-1,-1,-1,-1,-1,1600,93661,41533,15711,1338,6800,93661,41634,15711,1338,6800,3750,0
340000,-1,-1,-1,-1,-1,-1,3048,5550,23337,4291,80153,25820,5713,23453,4314,80552,25949,2016,0
340000,-1,-1,-1,-1,-1,-1,16729,8942,10301,20793,14817,4614,8942,10321,20793,14817,4614,7005,0
340000,-1,-1,-1,-1,-1,-1,18495,1609,17707,31778,46063,43101,1611,17709,31780,47056,43117,46771,0
340000,-1,-1,-1,-1,-1,0,3474,1974,2774,43824,11308,3540,1974,2774,43831,11308,0,824,0
340000,-1,-1,-1,2,0,0,2688,11432,12411,9119,29280,23093,11486,12824,10,29047,6153,3523,0
340000,-1,-1,0,0,-1,2,5060,7604,14900,0,2650,1000,7604,10000,0,2650,0,1000,0
340000,-1,0,0,0,0,0,335002,319219,271435,267100,263741,267488,12510,12101,10045,10010,10000,9800,1
340000,-1,2,2,-1,-1,2,2566,1689,-11,35947,83360,82516,8,0,35958,50000,0,10000,0
340000,0,-1,-1,-1,2,-1,13454,14544,-2429,10300,3630,3577,15074,528,15303,13,3615,6765,0
340000,0,0,-2,-1,-1,-1,307650,0,0,495,495,1528,0,0,495,495,1528,3254,0
340000,0,0,-1,-1,-1,0,8347,5190,612,1429,19513,19650,2000,612,1429,19513,3000,3000,0
340000,0,0,0,-1,-1,-1,308023,327245,206832,1682,1352,1520,27245,9184,1682,1352,1520,1442,0
340000,0,0,0,-1,0,-1,36533,33689,8108,19291,35882,18924,3000,3000,21000,20000,18924,22534,0
340000,0,0,0,-1,0,0,240851,171731,61404,114807,114560,85272,8297,4951,199726,4476,3257,3497,0
340000,0,0,0,0,-1,-1,16462,12927,10814,7880,2338,0,1310,3011,5000,2338,0,0,0
340000,0,0,0,0,-1,0,59322,70886,81480,13580,22474,70590,20063,20385,6157,22533,60052,30059,0
340000,0,0,0,0,0,0,3058,4087,5129,3142,3210,4153,1087,1129,1052,120,1000,1000,0
340000,0,0,0,0,0,0,36006,12144,17164,15821,12317,14850,5000,10326,5000,10000,5000,5000,0
340000,0,0,0,0,0,0,73627,75052,76022,76402,75356,76237,3870,3819,2823,2876,2853,2863,0
340000,0,0,0,0,0,0,77181,59873,60396,63720,65211,60053,5305,3000,5000,3000,5000,6000,0
340000,0,0,0,0,0,0,132024,135687,138933,139824,142461,145269,6400,7000,5000,5200,5500,25000,0
340000,0,0,0,0,0,0,132749,134235,128079,64598,12014,710,5290,6706,3003,241,712,43974,0
340000,0,0,0,0,0,0,289995,269901,267494,265058,263658,256621,10015,10019,10025,10052,10011,9014,0
340000,0,0,0,0,0,0,310866,320685,320614,21768,22405,24545,15000,7000,1500,1000,2500,112500,0
340000,0,0,0,0,0,0,336190,301626,306575,311784,318320,325028,10300,10302,10365,10750,11150,11271,1
340000,0,0,0,0,0,0,338624,338272,339191,325675,285417,284834,15000,15000,15000,15000,12000,12500,1
340000,0,0,0,0,0,0,342617,346067,350031,304706,250216,253526,12604,14000,11000,9000,10000,30000,1
340000,0,0,0,0,0,0,362178,303611,92112,75710,63870,52671,10116,3300,5000,10000,10000,30000,1
340000,0,0,2,2,0,0,251135,268949,283400,277335,282890,304280,22000,20251,0,10176,26000,12000,0
340000,1,-2,-2,-1,-1,-1,0,0,0,1888,4777,4752,0,0,1888,4777,4752,1888,0
340000,1,-1,-1,-1,-1,-1,0,544,4881,717,3785,10911,544,4881,717,3785,10911,10226,0
340000,2,-1,-1,-1,-1,-1,411,10983,8548,11190,8210,7981,11038,8591,11246,8251,8021,0,0
340000,2,0,0,0,0,0,337981,344920,18921,21205,19810,13586,17181,2000,10000,5000,3000,1000,0
340000,4,3,2,-1,-1,-1,581775,572677,384060,304508,247178,228349,0,0,1000,4320,287982,8007,1
340000,5,4,4,3,2,0,589654,581775,572677,384060,304508,247178,3000,0,0,1000,4320,287982,1
350000,-2,-2,-2,-2,-2,-2,-2,-2,-2,-2,-2,-2,0,0,0,0,0,940,0
350000,-2,-2,-2,-2,-2,-2,916,1123,604,4523,617,1902,1133,607,4545,620,1911,4690,0
350000,-2,-2,-2,-2,-2,-2,951,601,714,263,900,1271,605,716,263,900,1271,1218,0
350000,-2,-2,-2,-2,-2,-2,1140,0,4100,0,0,0,0,4100,0,0,0,0,0
350000,-2,-2,-2,-2,-2,-2,1966,14440,13176,9399,10477,10775,14515,13316,9446,10529,10829,12876,0
350000,-2,-2,-2,-2,-2,-2,6016,4322,5568,9571,6370,9674,4348,5596,9632,6402,9722,24086,0
350000,-2,-2,-2,-2,-2,-2,6088,3405,7763,20573,2367,11486,3436,7813,20604,2376,11493,13885,0
350000,-2,-2,-2,-2,-2,-2,8544,0,0,0,8631,277,0,0,0,8631,277,7545,0
350000,-2,-2,-2,-2,-2,-1,0,0,0,0,0,1146,0,0,0,0,1146,54269,0
350000,-2,-2,-1,0,0,-1,7914,4221,23907,28528,24965,5727,4221,23916,25528,2965,5753,8095,0
350000,-2,-2,-1,0,0,0,362,792,3015,6980,8762,7532,792,3019,4580,4000,284,1000,0
350000,-2,-1,-1,-1,0,0,24522,18876,5571,10978,9326,13255,18970,5594,11024,9317,13321,4019,0
350000,-1,-1,-1,-1,-1,-1,360,360,360,360,510,510,360,360,360,510,510,360,0
350000,-1,-1,-1,-1,-1,-1,1314,5133,1667,9737,363,1112,5249,1667,9839,363,1112,1981,0
350000,-1,-1,-1,-1,-1,-1,4482,4985,4322,4992,4295,5952,4998,4333,5005,4305,5963,6015,0
350000,-1,-1,-1,-1,-1,-1,8760,5882,9845,4677,5767,6532,5932,9908,4692,5787,6548,4863,0
350000,-1,-1,-1,-1,-1,-1,9189,6080,12622,18103,13547,38868,6088,12635,18119,13547,38868,4650,0
350000,-1,-1,-1,-1,-1,-1,50376,20717,10133,28858,8693,9194,20717,10173,28858,8693,9194,17436,0
350000,-1,-1,-1,-1,-1,-1,148341,8095,15047,3220,20461,3249,8405,15052,3805,20467,3253,27168,0
350000,-1,-1,-1,-1,-1,-1,181212,6021,154505,19653,26963,55533,6046,157181,19751,27070,55613,11811,0
350000,-1,-1,-1,0,0,0,4439,33720,14283,16426,10833,2261,33891,16267,4027,234,1565,26346,0
350000,-1,-1,-1,2,-1,-1,326,326,652,326,3817,2802,326,652,0,3817,2802,0,0
350000,0,-1,-1,-1,-1,-1,82964,68532,17926,17966,30741,31088,68940,18018,18058,30897,31244,88461,1
350000,0,0,-1,-1,0,0,63200,6470,630,20682,20902,16754,4150,630,20902,5000,2000,3000,0
350000,0,0,0,0,-1,-1,110819,115058,76156,51500,150,500,6000,4000,2500,150,500,0,0
350000,0,0,0,0,0,-1,36098,21848,23309,13002,14473,11496,3604,2072,0,2071,11553,14328,0
350000,0,0,0,0,0,0,24297,25299,26329,27343,27886,28470,1411,1441,1455,998,1033,1038,0
350000,0,0,0,0,0,0,39943,40859,45398,50634,60540,65074,1859,5398,5634,10540,5096,2296,0
350000,0,0,0,0,0,0,67648,68557,63179,57987,53948,39965,3039,2047,1750,1703,1721,784,0
350000,0,0,0,0,0,0,87611,87325,90539,92941,99930,108411,3300,5116,5000,10000,10000,10000,0
350000,0,0,0,0,0,0,92134,120340,142794,101923,103119,84834,30000,25000,5000,5000,4000,5000,0
350000,0,0,0,0,0,0,106813,100895,70244,64839,57583,45554,4000,3371,2089,3008,1300,1500,0
350000,0,0,0,0,0,0,128146,117713,51961,46207,35052,12536,4052,1700,1500,2000,500,2000,0
350000,0,0,0,0,0,0,136293,139215,142695,98404,100367,102465,4846,5577,3488,3417,3536,3707,0
350000,0,0,0,0,0,0,187649,141353,142923,145149,132948,85677,5100,5400,6100,6000,3200,3100,0
350000,0,0,0,0,0,0,213236,207648,212177,200000,197544,201886,7600,8008,7200,7200,7500,7500,0
350000,0,0,0,0,0,0,218605,166310,166106,100151,50340,51400,6222,7174,4200,2400,2400,2500,0
350000,0,0,0,0,0,0,228009,220450,190173,192649,197269,201360,9000,8700,7000,7600,7800,8500,0
350000,0,0,0,0,0,0,259524,213822,220211,225601,105586,111276,8432,9000,9500,10000,7000,10000,0
350000,0,0,0,0,0,0,262576,237656,222586,205845,174438,157061,10013,10029,10009,5609,6000,10000,0
350000,0,0,0,0,0,0,293303,338272,177483,182381,194678,215024,50070,10000,8000,15036,30050,8110,0
350000,0,0,0,0,0,0,314309,313673,322806,328616,278858,281692,13000,15074,20353,10040,15000,10000,0
350000,0,0,0,0,0,0,314994,322472,244792,140218,181571,167905,12695,9790,5302,95621,11920,6107,1
350000,0,0,0,0,0,0,343842,107315,355925,353074,223209,207743,15000,340000,20000,9000,8000,14000,0
350000,0,0,0,0,0,0,349125,338832,296868,237193,233591,237351,12005,10095,8389,8474,7640,6847,0
350000,0,0,0,0,0,0,360347,357139,272072,267277,255680,261573,13100,10000,10000,8200,9000,9000,0
350000,0,0,0,2,0,0,245211,255975,269446,219615,217851,222158,15000,20000,0,10000,8352,9500,0
350000,1,-2,-2,-2,-2,-2,0,36011,8978,11925,8574,5417,36011,8978,11975,8574,5417,1828,0
350000,1,-2,-1,-1,-2,-2,-644,-644,5170,-1496,-2366,-2366,0,6033,1500,4,0,1500,0
350000,1,2,0,0,0,0,23589,22585,23263,23755,23900,25016,0,1700,1500,1000,2000,1500,0
350000,1,2,0,0,0,0,279767,253462,259137,264798,269673,275672,0,9754,10000,9396,10083,9439,0
350000,1,2,2,0,0,0,225434,214620,170451,156922,143062,224387,11000,0,5500,5000,100000,0,0
350000,2,2,7,7,7,7,2400,2400,2400,2400,2400,2400,0,0,0,0,0,0,1
360000,-2,-2,-2,-2,-2,-2,0,0,0,0,0,0,0,0,0,0,0,84216,0
360000,-2,-2,-2,-2,-2,-2,0,0,0,0,0,3078,0,0,0,0,3078,0,0
360000,-2,-2,-2,-2,-2,-2,0,0,0,0,474,0,0,0,0,474,0,0,0
360000,-2,-2,-2,-2,-2,-2,0,0,3240,1943,0,0,0,3240,1943,0,0,0,1
360000,-2,-2,-2,-2,-2,-2,0,0,7365,0,0,0,0,7365,0,0,0,8665,0
360000,-2,-2,-2,-2,-2,-2,0,208,2489,786,0,486,208,2489,786,0,486,150,1
360000,-2,-2,-2,-2,-2,-2,0,700,0,0,1526,0,700,0,0,1526,0,0,0
360000,-2,-2,-2,-2,-2,-2,171,1058,3494,6339,2131,535,1058,3494,6339,2131,535,82000,0
360000,-2,-2,-2,-2,-2,-2,211,70,0,1600,0,1101,70,0,1600,0,1101,0,0
360000,-2,-2,-2,-2,-2,-2,346,9138,-1,377,2899,376,9182,0,378,2912,377,3208,0
360000,-2,-2,-2,-2,-2,-2,750,1166,398,0,418,1840,1166,398,0,418,1840,0,0
360000,-2,-2,-2,-2,-2,-2,880,22311,-447,-6146,13461,0,22311,26,0,25461,0,0,0
360000,-2,-2,-2,-2,-2,-2,1189,-11,-11,-11,-11,2339,0,0,0,0,2350,766,0
360000,-2,-2,-2,-2,-2,-2,1458,-4,3994,0,0,7429,0,3998,0,0,7429,490,1
360000,-2,-2,-2,-2,-2,-2,1517,2742,2317,2482,1415,2095,2749,2322,2482,1417,2095,3228,0
360000,-2,-2,-2,-2,-2,-2,1730,2500,0,0,0,0,2500,0,0,0,0,0,0
360000,-2,-2,-2,-2,-2,-2,2988,0,668,0,686,7149,0,668,0,686,7149,150,0
360000,-2,-2,-2,-2,-2,-2,3925,5320,1016,7173,10763,4857,5352,1022,7408,10817,5044,27696,0
360000,-2,-2,-2,-2,-2,-2,4614,6777,14101,11959,3184,7252,6813,14171,12023,3200,7288,1892,0
360000,-2,-2,-2,-2,-2,-2,4765,3415,1539,6501,3458,2786,3434,1546,6541,3475,2788,5710,0
360000,-2,-2,-2,-2,-2,-2,8162,3141,587,1647,1745,597,3144,590,1670,1748,600,11883,0
360000,-2,-2,-2,-2,-2,-2,9315,58319,48179,14702,20444,30833,58617,48426,14775,20559,30954,14905,0
360000,-2,-2,-2,-2,-2,-2,10729,2523,-2,-2,-2,-2,2535,0,0,0,0,0,0
360000,-2,-2,-2,-2,-2,-2,12018,31282,28823,51120,2222,-34,32038,28982,51379,2233,0,0,0
360000,-2,-2,-2,-2,-2,-2,14433,15157,8564,1495,5977,1211,2394,8606,1502,6006,4217,2228,0
360000,-2,-2,-2,-2,-2,-2,28595,0,2500,0,0,0,0,2500,0,0,0,0,0
360000,-2,-2,-2,-2,-2,-2,33597,-1,-1,-1,-1,-1,0,0,0,0,0,0,0
360000,-2,-2,-2,-1,0,-1,17154,4536,4500,71028,5019,28028,5095,5048,72133,25,28168,18758,0
360000,-2,-2,-2,-1,0,0,0,0,0,23707,25233,23504,0,0,23707,2000,3391,4217,0
360000,-2,-2,-1,-1,0,0,0,392,827,136198,138722,141629,392,827,137101,5000,5119,5376,0
360000,-2,-1,-1,-2,-2,-2,-4,434,0,0,0,0,438,0,0,0,0,0,1
360000,-2,-1,-1,-1,-1,-1,0,212,3748,-2,666,919,212,3759,0,668,921,0,0
360000,-2,-1,-1,0,0,-2,-5,3584,2280,2280,0,0,3589,2280,0,0,0,0,0
360000,-2,2,0,-1,-1,-1,9278,6198,5154,2453,570,0,6213,1025,2465,572,0,0,1
360000,-1,-1,-2,-2,-2,-2,2220,0,0,0,0,0,0,0,0,0,0,0,0
360000,-1,-1,-2,-2,-2,-2,2473,-27,-27,-27,-27,-27,0,0,0,0,0,0,1
360000,-1,-1,-2,-2,-2,-2,15000,0,0,0,0,0,0,0,0,0,0,780,0
360000,-1,-1,-2,-2,-1,-1,1070,0,0,0,906,0,0,0,0,906,0,4341,1
360000,-1,-1,-2,-1,-1,-2,7831,0,0,764,0,2844,0,0,764,0,2844,2219,0
360000,-1,-1,-1,-2,-2,-2,3771,900,0,0,0,0,900,0,0,0,0,0,0
360000,-1,-1,-1,-2,-2,-2,38000,25000,0,0,0,0,25000,0,0,0,0,0,0
360000,-1,-1,-1,-2,-1,-1,4463,3270,0,0,621,0,3270,0,0,621,0,0,0
360000,-1,-1,-1,-1,-2,-2,1968,459,2500,0,0,0,463,2500,0,0,0,0,0
360000,-1,-1,-1,-1,-2,-2,2758,1448,3740,0,0,0,1448,3740,0,0,0,3942,0
360000,-1,-1,-1,-1,-2,-2,44380,968,990,390,390,3103,968,990,390,390,3103,0,0
360000,-1,-1,-1,-1,-2,-1,5518,2532,5504,-4,-4,881,2548,5536,0,0,885,1595,0
360000,-1,-1,-1,-1,-2,-1,30155,10508,7575,3026,1133,3408,10541,7600,3049,1138,3414,24952,1
360000,-1,-1,-1,-1,-1,-2,8288,21865,44440,3904,0,0,21888,44640,3904,0,0,0,0
360000,-1,-1,-1,-1,-1,-2,12895,3546,4371,6365,2987,2979,3552,4377,6400,3002,2994,2233,0
360000,-1,-1,-1,-1,-1,-1,390,390,390,390,390,690,390,390,390,390,690,4224,0
360000,-1,-1,-1,-1,-1,-1,396,396,396,396,396,846,396,396,396,396,846,396,0
360000,-1,-1,-1,-1,-1,-1,801,908,1081,1538,0,804,913,1081,1538,0,804,200,0
360000,-1,-1,-1,-1,-1,-1,947,4075,6385,991,4632,2014,4098,6401,997,4641,2014,5,0
360000,-1,-1,-1,-1,-1,-1,997,1267,3935,2437,2797,256,1270,3946,2444,2805,258,1,0
360000,-1,-1,-1,-1,-1,-1,2505,4070,3307,0,380,2566,4070,3307,0,380,2566,166,0
360000,-1,-1,-1,-1,-1,-1,2877,1852,2068,2185,9561,321,1861,2078,2361,9608,322,322,0
360000,-1,-1,-1,-1,-1,-1,5101,9358,15452,9990,6515,5694,9419,15485,9995,6515,5694,12785,0
360000,-1,-1,-1,-1,-1,-1,5143,2092,1864,969,2500,0,6159,1870,969,2500,0,0,0
360000,-1,-1,-1,-1,-1,-1,5875,7279,6894,7143,1787,19526,7289,6918,7148,1792,19541,3689,0
360000,-1,-1,-1,-1,-1,-1,6783,2337,10990,74562,-28,5677,2347,11046,74934,0,5705,8503,0
360000,-1,-1,-1,-1,-1,-1,7071,401,3545,10540,10132,6220,1510,3575,10573,10155,6240,16071,0
360000,-1,-1,-1,-1,-1,-1,10311,2758,1397,298,7950,60097,2758,1397,298,7950,60097,1200,0
360000,-1,-1,-1,-1,-1,-1,10733,15206,15000,9744,11114,8123,15206,15032,9769,11114,8123,8736,0
360000,-1,-1,-1,-1,-1,-1,30627,4297,2720,2040,2722,5057,4318,2740,2050,2736,5273,5105,0
360000,-1,-1,-1,-1,-1,-1,45421,68526,47416,48811,193712,80601,68536,47427,48846,193712,80601,11166,0
360000,-1,-1,-1,-1,-1,0,1050,390,390,750,930,540,390,390,750,930,150,540,1
360000,-1,-1,-1,-1,-1,0,30956,30814,42791,31830,30693,596,30818,42887,31839,30693,3,30899,0
360000,-1,-1,-1,-1,0,-1,16540,1160,10600,51571,28310,14482,1160,10646,51571,0,14482,12874,0
360000,-1,-1,-1,-1,0,0,1475,13466,17584,17354,37703,22490,14200,17631,17741,25203,10000,216,0
360000,-1,-1,-1,-1,0,0,6904,-507,751,15369,7845,6786,0,1502,15369,200,0,0,1
360000,-1,-1,-1,-1,2,0,1195,23944,884,789,244,244,23944,884,300,0,0,856,0
360000,-1,-1,-1,0,-1,-1,25988,1815,22648,19433,16708,24047,1815,22674,95,16790,24283,17387,0
360000,-1,-1,-1,0,0,-2,12393,3434,79795,49160,2847,-13,3445,80401,32083,2907,13,20303,0
360000,-1,-1,-1,0,0,-1,942,3670,33148,33829,16555,7090,3678,33148,1287,413,7127,1193,0
360000,-1,-1,-1,0,0,-1,33654,52686,64069,49005,8676,19487,52951,64535,8907,53,19584,16080,0
360000,-1,-1,-1,0,0,0,6323,6934,17170,11152,6000,0,7001,17173,1000,1000,0,200000,0
360000,-1,-1,0,0,0,0,9179,10977,14190,16328,17383,17194,10977,8500,4000,1700,371,1150,0
360000,-1,-1,2,-1,-1,0,264,1139,264,2193,528,264,1139,0,2193,528,0,264,0
360000,-1,-1,2,-1,2,-1,9011,4045,1780,2380,2230,2275,4045,0,4760,0,2275,2280,0
360000,-1,-1,2,2,2,-1,10000,893,1224,331,0,2757,893,331,0,0,2757,2056,0
360000,-1,0,0,0,0,0,725,1172,1619,1266,1212,1324,1002,1002,202,501,502,501,1
360000,-1,0,0,0,0,0,108351,111201,63146,63723,65108,66078,8005,8004,5000,5000,5000,105700,0
360000,-1,2,-1,-1,-1,-1,1809,400,2420,2540,0,346,0,2420,2540,0,346,604,0
360000,-1,2,-1,-1,-1,-1,6902,1950,2618,2868,425,29879,141,2618,2868,425,29879,18780,0
360000,-1,2,-1,-1,0,-1,1139,264,2193,528,264,264,0,2193,528,0,264,264,0
360000,-1,2,0,0,0,-2,9,9,2009,1029,0,0,0,2000,0,0,0,399,1
360000,0,-1,-1,-2,-1,2,21489,40715,-34041,-34503,43013,11654,41088,2,38,85155,58,13652,0
360000,0,-1,-1,-1,-2,-2,3386,5964,1340,1650,4350,4792,5964,1340,1650,4350,4792,40682,0
360000,0,-1,-1,-1,-2,-2,38324,3374,3620,0,0,0,3390,3638,0,0,0,0,0
360000,0,-1,-1,-1,-1,-1,8289,389,389,389,389,389,390,390,390,390,390,375,0
360000,0,-1,-1,-1,-1,-1,14409,3540,500,500,0,1191,3540,500,500,0,1191,0,0
360000,0,-1,-1,-1,-1,-1,106010,24892,10772,21847,21835,9255,24976,10786,21916,21904,9261,22127,1
360000,0,-1,-1,-1,-1,0,13102,5628,1480,2330,2286,4385,5655,1480,2330,2550,3000,3000,0
360000,0,-1,-1,-1,0,-1,167685,3288,75244,6468,3169,3130,3304,75260,6484,24,3144,3458,0
360000,0,0,-2,-2,-2,-2,12768,0,0,0,0,0,0,0,0,0,0,0,0
360000,0,0,-1,0,0,0,14867,14612,13739,7995,9480,9952,1079,14598,1017,5022,5049,3304,0
360000,0,0,0,-2,-2,-2,35673,35817,-1,-1,-1,-1,1179,0,0,0,0,139,0
360000,0,0,0,-2,-1,-1,229928,32890,-10,-10,2150,0,4905,0,0,2160,0,0,0
360000,0,0,0,-1,-1,-1,3187,3758,-1360,113091,114251,117922,1025,1361,116380,4001,5001,4001,0
360000,0,0,0,-1,-1,-1,98048,69568,22030,498,3150,1074,4000,5000,498,3150,1074,2416,0
360000,0,0,0,0,-1,0,37736,28746,19783,17738,1262,382,1174,1100,396,1266,9,7643,1
360000,0,0,0,0,0,-2,164857,192513,178030,117997,0,0,30650,9300,6000,0,0,0,0
360000,0,0,0,0,0,-2,279846,169426,68810,12800,0,0,7004,1793,2757,0,0,0,1
360000,0,0,0,0,0,-1,55104,52585,45914,8835,3421,2391,2094,1760,204,17,2403,0,0
360000,0,0,0,0,0,0,10424,10197,85777,81919,75332,47622,1104,81970,3261,1886,3035,2068,0
360000,0,0,0,0,0,0,28291,31055,33788,36491,41179,45823,3000,3000,3000,5000,5000,5000,0
360000,0,0,0,0,0,0,36590,29751,22581,12936,7970,7970,1400,1000,1000,3000,0,0,0
360000,0,0,0,0,0,0,44179,37697,29686,23724,5576,2273,1498,1799,1008,120,2289,5302,0
360000,0,0,0,0,0,0,49011,62438,77461,79025,75556,63097,15000,20000,3500,2300,5000,5000,0
360000,0,0,0,0,0,0,49792,52399,52950,44625,21906,16190,3444,3053,3122,1030,610,519,0
360000,0,0,0,0,0,0,70701,74550,78212,69453,73423,72575,10000,10005,10000,10000,10000,10000,0
360000,0,0,0,0,0,0,92693,87415,69552,38898,31222,55801,20595,20200,10063,1897,30278,83275,0
360000,0,0,0,0,0,0,115730,102973,96363,85616,79033,72152,4371,5438,3415,2430,2568,3017,0
360000,0,0,0,0,0,0,122193,109382,109845,105271,96644,94973,5004,4031,3082,7018,2755,1813,0
360000,0,0,0,0,0,0,132250,132655,135959,139796,143642,147418,5000,5000,5000,5000,5000,5000,0
360000,0,0,0,0,0,0,148582,96639,82386,50887,52249,35311,90044,10090,50006,20000,5000,20000,0
360000,0,0,0,0,0,0,166848,149903,138091,138123,140324,108772,7294,6135,4504,4669,4060,3475,0
360000,0,0,0,0,0,0,167232,166848,149903,138091,138123,140324,6121,7294,6135,4504,4669,4060,0
360000,0,0,0,0,0,0,226988,217735,207215,197096,187693,177338,8006,7506,7006,7006,6103,5506,0
360000,0,0,0,0,0,0,238971,245515,248969,253896,259403,264352,10381,9036,9066,9576,9426,9435,1
360000,0,0,0,0,0,0,277569,246380,236139,241056,246297,246072,10500,8500,8750,9200,9800,8700,0
360000,0,0,0,0,0,0,277688,271867,272796,279597,253333,253737,10450,10414,11330,9081,9500,9000,0
360000,0,0,0,0,0,0,290543,118479,112746,102611,92290,51489,7288,6079,6091,6227,5055,27486,0
360000,0,0,0,0,0,0,297275,307394,314534,289355,274484,247998,20000,15000,19355,10000,10000,10000,0
360000,0,0,0,0,0,0,304883,301286,258122,255309,233946,235916,15000,9221,9225,8112,8369,9000,0
360000,0,0,0,0,0,0,338992,339254,348485,346028,338981,348032,15348,20013,20018,15000,20000,20000,0
360000,0,0,0,0,0,0,347696,329864,322159,289377,146946,130085,20000,20009,30000,10000,10000,10000,0
360000,0,0,0,0,0,0,350752,354823,358920,363999,292332,294752,13016,13016,13625,11019,9439,8651,0
360000,0,0,0,0,0,0,353200,337593,341528,350949,355869,210989,13806,12303,15005,13729,7700,8000,0
360000,0,0,0,0,0,0,365290,362533,358716,353426,299403,260620,13000,14000,12080,10000,9500,6000,0
360000,0,0,0,0,0,0,500090,477461,455591,430313,406010,377820,15900,16489,14128,13210,10442,9500,0
360000,0,0,0,0,0,2,234825,242378,235716,171573,95455,91687,15000,12000,10000,10000,0,10000,0
360000,0,0,0,2,0,0,254900,259974,268459,271691,277226,283210,9300,14200,9200,10000,10403,11900,0
360000,1,-2,-2,-2,-2,-2,-301,-301,-301,-301,-301,-301,0,0,0,0,0,0,1
360000,1,-2,-2,-2,-2,-2,0,0,0,0,0,0,0,0,0,0,0,558,0
360000,1,-2,-2,-2,-2,-1,-1917,-1917,-1917,-1917,-1917,18083,0,0,0,0,20000,1000,0
360000,1,-2,-2,-2,-2,-1,0,0,0,0,0,1392,0,0,0,0,1392,12884,0
360000,1,-2,-2,-1,0,-1,-390,-390,-390,10872,10540,2203,0,0,11652,358,2203,390,0
360000,1,-2,-1,-1,-2,-2,0,0,77,0,0,0,0,77,0,0,0,0,0
360000,1,-2,-1,-1,-1,-1,0,0,390,540,540,390,0,780,540,540,390,390,0
360000,1,-2,-1,-1,0,-1,0,0,22190,21416,6854,357,0,22190,21416,1545,357,357,0
360000,1,-2,-1,-1,0,0,0,0,9000,3002,3063,3063,0,9000,3002,61,0,0,0
360000,1,-2,-1,0,0,-1,0,0,70010,71610,73610,317,0,70010,2000,2000,317,11892,0
360000,1,-1,-1,-2,-2,-2,-8,859,-820,-813,-2292,-2292,867,0,7,0,0,0,0
360000,1,-1,-1,-1,-2,-2,0,4359,328,3721,3150,150,4359,328,3721,3150,150,999,0
360000,1,-1,-1,-1,-1,-1,-4316,60054,187734,17328,10658,77898,65000,188000,17384,20000,78000,46677,0
360000,1,-1,-1,-1,-1,-1,-8,2379,0,11850,150,459,2387,0,11850,300,459,52,0
360000,1,-1,-1,-1,-1,-1,0,791,173,1640,287,2418,791,173,1640,287,2426,507,0
360000,1,-1,-1,-1,-1,-1,723,17392,-8,32170,680,6205,17392,0,32178,680,6205,18814,0
360000,1,-1,-1,-1,-1,0,-281,2520,7508,434,2139,993,3011,7545,502,2205,5,1799,1
360000,1,-1,-1,-1,-1,0,-16,1621,458,0,282,282,1637,458,0,282,0,0,0
360000,1,-1,-1,0,-1,-1,-1,180,14418,8625,516,0,181,14418,0,516,0,1235,0
360000,1,-1,2,-1,0,0,0,238,238,3730,3930,3930,238,0,3730,200,0,0,0
360000,1,2,0,0,2,0,366577,345484,354469,187836,186172,189759,0,14148,11500,0,5324,5500,0
360000,2,-1,0,0,0,0,218,7022,9744,89215,98256,99145,7022,3001,80000,10500,5000,10000,0
360000,2,2,-2,-2,-2,-2,1614,-40,-40,-40,-40,1153,40,0,0,0,1193,17,0
360000,2,2,-2,-2,-2,-2,2500,0,0,0,0,0,0,0,0,0,0,0,0
360000,2,2,-2,-2,-2,-2,2500,0,0,0,0,0,0,0,0,0,0,0,0
360000,2,2,-2,-2,-2,-2,2500,0,0,0,0,0,0,0,0,0,0,0,1
360000,2,2,-2,-2,-2,-2,2500,0,0,0,0,0,0,0,0,0,0,0,0
360000,2,2,-2,-2,-2,-2,2500,0,0,0,0,0,0,0,0,0,0,0,1
360000,3,2,2,-2,-2,-2,2500,2500,0,0,0,0,0,0,0,0,0,0,1
370000,-2,-2,-2,-2,-2,-2,0,0,0,0,0,0,0,0,0,0,0,0,1
370000,-2,-2,-2,-2,-2,-2,6093,15130,8204,15398,4792,13453,15383,8204,15413,4792,13453,4699,0
370000,-2,-1,0,0,0,2,11403,191438,189957,188960,195476,184094,191446,7002,6854,15960,0,122400,0
370000,-1,-1,-1,-1,-1,-1,577,27895,-4247,4347,5562,0,63895,0,8694,5562,0,3500,0
370000,-1,-1,-1,-1,-1,-1,25588,1259,1259,3661,4484,24233,2096,1263,3665,4488,24262,11175,1
370000,-1,-1,-1,2,-1,-1,2804,1674,39811,35194,3728,2241,1674,42921,0,3728,2300,43183,0
370000,0,0,0,-1,-1,-1,137250,141167,103000,41200,1109,99723,5927,5000,41200,1109,99723,5000,0
370000,0,0,0,0,0,0,8207,11054,15840,20542,25255,30034,3000,5000,5000,5000,5000,5000,0
370000,0,0,0,0,0,0,63412,159542,160885,162368,165591,121614,100000,6000,6000,8000,4500,3000,0
370000,0,0,0,0,0,0,75823,63617,65585,67223,62201,64356,5000,3000,3003,3000,3500,60000,0
370000,0,0,0,0,0,0,123485,129885,134782,141002,145637,149281,10000,7000,10000,7000,6000,6000,0
370000,0,0,0,0,0,0,141552,67739,49097,48216,47675,48074,2157,2000,1668,2000,3000,1000,0
370000,0,0,0,0,0,0,181221,180616,114073,57660,23093,18436,10073,6367,5100,2000,3000,3000,0
370000,0,0,0,0,0,0,219386,181046,169132,128553,88817,83763,10500,14045,8553,8817,10763,2526,0
370000,0,0,0,0,0,0,258397,236235,204503,201259,157159,152357,9661,9599,8683,6970,56032,6025,0
370000,0,0,0,0,0,0,276436,239025,149128,48907,53025,51434,20000,13000,5000,10000,4000,6000,0
370000,0,0,0,0,0,0,308011,302783,297700,298224,338565,288924,10404,10015,16502,60003,15008,20000,0
370000,0,0,0,0,0,0,360546,369909,370605,366054,310869,311284,15901,13603,13500,11014,12024,16027,0
370000,0,0,0,0,2,0,47269,43531,59801,53925,30534,23618,2000,20000,8000,0,1000,0,0
370000,0,0,0,2,0,0,72322,74758,78423,81017,81698,83562,4252,5500,4500,2926,3182,3043,0
380000,-2,-2,-2,-2,-2,-2,0,0,0,0,0,0,0,0,0,0,0,0,0
380000,-2,-2,-2,-2,-2,-2,2588,38981,6267,19774,12297,2700,39529,6930,19873,12361,2713,5291,0
380000,-2,-2,-2,-1,-1,-2,0,0,990,2086,0,4069,0,990,2086,0,4069,10000,0
380000,-2,-2,-1,0,0,0,-81,-303,32475,32891,33564,34056,223,33178,1171,1197,1250,5000,0
380000,-1,-1,-2,-1,-1,-2,6347,0,0,46350,0,0,0,0,46350,0,0,24000,1
380000,-1,-1,-1,-1,-2,-1,202,35993,86617,-3450,-3450,3502,37791,86697,0,0,7102,159753,0
380000,-1,-1,-1,-1,-1,-1,3859,9194,15157,11147,12483,13680,9240,15233,11202,12493,13748,18061,0
380000,-1,-1,-1,-1,-1,-1,15019,4162,2107,0,1630,0,4472,2107,0,1630,0,0,0
380000,-1,-1,-1,-1,-1,-1,28057,14266,22101,24038,41215,35010,14412,22211,24159,41417,35184,2109,0
380000,-1,-1,-1,-1,-1,0,388,388,388,388,775,387,389,389,389,776,1,435,0
380000,-1,-1,-1,-1,0,-1,17670,10179,11824,23991,13944,20962,10233,13826,24071,4065,21061,28484,0
380000,-1,-1,0,0,-1,-1,1630,65757,65201,39281,80561,19302,65757,1628,196,80962,19395,13452,0
380000,0,-1,-1,-1,-1,0,4366,2566,4174,-192,15011,12990,2566,4174,192,16350,2000,55500,1
380000,0,0,0,0,0,0,27268,75331,72950,70022,70861,70897,50042,3017,3000,3016,3000,4010,0
380000,0,0,0,0,0,0,44986,109142,43758,39106,37978,33428,70000,2014,1004,3000,2000,3302,0
380000,0,0,0,0,0,0,59881,61070,62350,63623,64846,66204,2185,2263,2310,2282,2363,2380,0
380000,0,0,0,0,0,0,88112,91640,93480,95256,96964,71250,4569,4000,3000,5000,5000,2070,0
380000,0,0,0,0,0,0,89842,88898,63203,44889,44276,31799,8000,8009,7000,6000,10500,8500,0
380000,0,0,0,0,0,0,106065,97979,100599,81087,82793,85301,3385,4074,2592,2696,3569,5240,0
380000,0,0,0,0,0,0,112926,108573,216399,213259,203377,185056,4677,130533,7609,12000,7000,6000,0
380000,0,0,0,0,0,0,126880,130324,152869,137442,82800,42083,7000,25390,10000,20000,1659,1600,0
380000,0,0,0,0,0,0,307388,280090,249018,252496,253331,238051,12936,9190,9000,8100,8100,8000,0
380000,0,0,0,0,0,0,319243,357782,374313,371566,362232,352161,150039,30031,27403,15168,35235,25078,0
380000,0,0,0,0,0,0,331697,332339,322995,314161,327945,289814,15000,15000,20019,20000,9934,9330,0
380000,0,0,0,0,0,0,372926,354068,327342,247528,128386,128820,13248,9543,6106,3013,3398,6067,0
380000,0,0,0,0,0,0,381530,385605,257188,145505,142529,229320,32640,18077,12005,10028,28888,25000,0
380000,0,0,0,0,0,0,384979,276655,174060,172167,142135,152135,20000,9500,4180,0,10000,5000,0
380000,0,0,0,0,2,2,294100,313346,299786,307801,288820,266266,30125,11600,20009,11000,0,40000,0
380000,1,-1,-1,-1,-1,-2,0,2879,1395,3261,0,0,742,1395,3261,0,0,0,0
380000,1,2,2,-2,-2,-2,8201,7882,-2,-2,-2,-2,39,0,0,0,0,0,1
390000,-2,-2,-2,-2,-2,-2,-13,-13,-13,-13,-13,-13,0,0,0,0,0,13,1
390000,-2,-2,-2,-2,-2,-2,73,10925,0,0,0,0,10952,0,0,0,0,0,1
390000,-2,-2,-2,-2,-2,-2,570,2681,1186,1944,4966,2973,2691,1191,1948,4987,2982,15546,0
390000,-2,-2,-2,-2,-2,-2,10598,1446,2041,4582,2070,0,1571,2041,4582,2070,0,3100,0
390000,-2,-2,-2,-2,-2,-2,14315,7097,6548,8976,909,17682,7097,6548,8976,909,17682,12710,0
390000,-2,-1,-1,0,0,0,5044,1248,199466,200701,210885,213137,1248,201925,6195,30000,8000,8000,0
390000,-2,-1,0,0,0,0,3983,25146,197534,179690,170173,164339,25146,185059,9137,6513,5058,6000,0
390000,-1,-1,-2,-1,-1,-1,898,0,0,2582,128,6273,0,0,2582,128,6273,0,0
390000,-1,-1,-1,-2,-2,-1,15026,13357,0,0,0,100000,13357,0,0,0,100000,39268,0
390000,-1,-1,-1,-1,-1,-1,8243,4610,7599,2947,86790,3628,4644,7677,2947,87476,3639,7769,0
390000,-1,-1,-1,-1,0,-1,19081,1170,6512,14122,7894,3927,1170,6512,14122,0,3927,200,0
390000,-1,-1,0,0,0,-1,3060,60248,53157,73183,69592,24629,60248,7183,66000,0,24629,43433,0
390000,-1,-1,0,0,0,0,5895,42006,31192,13859,10078,4635,42016,1397,347,250,145,94,0
390000,-1,-1,0,0,0,0,14673,83728,67892,65246,68949,52724,83728,2637,2576,5000,2724,2000,0
390000,-1,0,0,0,0,0,46895,45435,47678,47753,38671,50795,7518,12006,13006,4006,25011,14009,0
390000,-1,0,0,0,0,0,83514,79730,64171,58767,54224,51667,4013,4000,2100,2000,3000,1200,0
390000,0,-1,-1,-1,-2,-2,1162,759,695,-448,-1228,-1228,759,699,115,712,0,235,0
390000,0,-1,-1,-1,-1,0,94373,2230,609,-3261,36635,38396,2230,609,0,40396,3000,105100,0
390000,0,-1,0,0,0,0,5602,48329,45281,31219,24962,17002,48329,2287,1500,4962,815,10000,0
390000,0,0,-2,-2,-2,-2,10496,-23,-349,-675,-1001,-1327,0,0,0,0,0,2000,0
390000,0,0,0,-1,0,0,91701,68587,101211,96725,125810,182122,60081,84908,121081,80000,85000,8000,0
390000,0,0,0,0,0,-1,40439,30808,27235,9895,3707,62320,2013,1329,1025,1010,67842,2530,0
390000,0,0,0,0,0,0,16406,16966,15428,13465,40736,39532,1500,1500,1000,30000,2000,3000,0
390000,0,0,0,0,0,0,60697,64440,67503,68566,65411,66597,5000,5000,5007,5000,5000,5000,0
390000,0,0,0,0,0,0,64440,67503,68566,65411,66597,57361,5000,5007,5000,5000,5000,2000,0
390000,0,0,0,0,0,0,78549,81775,82963,84236,84971,87112,4500,4000,3500,4000,3500,10000,0
390000,0,0,0,0,0,0,86124,89129,90294,92243,94186,97562,4300,3437,3346,3475,5000,10005,0
390000,0,0,0,0,0,0,90294,87292,88335,89396,90769,91825,3200,3200,3200,3500,3300,4000,0
390000,0,0,0,0,0,0,174603,178087,185212,187648,192538,198828,6379,10000,7001,8001,10000,10000,0
390000,0,0,0,0,0,0,175363,164292,144731,145140,130727,131619,5551,5358,5500,5000,20000,10000,0
390000,0,0,0,0,0,0,249265,253883,250654,253336,256281,257151,8903,9300,9402,10343,7000,6600,0
390000,0,0,0,0,0,0,282849,281836,284397,284241,285615,282611,12000,13000,12000,12000,10266,9800,0
390000,0,0,0,0,0,0,310075,184647,90383,55212,29701,-1429,10021,4000,15046,20000,0,10090,0
390000,0,0,0,0,0,0,324452,309369,269703,266017,271657,245958,13106,10111,10005,11000,9007,9000,0
390000,0,0,0,0,0,0,359641,283210,240876,190709,191162,195336,11100,13163,8349,6840,7252,7800,0
390000,0,0,0,0,0,0,375023,376767,359292,348513,272077,225079,13313,13705,15454,144206,9000,10000,0
390000,0,0,2,0,0,-2,48378,52279,51176,52286,0,0,4705,0,2712,0,0,0,0
390000,1,2,0,0,0,0,424244,395060,258372,261498,213003,102423,587,9500,30140,4235,1998,25226,0
390000,2,0,0,0,0,0,112320,106156,95039,85806,76981,69641,5073,3950,2627,2044,2344,3036,1
390000,2,2,0,0,0,0,185204,180455,131386,131879,115183,75131,0,6000,3500,5000,4500,3000,1
400000,-2,-2,-2,-2,-2,-2,-287,-287,5439,5747,687,19898,0,5726,5753,687,19934,40024,0
400000,-2,-2,-2,-2,-2,-2,0,626,118,10349,2817,2410,626,118,10349,2817,2410,10715,0
400000,-2,-2,-2,-2,-2,-2,389,389,389,320,14185,389,390,390,321,14255,390,390,0
400000,-2,-2,-2,-2,-2,-2,2240,12165,7062,8833,7659,5676,12245,7135,8891,7704,5728,4070,0
400000,-2,-2,-2,-2,-2,-2,3173,4265,8403,9096,28896,52196,4265,8427,9096,28896,52196,396,0
400000,-2,-2,-2,-2,-2,-2,3616,0,3328,3328,3828,4893,0,6656,3328,3828,4893,4687,0
400000,-2,-2,-2,-2,-2,-2,6464,-270,-770,-761,-2710,187552,1692,0,9,11,194541,7015,1
400000,-2,-2,-2,-2,-2,-2,23052,7754,13052,12639,12315,7831,8025,13972,13046,13040,7923,14533,0
400000,-1,-1,-1,-1,-1,-1,1140,937,1663,5019,9539,1697,940,1667,5039,9579,1703,12856,0
400000,-1,-1,-1,-1,-1,-1,1630,816,1617,875,917,5434,816,1617,875,917,5434,14115,0
400000,-1,-1,-1,-1,-1,-1,4988,2986,96868,33745,5143,1601,3003,97353,33913,5168,1611,0,0
400000,-1,-1,-1,-1,-1,-1,7011,9639,8102,8585,12633,20338,10000,8501,9003,13000,20500,11000,0
400000,-1,-1,-1,-1,-1,-1,19660,9666,11867,7839,14837,7959,9677,11867,7839,14837,7959,5712,0
400000,-1,-1,-1,-1,-1,0,8716,211,4168,4049,4566,2578,211,4188,4061,4586,12,3837,0
400000,-1,-1,-1,-1,0,-1,845,1423,6649,3051,1926,51669,1428,6676,3051,5,51965,5038,0
400000,-1,-1,-1,-1,0,0,3608,4032,9885,65207,59247,53752,4052,9939,65243,1239,5366,10435,0
400000,-1,-1,-1,-1,0,0,153951,193159,72201,199209,179290,9780,193358,72356,199209,411,0,126743,0
400000,-1,-1,-1,-1,2,2,3456,49709,8834,57959,49590,22972,50263,8834,50000,0,8695,0,1
400000,-1,-1,-1,0,0,0,3919,-8477,247784,258900,225614,228219,0,258900,20170,17000,10000,10000,0
400000,-1,-1,0,0,0,0,16666,62545,98214,84142,70732,68674,62545,53704,4142,5010,66676,66660,0
400000,-1,-1,2,0,-1,0,530,5332,5101,6201,2173,2803,5101,6,2000,2173,2000,4500,0
400000,-1,0,-1,0,0,0,10677,31405,26717,25434,6973,9899,31008,26862,3000,2000,3000,0,0
400000,-1,0,0,-1,0,0,17253,161057,192054,20660,18242,15609,160002,42263,20663,6020,3500,1003,0
400000,-1,0,0,0,-1,-1,11633,12294,13038,13751,5765,21784,1200,1287,1000,5819,26957,507,0
400000,-1,0,0,0,0,0,2871,6260,6651,6542,7093,9134,4016,4020,4066,4009,4021,3507,0
400000,-1,2,-1,-1,-1,-1,58126,10446,5299,8841,18612,6115,31,5316,8858,18769,6115,11000,0
400000,-1,2,-1,-1,-1,2,1908,952,333,4928,8235,3317,0,333,4928,8235,0,1708,0
400000,0,-1,-1,-1,0,0,104083,8,1274,19143,20305,22063,8,1274,19143,1305,2063,1695,0
400000,0,-1,-1,0,-1,0,7912,4220,3364,2832,34967,38706,4220,3364,2500,34967,10000,22600,0
400000,0,-1,0,0,-1,-1,10965,9280,13582,7272,414,10799,9283,7276,7,417,10802,21202,0
400000,0,-1,2,-1,0,0,2030,10520,6073,8591,6611,17080,10540,18,8591,0,10990,0,1
400000,0,0,-2,-2,-2,-2,9940,0,11451,101,551,19982,0,11451,104,600,20015,0,0
400000,0,0,-1,-1,-1,-1,161226,139481,17939,10315,22728,11493,5000,17939,12845,22728,11493,10703,0
400000,0,0,0,0,-1,-1,35383,33892,22071,18161,14669,686,12119,9177,90,14709,686,18444,0
400000,0,0,0,0,-1,0,212647,148816,129580,50790,49106,40591,6000,9353,10000,49106,2000,2000,0
400000,0,0,0,0,0,0,6902,7904,7566,7716,7722,7890,1216,1213,363,219,234,159,0
400000,0,0,0,0,0,0,10928,12730,14486,13419,14313,14524,2000,2002,2000,2000,3000,5000,0
400000,0,0,0,0,0,0,18256,18245,18447,13574,8805,10501,1300,1229,1120,292,2784,270,0
400000,0,0,0,0,0,0,18487,12366,13010,12620,17945,20030,2620,1000,0,13945,7116,1280,1
400000,0,0,0,0,0,0,26912,24967,13810,18230,25050,10209,10016,6000,10000,10000,5000,4000,0
400000,0,0,0,0,0,0,35660,37065,38142,38870,30059,27656,2000,1673,1401,990,964,975,0
400000,0,0,0,0,0,0,46782,48075,48815,49831,50821,51884,2036,1776,1792,1782,1844,1856,0
400000,0,0,0,0,0,0,48419,51886,53291,57265,61035,64879,5000,3000,5000,5000,5000,5000,0
400000,0,0,0,0,0,0,68835,60549,63047,65508,66954,68411,2600,3000,3000,2000,2002,3020,0
400000,0,0,0,0,0,0,69376,61204,50773,39676,30680,27761,2255,1421,1381,770,731,600,0
400000,0,0,0,0,0,0,71991,80225,41429,25858,10219,15967,10242,10268,3000,4000,6070,2007,0
400000,0,0,0,0,0,0,95014,97074,98274,84698,58612,55610,5000,3532,4005,1482,1452,3000,1
400000,0,0,0,0,0,0,98580,67946,161585,146093,129047,75427,8006,123692,7002,8167,3996,2000,0
400000,0,0,0,0,0,0,112789,115910,120657,122338,124145,113477,5000,6624,5200,3826,3363,3398,0
400000,0,0,0,0,0,0,187790,176294,190256,89128,39276,23440,5519,44776,1502,2026,1015,52100,0
400000,0,0,0,0,0,0,399099,272898,202937,169138,144434,124802,15395,10232,12115,6285,11106,3124,0
400000,0,0,0,0,0,0,404924,359634,360270,325340,328627,329948,13521,12374,11643,11868,18000,15000,0
400000,0,0,0,0,2,0,115506,123607,140859,157131,126146,115529,10000,20009,20146,68,5109,5084,0
400000,1,-2,-1,0,0,0,-166,-490,29186,30789,7879,13928,1,30001,2128,3009,8006,1028,0
400000,1,-1,-1,-1,-1,-1,0,3328,3328,3828,4893,4687,6656,3328,3828,4893,4687,3008,0
400000,1,2,0,0,0,0,21092,19756,19058,15146,15064,12774,0,1510,1010,1000,2000,2000,0
400000,1,2,2,-2,-2,-2,9279,7419,0,3378,0,590,0,0,3378,0,590,2951,0
400000,2,0,0,0,0,0,61245,109943,222085,223350,213831,210563,50016,120018,10071,8037,8018,8809,1
400000,2,2,2,2,2,2,49354,50747,49666,52727,51286,55077,2500,0,4500,0,4800,1600,0
400000,4,3,2,0,0,-1,278863,275153,269528,269278,269278,1976,0,0,150,0,3355,5688,1
410000,-2,-2,-2,-2,-2,-2,0,8417,0,2830,0,0,8417,0,2830,0,0,500,0
410000,-2,-2,-2,-2,-2,-2,41116,38144,31177,27185,13818,8477,5071,3041,3096,3845,212,3,0
410000,-1,-1,-1,-2,-1,-1,3244,8339,0,0,1759,2624,8339,0,0,1759,2624,0,0
410000,-1,-1,-1,-1,-1,-1,4151,4357,10513,9137,7781,28870,4357,10513,9137,7781,28870,15000,0
410000,-1,-1,-1,-1,-1,-1,40390,9760,9712,11756,4128,12424,9760,9712,11771,4128,12424,8702,0
410000,-1,-1,-1,-1,0,-1,7114,8223,6557,16128,7539,5300,8309,6645,16141,0,5300,5600,0
410000,-1,-1,2,2,-2,-2,2744,2041,630,-736,-1591,-2303,2051,5,266,266,253,6384,0
410000,0,0,0,0,0,0,134072,133604,133882,135954,134250,129971,15003,15877,30000,14250,9971,27380,0
410000,0,0,0,0,0,0,198954,202511,199348,201941,101962,104837,7000,9000,9000,5000,5000,5000,0
410000,0,0,0,0,0,0,309531,313646,270317,209076,191671,192848,11270,15325,9099,7016,7703,100000,0
410000,0,0,0,0,0,0,358896,361330,360396,367893,375268,383121,13000,13100,13500,13500,13900,15000,0
410000,0,0,0,0,0,0,421227,416160,419988,359736,358471,360557,15050,16000,13100,12700,13000,13100,0
410000,1,-2,-2,-2,-2,-2,0,0,0,0,0,0,0,0,0,0,0,3996,0
410000,2,2,2,2,2,0,71532,73643,72083,76603,74964,76370,3700,0,6147,0,2577,2747,1
420000,-2,-2,-2,-2,-2,-2,1794,7748,2950,17827,23711,63784,7786,2965,18048,23831,64101,30731,0
420000,-2,-2,-2,-2,-2,-2,3542,2967,2977,2987,3624,3165,3010,3035,3029,3637,3222,3025,0
420000,-2,-2,-2,-2,-2,-2,4904,5248,5344,5058,2019,2443,5332,5348,5065,2019,2443,4697,0
420000,-2,-2,-2,-2,-2,-2,8100,14270,7324,2846,3027,5946,14274,8232,2853,3027,5946,32053,0
420000,-2,-2,-2,-2,-2,-2,62364,30165,106030,33694,49354,44744,30336,107382,33850,49587,47222,57258,0
420000,-2,-2,-2,-2,-2,-1,11728,8860,4829,12181,7597,17772,8904,4866,12241,7635,17858,10057,0
420000,-2,-2,-1,0,0,0,0,0,277510,279493,285447,291183,0,277510,10000,10000,10000,10500,0
420000,-1,-1,-1,-1,-1,-1,3790,19292,15068,37435,-1896,18995,19292,15087,37435,287,25087,3046,0
420000,-1,-1,-1,-1,-1,-1,7572,18847,16615,14156,9058,3281,18920,16615,14156,9058,3281,5971,0
420000,-1,-1,-1,2,2,2,9464,37856,31429,22483,16437,-2474,40146,23040,63,104,23,50212,0
420000,-1,-1,0,-1,-1,-2,41104,6784,6346,1409,14107,8379,6887,2028,1413,14109,8452,1928,0
420000,-1,0,0,0,-2,-2,18037,9944,3254,-16,-16,-16,3048,3016,0,0,0,3262,0
420000,-1,0,0,0,0,0,559,1560,3360,3343,3091,3578,1001,2400,100,62,1276,1500,0
420000,0,-1,0,0,0,0,17685,28206,122212,117835,112705,111357,30553,100000,4013,3822,4086,3800,0
420000,0,0,-1,0,-1,0,326239,318143,15926,4169,158062,156341,7108,17570,1000,158556,5000,5080,0
420000,0,0,-1,0,0,-1,83640,63751,153092,111922,88709,36484,1275,156564,0,0,36484,69380,0
420000,0,0,-1,0,0,0,16127,12074,85269,86388,87153,88957,1322,90499,3122,2915,3000,3150,0
420000,0,0,0,0,-1,-1,34567,36416,7406,0,12150,150,10000,2056,0,12150,150,399,0
420000,0,0,0,0,0,-1,20326,21629,22354,23150,0,15235,1479,1204,1000,0,15235,242,0
420000,0,0,0,0,0,0,23191,24541,24813,25893,26397,26557,2267,2034,1500,1467,1267,1767,0
420000,0,0,0,0,0,0,45465,46232,31233,22768,22588,22172,1706,1401,804,852,0,8100,0
420000,0,0,0,0,0,0,56255,121215,132536,131704,331059,328958,71536,12536,11704,212059,12958,12819,0
420000,0,0,0,0,0,0,57707,133661,135987,134719,135426,111697,86000,7000,4500,5000,4000,3500,0
420000,0,0,0,0,0,0,131939,136721,140011,141695,144839,147954,7000,7000,5500,5500,5600,5000,0
420000,0,0,0,0,0,0,194505,144086,144169,122453,120509,119783,5479,5502,4193,5006,4503,4003,0
420000,0,0,0,0,0,0,211688,205003,203118,198925,175684,164037,7300,8839,8000,5900,6000,6000,0
420000,0,0,0,0,0,0,267050,272606,278407,284777,301438,308571,10000,10200,11000,21500,12000,15000,0
420000,0,0,0,0,0,0,387143,24830,25419,10951,8126,8313,1585,1174,1133,291,318,277,0
420000,0,0,0,0,0,0,392639,397332,376317,214062,164003,162836,16117,20516,7092,6019,4636,5570,0
420000,0,0,0,0,0,0,413076,414013,417086,348345,287150,261219,15048,16078,12638,50700,20014,10127,0
420000,1,-2,-2,-2,-2,-2,0,0,0,0,0,0,0,0,0,0,0,0,0
420000,1,-2,-2,-2,-2,-2,0,0,0,0,0,0,0,0,0,0,0,0,1
420000,1,-2,-2,-2,-1,-1,8120,2205,-94,6300,1047,67631,1011,0,6394,1047,67643,2005,0
420000,1,-1,-1,0,0,0,0,14165,53697,50081,44875,42691,14165,55732,1563,1594,1454,1535,0
420000,2,2,2,0,0,0,68394,72874,71035,57503,56467,53995,5620,0,2000,1892,1979,2226,0
430000,-2,-2,-2,-2,-2,-2,325,325,325,0,325,650,325,325,0,325,650,150,0
430000,-2,-2,-2,-2,-2,-2,1580,1526,806,2792,3010,-200,1526,806,2792,3010,200,0,0
430000,-2,-2,-2,-2,-2,-2,11362,11461,5741,8897,1350,10184,11461,5745,8935,1350,10184,4190,0
430000,-2,-2,-2,-2,-2,-2,37693,3390,5930,33736,23558,8118,3507,5960,39507,11838,8158,8509,0
430000,-1,-1,-2,-2,-2,-1,9900,0,0,0,0,2299,0,0,0,0,2299,37980,0
430000,-1,-1,-1,-1,-1,-1,1343,909,5271,757,157,157,909,5319,757,157,157,5989,0
430000,-1,-1,-1,-1,-1,-1,5149,4588,11164,1531,9848,10178,4600,11220,1531,9902,10202,5926,0
430000,-1,-1,-1,-1,0,-1,38495,11935,32878,115683,84049,37210,11935,32887,115683,0,37210,29559,0
430000,0,-1,-1,-1,-1,0,3658,1962,6591,854,44275,32731,1962,6591,1026,50000,0,3000,0
430000,0,-1,-1,-1,0,-1,4704,9714,13247,27555,17389,2919,9723,13298,27570,0,2919,96117,0
430000,0,0,-1,0,0,0,34785,0,18518,16574,12215,6660,0,18518,5,244,1038,41500,0
430000,0,0,0,-1,0,0,42130,34785,0,18518,16574,12215,1000,0,18518,5,244,1038,0
430000,0,0,0,0,0,0,17800,18175,11153,11073,2853,3177,2003,2000,1030,2350,2000,1150,0
430000,0,0,0,0,0,0,29860,39305,43020,45540,8342,8310,10000,5000,5540,8310,5640,2820,0
430000,0,0,0,0,0,0,35488,39897,48916,52021,27796,29340,5000,10000,4000,1500,2000,2000,0
430000,0,0,0,0,0,0,89756,89395,90052,90604,91200,92134,3169,3243,3200,3185,3500,3500,0
430000,0,0,0,0,0,0,258212,232225,237297,240682,245337,242481,10500,10300,9000,8541,9054,8543,1
430000,0,0,0,0,0,0,401298,433835,399755,357082,363968,346718,40000,15140,15000,12565,15000,13000,0
430000,0,0,0,0,0,0,406995,438832,312608,341552,345532,339050,40000,30000,35000,30000,20019,40000,0
430000,0,0,0,0,0,0,626648,586825,547667,504474,462640,420585,20659,20421,16943,15634,14933,15131,0
430000,1,-2,-2,-2,-2,-2,1821,2324,2250,3004,1074,1623,2324,2250,3004,1074,1623,2493,0
430000,2,2,-2,-2,-2,-2,435,-183,-525,-868,-1211,-1840,183,0,0,0,290,2512,0
440000,-2,-2,-2,-2,-2,-2,0,200,751,2674,317,565,200,751,2700,320,570,0,0
440000,-2,-2,-2,-2,-2,-2,4196,10121,32921,22680,13711,11074,10137,32921,15701,5711,5074,14825,0
440000,-2,-2,-2,-2,-2,-2,8325,-4341,-15641,7059,-4220,-16370,0,752,34000,284,3650,52719,0
440000,-2,-2,-2,-2,-2,-1,0,0,0,0,0,100,0,0,0,0,100,300,0
440000,-1,-1,-1,-1,-1,-1,3278,2028,981,873,873,840,2035,982,874,874,841,7453,0
440000,-1,-1,-1,0,0,0,3982,12516,15869,20849,331985,185315,16282,16031,23613,320008,5721,5376,0
440000,-1,-1,-1,3,2,2,600,-420,417,2217,1321,8879,0,1937,1800,0,8480,0,1
440000,-1,-1,0,0,-2,-1,3290,4949,10065,2500,0,11560,4949,6020,0,0,11560,258,0
440000,0,-1,-1,-1,-1,-1,98161,1238,1238,1238,1238,2165,1238,1238,1238,1238,2165,150000,1
440000,0,-1,-1,-1,0,0,14234,11061,19669,18613,13669,24849,11066,19669,33152,0,20000,7046,0
440000,0,0,-1,-1,0,0,37547,29349,23713,25427,21187,26486,20016,29748,25448,10015,14501,11501,0
440000,0,0,0,0,0,-1,49803,25781,18400,10978,1175,32857,1390,4375,271,497,34255,1048,0
440000,0,0,0,0,0,0,58639,66698,43399,44534,25341,20000,30000,2000,24534,5000,20000,20839,0
440000,0,0,0,0,0,0,64786,45923,47256,50727,50064,59017,5000,3000,5000,5000,10000,8000,0
440000,0,0,0,0,0,0,128808,133340,133075,109705,111202,116169,10000,5000,5000,7126,10000,10000,0
440000,0,0,0,0,0,0,177425,180641,181557,149944,113135,105280,7700,8610,6907,3727,3800,4001,0
440000,0,0,0,0,0,0,186061,232558,312398,222336,223882,130672,50000,100448,7015,6422,6086,4000,0
440000,0,0,0,0,0,0,217407,219860,265058,142132,92400,0,8005,50000,7000,9000,0,1058,0
440000,0,0,0,0,0,0,386288,367400,347445,354373,307773,293357,14453,12611,13022,10572,10270,10722,0
440000,0,0,0,0,0,0,388357,390101,387948,354871,238196,200777,14193,14740,9655,6453,5478,4919,1
440000,0,0,0,0,0,0,412962,409812,393255,370202,258387,255740,15000,20000,15305,10070,15037,10052,0
440000,0,0,0,0,0,0,485921,234046,214092,201210,186455,169455,20000,7822,8000,6000,16000,4000,0
440000,2,0,0,0,0,0,276955,198150,183825,185971,189968,193799,8752,8200,6700,7000,6870,7000,1
440000,2,0,0,0,0,0,339410,324469,324109,287932,287892,276902,11500,11129,10300,11098,11200,12000,0
450000,-2,-2,-2,-2,-2,-2,1249,142,5965,991,-9,1974,142,6001,996,0,1983,7228,0
450000,-2,-2,-2,-2,-2,-2,2500,0,0,0,0,0,0,0,0,0,0,0,0
450000,-2,-2,-2,-2,-2,-2,2542,2545,1158,1103,110,187,2557,1273,1109,0,187,2014,0
450000,-2,-2,-2,-2,-2,-2,3485,2989,2278,4714,768,1069,3004,2289,4737,771,1074,370,0
450000,-2,-2,-2,-2,-2,-2,7240,1251,0,1620,0,4155,1251,0,1620,0,4155,11089,0
450000,-2,-2,-2,-2,-2,-2,8012,4009,5226,4715,3275,6422,4021,5241,4729,3284,6441,4285,1
450000,-2,-2,-2,-2,-2,-2,30535,83371,17471,10342,51786,45747,84267,17566,10401,52045,45812,169,0
450000,-1,-1,-2,-2,-1,-1,12050,13500,6350,11670,1530,1232,13551,6364,11728,1532,1234,201,0
450000,-1,-1,-1,-2,-2,-2,1866,4575,0,0,0,0,4579,0,0,0,0,0,0
450000,-1,-1,-1,-1,-2,-2,9612,19253,6665,0,0,0,19293,6665,0,0,0,8768,0
450000,-1,-1,-1,-1,-1,-1,242,0,2343,2313,8295,699,0,2343,2313,8295,1806,1274,0
450000,-1,-1,-1,-1,-1,-1,3087,2081,198,9532,3420,130,2081,198,9532,3420,130,878,0
450000,-1,-1,-1,-1,-1,-1,30627,3693,6696,2461,4192,4378,4008,6696,5000,4192,4378,71100,0
450000,-1,-1,-1,-1,0,-1,182,885,1099,2998,2757,623,889,1104,2999,68,626,688,0
450000,-1,-1,-1,-1,0,0,5453,25948,53938,14602,18065,19239,26731,55367,15174,10528,10037,48551,0
450000,-1,0,-1,-1,-1,-1,2549,20499,2499,2499,0,11071,20449,2499,2499,0,11071,780,0
450000,-1,0,0,0,-1,-1,9845,11991,17111,19585,9756,3282,3000,10000,3000,10000,3300,326,0
450000,-1,0,0,0,0,0,71985,85047,74354,57628,57381,14870,15000,1879,20000,20000,5000,50893,0
450000,-1,0,0,0,0,0,156875,154853,152936,150996,149094,147297,11000,11000,11000,11000,11000,11000,1
450000,0,-1,-1,-1,-1,-1,37070,17596,24965,0,1649,5212,17596,24965,0,1649,5212,535,0
450000,0,-1,-1,-1,0,0,46437,7875,0,1000,17446,11062,7875,0,1000,16446,0,0,0
450000,0,0,-1,-1,-1,-1,13371,13480,5747,3339,9458,7231,4000,5747,3339,18916,7231,4972,0
450000,0,0,-1,-1,0,0,457627,38692,4549,16885,6440,7440,1000,4549,16885,129,1000,0,0
450000,0,0,0,-1,-1,0,28499,13119,9983,4904,45338,51646,1214,3109,4904,45338,7570,11729,0
450000,0,0,0,0,0,0,67139,60995,62728,63223,63011,43156,3000,3000,2000,8110,2600,2000,0
450000,0,0,0,0,0,0,108390,96704,84033,72279,55757,37161,4300,3073,3000,2000,1500,2000,0
450000,0,0,0,0,0,0,166295,147549,234421,240020,240016,223545,5771,90000,10517,8801,8265,9000,0
450000,0,0,0,0,0,0,179547,157945,118192,82644,17720,7068,8101,12029,35524,38,2015,7522,0
450000,0,0,0,0,0,0,388009,393535,403891,415193,145198,138389,15000,16701,20101,7000,5750,10000,0
450000,1,-2,-1,-1,-1,-2,5909,964,613,1797,679,10643,968,615,1834,682,10697,30451,0
450000,1,-2,-1,0,0,-2,0,0,3581,3654,0,0,0,3581,73,0,0,0,0
450000,1,2,2,0,0,0,131351,132453,128901,132982,141298,137347,4723,0,6270,12000,16309,5000,0
450000,2,2,-2,-2,-2,-2,2500,0,0,0,0,0,0,0,0,0,0,0,1
460000,-1,-1,-1,-1,0,-1,1637,-196,4594,1517,1517,1306,0,4790,1517,0,1306,0,0
460000,-1,-1,-1,0,-1,-1,1762,3152,531,522,4434,9767,3152,531,500,4434,9767,0,0
460000,-1,-1,-1,0,0,0,11469,13749,32838,33203,3129,5945,13766,32871,21000,165,3551,28979,0
460000,-1,-1,-1,2,0,-1,15950,13101,22551,21851,22214,80132,13101,10000,0,10000,80132,4882,0
460000,-1,0,0,0,0,0,11689,12911,15418,22465,25546,36452,2000,3000,8000,4000,16000,6000,0
460000,0,-1,-1,-1,-1,-1,10643,1547,1670,6425,4897,8401,1600,1800,6500,5000,5000,4500,0
460000,0,0,-1,-1,-1,-1,5085,3883,5115,5714,1530,1868,3282,6000,5714,1530,1868,9250,0
460000,0,0,0,-2,-1,-1,43792,35047,35415,0,1619,3795,1600,1000,0,1619,3795,954,0
460000,0,0,0,-1,-1,-2,120430,123150,0,6261,0,0,6000,0,6261,0,0,0,0
460000,0,0,0,0,-1,0,21333,16560,12570,19403,10063,8628,4560,2500,9456,10063,0,0,0
460000,0,0,0,0,0,0,45358,42991,45848,50875,56479,50889,2613,7021,10019,10051,10046,5016,0
460000,0,0,0,0,0,0,89747,89175,102350,134878,162715,203451,5000,15000,35000,30000,43451,20000,0
460000,0,0,0,0,0,0,235388,213905,217909,195811,199712,203895,8000,7500,7100,7100,7342,8000,0
460000,0,0,0,0,0,0,290372,287696,197014,179698,167727,136894,15495,10089,8077,6184,8047,6035,0
460000,0,0,0,0,0,0,293429,295998,295807,291616,289529,289449,13200,14000,11500,10500,10500,10000,0
460000,0,0,0,0,0,0,321987,318546,316330,325874,325857,327232,12000,12850,16700,11200,12000,11080,0
460000,0,0,0,0,0,0,396155,367501,257836,388058,324478,313547,15299,7524,324097,12039,12006,12272,0
460000,0,0,0,0,0,0,460609,427584,373370,285926,264644,247298,18138,15481,10000,9072,8945,8567,0
460000,0,0,0,0,0,0,581319,552144,523423,493548,429966,427216,19141,19141,20141,14642,31549,15522,1
460000,0,0,2,0,0,0,4533,9023,8317,12338,12744,12397,5002,1,5002,1001,3,733,0
460000,2,0,0,0,0,0,7121,7953,8642,9151,9702,9752,1273,1288,1123,1000,502,3000,0
460000,3,2,2,3,3,3,2650,2650,2650,2650,2650,2650,0,0,0,0,0,200,1
470000,-2,-1,-1,-2,-1,-1,1689,499,350,2277,41523,2175,499,350,2277,41523,2175,6351,1
470000,-1,-1,-1,-1,0,0,19419,11006,15171,27319,31029,19211,11070,15202,27329,30203,33,16506,0
470000,0,0,0,0,-1,0,152478,62084,54551,14363,97440,90717,3001,4005,2021,97441,5001,5001,1
470000,0,0,0,0,0,0,43353,47682,46429,43405,42796,44171,5000,2600,1500,1500,2000,1500,0
470000,0,0,0,0,0,0,57566,55340,43455,33039,18638,14202,5344,3457,1520,1659,2208,75938,0
470000,0,0,0,0,0,0,64875,57920,59307,61500,59563,57368,2505,3000,3016,2200,3000,1600,0
470000,0,0,0,0,0,0,78833,80562,82718,85334,87948,90479,3000,3500,4000,4000,4000,4200,0
470000,0,0,0,0,0,0,83852,85008,83882,66207,65549,60805,3477,4100,2022,2100,2156,1740,0
470000,0,0,0,0,0,0,165254,157784,162702,69923,29271,29889,6400,7566,3000,960,1000,3000,0
470000,0,0,0,0,0,0,169260,161760,154424,147137,138240,125866,6600,6170,5100,4726,4555,4375,0
470000,0,0,0,0,0,0,170812,172332,177566,182074,183417,185608,6500,8000,9000,7000,8000,8000,1
470000,0,0,0,0,0,0,216031,203735,181531,52119,48386,35425,7513,5552,1781,3021,3008,3015,0
470000,0,0,0,0,0,0,218675,225519,230011,234639,239502,244328,8717,8000,6671,6882,6960,8751,0
470000,0,0,0,0,0,0,219081,285141,408974,361703,318251,310982,70000,140000,13000,11000,20000,8000,0
470000,0,0,0,0,0,0,247503,245552,238161,240607,230142,198171,9024,10400,10000,25000,8000,8000,0
480000,-2,-2,-2,-2,-2,-2,0,8389,6375,1114,0,0,8389,6375,1114,0,0,0,0
480000,-2,-2,-2,-2,-2,-2,1087,188,257,1697,188,22507,188,257,1697,188,22507,370,0
480000,-2,-2,-2,-2,-2,-2,14867,26665,199960,9033,19371,22593,26734,199982,9033,19371,22593,2000,0
480000,-2,-2,-2,-2,-2,-2,17189,6013,1717,1385,0,0,6026,1717,1390,0,0,2300,0
480000,-2,-1,-1,-1,-1,-1,21149,1729,20468,-16,3109,18216,1743,20690,0,3125,18307,524,0
480000,-1,-1,-1,-1,-1,-1,634,144,213,2133,3086,0,144,213,2133,3086,0,930,0
480000,-1,-1,-1,-1,-1,-1,1309,662,645,32636,27552,1428,668,645,32641,27552,1428,11822,0
480000,-1,-1,-1,-1,-1,-1,3655,38022,5785,9233,4893,2168,38024,5785,9233,4893,2168,3625,0
480000,-1,-1,-1,-1,-1,-1,5269,2217,9731,9272,2718,1498,2217,9731,9272,2718,1498,1138,0
480000,-1,-1,-1,-1,0,0,10668,-2,454,150198,143388,157758,0,456,150244,2915,24550,100,0
480000,-1,-1,-1,0,-1,-1,19810,3478,7782,4720,4440,96628,3495,8037,4523,4462,96665,6865,0
480000,-1,-1,0,0,0,-1,57732,55379,71063,60155,66078,64958,55614,47003,30171,40282,115224,12973,0
480000,-1,0,-1,-1,-1,-1,17976,10928,650,1597,3750,9429,1008,650,1597,3750,9429,1000,0
480000,-1,0,0,-1,-1,-1,19311,13368,7000,7331,7000,7000,1368,1000,7331,7000,7000,7000,0
480000,0,0,0,-1,-1,-1,76750,103618,127402,7302,5155,10492,30000,30000,9398,5155,4101,14254,0
480000,0,0,0,0,0,0,20824,21960,20885,19949,23031,27176,5004,5000,795,5000,5000,10000,0
480000,0,0,0,0,0,0,29414,33482,37501,41399,35489,33081,5002,5002,5031,1006,986,986,0
480000,0,0,0,0,0,0,55346,58411,58883,59452,61168,56931,4000,3000,3000,3000,3000,3000,0
480000,0,0,0,0,0,0,90258,76099,56776,37484,37906,18387,30000,1708,1292,1010,772,705,0
480000,0,0,0,0,0,0,118986,62137,79556,97836,96299,88757,30000,30276,30000,30000,15000,15000,0
480000,0,0,0,0,0,0,350110,316685,312615,316685,302248,311651,14082,15023,15098,10008,15045,20164,0
480000,0,0,0,0,0,0,376186,389822,401982,410694,407436,407809,20000,18000,15000,15000,14000,13000,0
480000,0,0,0,0,0,0,489305,479927,471639,375196,285319,209218,18231,20010,13013,11209,9010,162510,1
480000,0,0,0,0,0,2,277803,287770,296399,314867,331653,324093,16000,15000,25000,22000,5000,10000,0
490000,-2,-2,-2,-2,-2,-2,0,0,0,0,163,1256,0,0,0,163,1256,1000,0
490000,-1,-1,-1,-1,-1,-1,396,396,361,7530,396,396,396,361,7600,396,396,396,0
490000,-1,-1,-1,-1,-1,-1,9763,7059,5606,3136,3353,12336,7059,6000,3136,3353,12336,1493,1
490000,-1,-1,-1,-1,-1,-1,19107,10190,10149,76760,8879,16705,10238,10191,77163,8921,16786,27662,0
490000,-1,-1,-1,-1,-1,-1,25916,14187,56573,81414,62063,14122,14187,56717,81414,62063,14122,25417,0
490000,-1,-1,-1,0,-1,-1,15838,11356,25409,15926,8604,8941,11404,25458,86,8711,5034,1345,0
490000,0,0,0,0,0,0,79712,81707,85703,87725,88727,91483,3000,5000,4000,3000,4000,5000,0
490000,0,0,0,0,0,0,95997,98047,100412,102736,105083,107334,3600,4000,4000,4000,4000,4000,0
490000,0,0,0,0,0,0,250970,255009,248203,101770,63192,64720,10000,11547,4600,2000,2000,2000,0
490000,0,0,0,0,0,0,345075,354273,57454,59860,29377,30478,10000,4000,3500,978,1500,3500,0
490000,0,0,0,0,0,0,354782,348786,349958,340602,303047,331606,17035,20059,12943,15049,50017,20021,0
490000,0,0,0,0,0,0,470579,482733,492718,282450,287363,272578,19469,20000,12000,11000,10000,10000,0
490000,1,-2,-1,2,0,0,-16,-16,5498,282,28688,26302,0,7504,0,28606,0,2499,1
490000,1,2,0,0,0,0,230090,224913,227998,217660,194641,199344,0,12000,12000,8000,8000,8000,0
500000,-2,-2,-2,-2,-2,-2,0,0,973,229,3330,7980,0,973,229,3330,7980,538,1
500000,-2,-2,-2,-2,-2,-2,0,0,1742,27291,0,0,0,1742,27291,0,0,6386,0
500000,-2,-2,-2,-2,-2,-2,0,1275,0,0,1300,0,1275,0,0,1300,0,0,0
500000,-2,-2,-2,-2,-2,-2,0,2326,1164,0,0,0,2326,1164,0,0,0,28666,1
500000,-2,-2,-2,-2,-2,-2,0,3270,30760,143791,-200,-200,3270,30760,143791,0,0,0,0
500000,-2,-2,-2,-2,-2,-2,363,2089,4822,48741,92978,0,2089,4822,48741,92978,0,39037,0
500000,-2,-2,-2,-2,-2,-2,4419,2584,4524,3518,2208,2550,2584,4524,3518,2208,2550,5953,0
500000,-2,-2,-2,-2,-2,-2,5925,11175,21176,5086,9552,14389,11194,21193,5094,9563,14403,5233,0
500000,-2,-2,-2,-2,-2,-2,6887,2926,2546,5495,180,-486,2940,2569,6360,3,0,3012,0
500000,-2,-2,-2,-2,-2,-2,8864,1462,18653,45391,1460,580,1462,18661,45402,1460,580,1588,0
500000,-2,-2,-2,-2,-2,-2,9534,9164,9285,20348,10893,9697,9267,9961,20390,10925,9718,13021,0
500000,-2,-2,-2,-2,-2,-2,10330,12320,12209,16727,17738,14117,12320,12209,16727,17744,14117,11691,0
500000,-2,-2,-2,-2,-2,-2,10361,263,8050,8234,835,87878,263,8050,8234,835,87878,5000,0
500000,-2,-2,-2,-2,-2,-2,12871,5177,4199,7507,4696,58292,5177,4199,7507,4696,58292,36000,0
500000,-2,-2,-2,-2,-2,-2,27866,1062,27610,18133,2506,169233,1062,27648,25012,2506,169233,11952,0
500000,-2,-2,-2,-2,-2,-2,97832,47708,131063,131508,182843,10790,27369,135784,15000,75550,216,27183,0
500000,-2,-2,-2,-2,-1,0,0,0,0,218,11959,13692,0,0,218,11959,2000,403,0
500000,-2,-2,-2,-1,2,-1,17155,0,0,1116,969,6745,0,0,1116,3,6745,5003,0
500000,-2,-2,-1,-1,-2,-2,1078,5543,500,617,617,617,5562,810,617,0,0,28572,0
500000,-2,-1,-1,0,0,0,77009,92353,223085,278999,207007,66516,94064,223792,85184,4803,1189,222429,0
500000,-2,-1,0,0,-2,-2,11058,18578,84087,50058,35036,4757,18641,75207,5100,5089,118,1647,0
500000,-2,-1,0,0,0,-1,71921,367979,294969,189612,128459,167105,368199,6486,234,90,167116,372495,0
500000,-2,-1,0,0,0,0,5157,77667,94159,95209,97952,202991,77677,20000,3500,4371,107500,0,0
500000,-2,-1,0,0,0,0,11086,22919,35937,31227,21135,2632,23008,20046,5075,5103,2646,20642,0
500000,-1,-1,-1,-2,-2,-1,10678,6914,813,17280,26162,2518,6944,813,17280,26162,2534,2553,0
500000,-1,-1,-1,-1,-1,-2,249,2655,249,99,-150,-150,2655,249,99,150,0,0,0
500000,-1,-1,-1,-1,-1,-1,339,2744,4402,339,339,339,2744,4402,339,339,339,0,0
500000,-1,-1,-1,-1,-1,-1,1110,1110,1416,1416,1416,1416,1110,1416,1416,1416,1416,5723,0
500000,-1,-1,-1,-1,-1,-1,1200,5652,271,1234,1015,3579,5652,271,1234,1015,3579,2053,0
500000,-1,-1,-1,-1,-1,-1,2345,3595,1537,360,0,785,3595,1537,363,0,785,0,1
500000,-1,-1,-1,-1,-1,-1,3290,10881,2517,2957,889,40855,11000,2517,2957,1000,41000,170,1
500000,-1,-1,-1,-1,-1,-1,3933,5924,39167,4683,7222,35746,5954,39373,4706,7259,35924,5750,0
500000,-1,-1,-1,-1,-1,-1,4007,9933,14557,53328,58052,37435,10021,14576,53850,58332,37616,46591,0
500000,-1,-1,-1,-1,-1,-1,5307,6583,5650,4472,67798,65653,6616,5678,4495,67969,65814,38464,1
500000,-1,-1,-1,-1,-1,-1,6723,17385,32046,32530,18896,17049,17410,32077,32579,18914,17069,16738,0
500000,-1,-1,-1,-1,-1,-1,7789,9656,7477,8370,8890,6424,9666,7488,8370,8890,6424,21032,0
500000,-1,-1,-1,-1,-1,-1,9511,1468,3766,580,8120,1821,1468,3766,580,8120,1821,979,0
500000,-1,-1,-1,-1,-1,-1,10147,7358,11727,10850,9061,13017,7395,11807,10904,9106,13081,7063,0
500000,-1,-1,-1,-1,-1,-1,10935,4079,3943,3338,1224,31022,4081,4283,3338,1224,31022,1088,0
500000,-1,-1,-1,-1,-1,-1,14817,2480,122750,4599,10094,43150,3904,123000,10052,10105,43168,16915,0
500000,-1,-1,-1,-1,-1,-1,18033,8783,13202,16546,12585,14287,8783,13357,16600,12585,14287,25793,0
500000,-1,-1,-1,-1,-1,-1,22981,97007,32109,56370,36918,35017,97345,32189,56436,36918,35017,23547,0
500000,-1,-1,-1,-1,-1,-1,28352,35294,74846,37985,33050,22185,35465,75212,38169,33209,22289,22289,0
500000,-1,-1,-1,-1,-1,-1,29178,26963,33166,48858,66050,43769,26963,33169,48858,66050,43769,37509,0
500000,-1,-1,-1,-1,-1,-1,36954,-24704,22999,18339,-3876,15586,0,83000,0,0,20000,18000,0
500000,-1,-1,-1,-1,-1,-1,37875,150573,32413,193427,21978,38102,162003,32611,200967,22074,38272,3491,0
500000,-1,-1,-1,-1,-1,-1,102690,15518,18909,31449,8253,25707,15599,19001,31603,8289,25832,2357,0
500000,-1,-1,-1,-1,-1,-1,150758,62931,21296,19897,4460,4195,63256,21408,19996,4482,4212,16748,0
500000,-1,-1,-1,-1,-1,0,1302,5230,3373,14071,2915,157,5308,3527,14133,2928,2,343,1
500000,-1,-1,-1,-1,-1,0,1419,1293,1111,1175,3162,1638,1293,1111,1175,3162,33,2000,0
500000,-1,-1,-1,-1,-1,0,6694,17470,15091,1587,61385,56252,17470,15091,1587,61385,0,56733,1
500000,-1,-1,-1,-1,-1,0,10789,7855,17481,12021,132906,122256,7919,17512,12021,132906,0,37380,0
500000,-1,-1,-1,-1,0,-1,2450,11833,22963,7086,5453,1486,11833,22963,7086,0,1486,7570,0
500000,-1,-1,-1,-1,0,-1,6178,825,2122,34159,3340,24752,829,2133,34313,17,24875,839,0
500000,-1,-1,-1,-1,0,0,1025,1691,1316,4941,8539,3842,2000,1316,5000,5000,2000,1223,0
500000,-1,-1,-1,-1,0,0,4168,19169,22893,52002,16521,-38,19169,22893,53198,0,0,12000,0
500000,-1,-1,-1,-1,0,0,5353,5739,5578,57722,55468,55026,6081,5588,58476,1910,1974,2254,0
500000,-1,-1,-1,-1,0,0,9609,5609,967,16638,15721,17349,5637,972,16671,5749,7376,10723,0
500000,-1,-1,-1,0,-1,-1,290,5640,52858,151479,29343,2355,5692,52858,100756,29488,2365,8762,0
500000,-1,-1,-1,0,-1,-1,367,15272,12925,75667,67609,71946,16652,76146,67697,67609,71946,14000,0
500000,-1,-1,-1,0,0,-1,1089,58665,168052,254571,59587,13398,58665,170119,156000,2000,13398,527143,0
500000,-1,-1,-1,0,0,0,396,1043,19230,116696,194483,195454,1043,19230,100062,94503,10000,40000,0
500000,-1,-1,-1,0,0,0,24170,8051,77908,50297,43679,49749,8091,78192,65,33766,37945,37947,0
500000,-1,-1,-1,0,0,0,46178,56570,117102,159284,112078,136341,57498,120899,101500,30418,80668,50384,0
500000,-1,-1,-1,2,0,-1,154085,4373,65539,62450,36039,2300,4373,62450,0,500,2300,211192,0
500000,-1,-1,0,0,0,-1,301,11057,58508,57855,134,11421,11063,49019,134,0,11421,0,0
500000,-1,0,-1,-1,-1,2,17749,22130,42532,-118,67910,54976,10106,42744,0,68445,42,1232,0
500000,-1,0,0,0,-1,-1,1092,5227,5453,5540,6263,1831,4303,1096,1020,6315,1833,9649,0
500000,-1,0,0,0,-1,-1,27181,12525,7218,2183,6371,5208,7254,2208,11,6402,5234,2899,0
500000,-1,0,0,0,-1,-1,27318,46364,30327,16314,1151,3074,40019,16107,3325,1151,3074,4984,0
500000,-1,0,0,0,0,0,30252,47506,28171,26498,45212,35223,38009,28005,22000,33000,22000,10000,0
500000,-1,0,0,0,0,0,218570,218978,218778,236377,225650,15233,18978,18778,36377,10650,15233,0,0
500000,-1,2,-1,-1,-1,0,600,300,501,300,600,450,0,501,300,600,300,600,0
500000,0,-1,-1,-1,-1,0,16179,1520,2031,2593,45858,161299,2029,5262,3023,45868,130586,5024,0
500000,0,-1,-1,0,0,0,9894,1500,14148,28190,7423,3588,1500,14148,20000,0,0,1715,0
500000,0,-1,-1,0,0,0,76440,1397,56449,55121,54797,19732,1397,56449,1515,1426,747,1476,0
500000,0,-1,-1,0,0,2,12943,4814,18365,8728,28521,27920,5025,18571,5000,20000,0,5000,0
500000,0,-1,0,0,0,-1,18436,2574,1390,3186,1649,2507,3001,1320,2007,1651,2517,4180,0
500000,0,0,-1,-1,-2,-1,3715,2862,827,-4571,-4954,1566,2013,1044,163,5,8007,1282,0
500000,0,0,-1,0,0,-1,8371,8759,5574,10403,2293,2702,1015,5584,6348,46,2702,4648,0
500000,0,0,-1,0,0,0,19543,21788,19323,33146,39741,53516,5110,19623,15000,7000,14122,20000,0
500000,0,0,0,-1,-1,0,94585,61111,24801,6288,166251,162785,2659,2090,6333,178460,5506,6205,0
500000,0,0,0,-1,0,0,59372,49677,49515,42568,48268,51481,10026,7241,50091,25000,5078,2132,0
500000,0,0,0,0,-2,-1,21368,21094,12675,5803,5841,2227,4066,5004,28,2033,3130,94593,0
500000,0,0,0,0,-1,-1,20614,18050,15341,15985,1147,5492,5001,3007,8000,1147,5492,3000,0
500000,0,0,0,0,-1,-1,139255,52757,24273,9508,23294,2235,2040,1292,9555,23310,2244,2156,0
500000,0,0,0,0,-1,0,49201,59372,49677,49515,42568,48268,30107,10026,7241,50091,25000,5078,0
500000,0,0,0,0,0,-1,48415,50588,32091,19615,23084,4528,15021,1408,392,7000,4528,22021,0
500000,0,0,0,0,0,0,5322,5920,6061,7289,8313,6490,1125,1280,1791,1528,1512,1370,0
500000,0,0,0,0,0,0,16347,20496,14509,16910,10854,16809,17029,8014,14030,7012,16016,14004,0
500000,0,0,0,0,0,0,26102,33012,56116,31924,33255,27668,33009,50018,30023,30013,18019,40018,0
500000,0,0,0,0,0,0,28498,26117,29717,36485,6174,7148,5000,5000,8006,2,2021,7726,0
500000,0,0,0,0,0,0,30376,32715,60927,76088,110294,108964,15000,30007,30000,50000,5000,5000,0
500000,0,0,0,0,0,0,32715,60927,76088,110294,108964,103548,30007,30000,50000,5000,5000,30000,0
500000,0,0,0,0,0,0,39345,40382,40740,16316,10705,-42,2014,4135,3256,53,0,36368,0
500000,0,0,0,0,0,0,47399,48711,48642,49062,149034,181876,2361,1500,1128,100330,100486,2114,0
500000,0,0,0,0,0,0,56422,110616,110340,122967,108834,70064,70010,30357,30000,20000,52183,20000,0
500000,0,0,0,0,0,0,59646,49412,48060,51132,49348,40652,43018,3030,10022,3064,3022,2018,0
500000,0,0,0,0,0,0,62053,46888,50783,53204,56946,58394,75840,5000,5012,10000,5000,10000,0
500000,0,0,0,0,0,0,62112,60246,74832,126778,82611,71338,20025,40000,85000,139,20000,29761,0
500000,0,0,0,0,0,0,73798,74781,75559,76426,56197,42998,4794,5560,2426,3521,1641,913,0
500000,0,0,0,0,0,0,74213,74890,74767,74383,74251,61124,4006,4002,3002,3018,3352,3018,0
500000,0,0,0,0,0,0,77257,73089,81210,88888,107072,115264,10000,10000,10000,20000,10000,0,0
500000,0,0,0,0,0,0,80630,80112,81726,74297,66132,67695,3000,3006,2600,3000,2600,2800,0
500000,0,0,0,0,0,0,113466,116857,116402,95244,68182,60153,12197,15263,4672,0,1296,54,0
500000,0,0,0,0,0,0,134503,114682,124240,131006,137911,119343,20031,20029,20058,20127,10000,10027,0
500000,0,0,0,0,0,0,135634,135796,133712,136069,67837,69514,5034,6000,5355,3500,2513,5000,0
500000,0,0,0,0,0,0,193136,186610,180153,173454,166546,159651,6610,6480,6230,5900,5720,5420,0
500000,0,0,0,0,0,0,196931,138247,96888,16476,12534,394163,5188,3417,3000,1276,388071,11700,0
500000,0,0,0,0,0,0,197004,202740,203537,167013,169395,171648,20000,15000,15000,15000,15000,15000,0
500000,0,0,0,0,0,0,207237,224007,275615,220088,216482,136086,20001,30168,6022,6375,5005,5000,0
500000,0,0,0,0,0,0,207406,207479,211508,223660,228014,223940,15000,10000,23660,20000,13940,26542,0
500000,0,0,0,0,0,0,224387,165727,119760,72506,60548,57212,10100,7041,4123,5039,5071,3548,0
500000,0,0,0,0,0,0,242546,184601,189136,172674,20253,29576,7000,8000,9000,791,10000,7000,0
500000,0,0,0,0,0,0,251931,301458,234316,199360,163408,186618,101458,10009,20071,20000,35565,18000,0
500000,0,0,0,0,0,0,257603,217964,171462,99495,168313,233306,10234,10753,20134,110167,105000,20018,0
500000,0,0,0,0,0,0,260991,214726,230250,188805,192229,2786,7890,20132,20004,7714,3000,1543,0
500000,0,0,0,0,0,0,261502,286708,311641,326298,270968,315889,30000,30000,20507,50000,50047,20413,0
500000,0,0,0,0,0,0,298809,304686,307591,312314,318647,325369,12475,12650,11354,11545,12000,11000,1
500000,0,0,0,0,0,0,455042,364288,261185,215575,174736,118438,12564,10000,6476,5489,5000,5000,0
500000,0,0,0,0,2,0,33763,43081,44277,46605,35766,26175,10000,2200,3500,0,1100,800,0
500000,0,0,2,0,0,0,390393,374105,467911,355531,587067,323821,26085,13566,18975,11096,35204,10121,0
500000,0,0,2,0,0,0,474934,507062,491956,430637,376657,356636,40024,325,15296,12137,12312,14113,0
500000,0,0,2,2,-1,2,62289,63485,2015,-121,679,529,2608,0,0,800,0,1500,0
500000,0,0,2,2,0,0,20544,25756,26176,18124,8133,4051,5835,1055,23,9,20,15099,0
500000,1,-2,-2,-2,-2,-2,0,0,0,0,0,0,0,0,0,0,0,0,1
500000,1,-2,-2,-2,-2,-2,0,0,0,0,0,0,0,0,0,0,0,0,1
500000,1,-2,-2,-2,-2,-2,0,0,0,0,0,0,0,0,0,0,0,0,0
500000,1,-2,-2,-2,-2,-2,0,0,0,0,0,0,0,0,0,0,0,0,1
500000,1,-2,-2,-2,-2,-2,0,0,0,0,0,0,0,0,0,0,0,0,1
500000,1,-2,-2,-2,-2,-2,0,0,0,0,0,0,0,0,0,0,0,0,1
500000,1,-2,-2,-2,-2,-2,0,0,0,0,0,0,0,0,0,0,0,0,0
500000,1,-2,-2,-2,-2,-2,0,0,0,0,0,0,0,0,0,0,0,0,1
500000,1,-2,-2,-2,-2,-2,0,0,0,0,0,0,0,0,0,0,0,0,0
500000,1,-2,-2,-2,-2,-2,0,0,0,0,0,0,0,0,0,0,0,0,0
500000,1,-2,-2,-2,-2,-2,0,0,0,0,0,0,0,0,0,0,0,0,0
500000,1,-2,-1,-1,0,0,-471,-471,157,20697,23906,23906,0,785,20697,3766,0,2040,0
500000,1,-2,-1,0,0,0,0,0,399,35528,10389,0,0,399,35129,0,0,1307,0
500000,1,-1,-1,-1,-2,-2,0,1376,3719,-200,-200,-200,1376,3723,1319,0,0,0,1
500000,1,-1,-1,-1,-1,-1,0,1200,163,1131,150,165,1200,163,1142,150,165,8530,0
500000,1,-1,-1,-1,-1,0,0,2529,2971,184,64356,33348,2529,2971,200,38144,0,8479,0
500000,1,-1,0,-1,0,0,-1,33982,37844,9441,12700,19267,35436,37311,9442,5001,10001,95478,1
500000,1,-1,2,-1,-1,-1,17144,2447,1221,1157,1133,2107,3678,6,1162,1133,1010,5,0
500000,1,2,2,0,0,0,231300,235865,230713,235401,238828,243477,9838,0,10018,8845,8800,9000,0
500000,2,0,0,0,0,0,564757,572834,430774,437950,447203,456453,19850,17200,15853,17000,17000,15740,1
500000,2,0,0,2,0,0,98541,102052,111690,78070,78376,80912,6000,13151,0,3000,5000,10000,1
500000,2,0,0,2,2,2,15776,17467,120972,117088,121283,117583,3004,106000,0,8008,78,10549,1
500000,2,2,-2,-2,-2,-2,2500,0,0,0,0,0,0,0,0,0,0,0,1
510000,0,0,0,0,0,0,63573,62933,62320,61012,60519,58856,2900,3000,2400,2500,1800,1900,0
510000,0,0,0,0,0,0,78331,99414,107686,103776,87265,36739,40010,20094,5000,5001,25365,65000,0
510000,0,0,0,0,0,0,95589,35224,37361,39437,40292,41153,2000,2700,2700,1500,1500,10000,0
510000,0,0,2,0,0,0,181733,192903,181801,178179,223100,216225,17000,0,6508,50000,7000,6000,0
520000,-2,-2,-2,-2,-2,-2,76762,107039,19046,7359,16336,20040,107124,19058,7387,16475,20040,98205,0
520000,-2,-2,-1,0,0,0,7322,2728,385425,387189,395445,402289,2728,415552,14000,14005,14000,15200,0
520000,0,0,0,0,0,0,9568,8211,6850,13178,17059,17528,5014,5010,13009,10035,10007,5025,0
520000,0,0,0,0,0,0,60912,56728,55758,57911,54152,43108,7000,5000,5004,5000,5000,5031,0
520000,0,0,0,0,0,0,464541,388685,280101,184081,108330,89199,15521,10423,7215,4012,3017,3028,0
520000,0,0,0,0,0,0,485298,499489,413019,168770,168964,191188,22000,18300,26500,30000,27000,25000,1
520000,0,0,0,0,0,0,653062,671563,689627,706864,383160,294641,28500,30500,30000,15000,15000,0,0
530000,-2,-2,-2,-2,-2,-2,6458,5598,36532,3288,1415,448,5600,36532,3293,1415,448,1687,0
540000,-1,-1,-1,-1,-1,-1,1784,892,946,946,946,946,892,1000,946,946,946,946,0
550000,-2,-2,-2,-2,-2,-2,21788,0,1091,2291,1000,150,0,1091,2309,1000,150,750,0
550000,-1,-1,-1,-1,-1,-2,42141,1515,1488,18334,-114,-114,1522,1495,18426,0,0,22670,1
550000,0,0,0,0,0,0,201417,205430,209720,214030,218096,210264,7110,7353,7534,7385,7253,15000,0
550000,0,0,0,0,0,0,336722,276725,260932,267917,217738,167245,11007,10507,13035,9511,6114,6207,0
560000,-2,-2,-2,-2,-2,-2,2740,2740,2740,2740,1703,27802,2740,2740,2740,1703,27802,1500,0
580000,-2,-2,-1,0,-1,0,9238,0,1758,2886,3733,3040,0,1758,2014,3793,7,2138,0
600000,-2,-2,-2,-2,-2,-2,-1,-1,1095,899,598,-2,0,1096,4,601,0,492,0
600000,0,0,0,0,0,0,95286,78404,147559,323129,310042,311840,10448,85113,217035,11032,15019,10033,0
600000,0,0,0,0,0,0,372396,416438,459749,455910,463611,466570,50000,50000,15000,20000,15000,7000,0
610000,0,-1,2,-1,-1,-1,348392,322228,319014,347303,248893,269528,323014,1605,349395,250144,271099,220076,0
610000,0,0,0,0,0,0,50724,8723,6245,7089,8059,8666,2134,1210,2000,2000,1666,1500,0
610000,0,0,0,0,0,0,389335,388150,392776,399343,402432,409912,14117,14100,14144,17100,17500,3600,0
620000,0,0,0,0,0,0,75509,65572,59306,60479,61467,63159,3500,2500,2500,2300,3000,2500,0
640000,0,0,0,0,0,0,55645,56656,60185,59218,58963,58992,3000,5000,2300,2128,2125,2222,0
640000,0,0,0,0,0,0,116714,77893,60259,40539,26432,5018,4000,4000,2003,7202,5314,3535,0
640000,0,0,0,0,0,0,192325,68891,71564,32968,37541,42064,4000,4000,3000,5000,5000,3000,0
650000,1,-1,-1,-1,0,0,21289,518,216,2482,5178,5506,3000,1000,2500,3500,4000,3000,0
660000,0,0,0,0,0,0,495736,390258,349361,331565,329604,322581,13393,12113,12004,12008,11503,12019,0
690000,0,0,0,0,0,-1,390757,397292,390166,360568,331674,160287,14724,19118,7415,20348,160671,91323,0
700000,-2,-2,-2,-2,-2,-2,3528,2018,2131,5746,733,2913,2024,2131,5750,733,2917,2131,0
700000,-2,-2,-2,-2,-2,-2,3609,6109,5810,7684,168,5836,6168,7105,7721,168,5836,52924,0
700000,-1,0,-1,0,0,0,8277,18282,130130,105055,70896,41509,17599,130370,3381,145,4639,12235,0
700000,0,0,0,0,0,0,16262,12219,9861,6384,5126,2680,2192,2015,1005,1009,1000,1000,0
710000,0,0,0,0,0,0,28585,31719,34854,35774,35524,35047,3561,3696,1616,3024,5011,2011,0
730000,0,0,0,0,-1,0,70309,61991,49082,26873,514114,499100,20000,14023,9035,528897,22005,15000,0
750000,-1,-1,-1,-2,-1,-1,72495,99628,74635,63749,85067,83208,99664,74640,63758,85072,83215,124063,0
750000,1,-1,-1,0,0,-1,9500,9655,401003,399493,400993,409483,250000,401003,7990,11000,417990,3080,0
800000,-2,-2,-2,-1,-1,-1,6229,4636,3810,6193,1957,3175,4644,3832,6219,1961,3183,27201,0
800000,-1,-1,-1,0,0,-1,7639,5552,64535,40814,12590,9339,11145,64657,131,247,9366,63482,0
